qr_id,batch_id,drug_id,drug_name,qr_hash,qr_version,generated_date,generated_by,expiry_date,scan_count,last_scan_date,last_scan_location,last_scan_device,verified_count,failed_verify_count,verification_rate_pct,blockchain_anchor,qr_status,tamper_detected,url_embedded
QR000001,BAT000001,DRG0001,Amoxicillin 500mg,79ca2f615e149e1e558003c7c7a7f184de019b4905c38a1eb40e042d3be20806,v2,10-04-2026,Dr Reddy's Laboratories,13-07-2026,86,22-04-2026 12:22,Sterling Hospital Ahmedabad,Scanner,81,5,94.2,0xc23c92c2fd692eebfcfdbe290ddaa9301c9f7d7f2496d179d98729d944dcf6,Active,No,https://verify.pharma.in/qr/79ca2f615e149e1e
QR000002,BAT000002,DRG0002,Azithromycin 250mg,36d4d2b3d8bdd77bca6d7dcbb16ee133f659787f227f9387d38ae393de915cb1,v2,18-07-2025,Cadila Healthcare,05-10-2029,50,13-05-2026 17:03,Manipal Hospital Bengaluru,Scanner,48,2,96.0,0x59aa774ff9f3d350700fdaf12e0f79a75c7b964676c7a7635ac34a57cb1bce,Active,No,https://verify.pharma.in/qr/36d4d2b3d8bdd77b
QR000003,BAT000003,DRG0003,Ciprofloxacin 500mg,c24eca8454771190386ccdc107c4d764b2b2901bf29f661a407693aaed5de480,v2,06-08-2025,IPCA Laboratories,12-02-2027,398,14-05-2026 01:00,PGIMER Chandigarh,Mobile,354,44,88.9,0xd47c9b6db529075d15e9ac25e6e771644ffb5df6ca90265f85bf13658e6ef5,Active,No,https://verify.pharma.in/qr/c24eca8454771190
QR000004,BAT000004,DRG0004,Metronidazole 400mg,f09a26e6c4d1e1584afc5904e672e723c93d28af456218d94a6eaf20e2d9c23f,v2,03-04-2025,Serum Institute of India,11-08-2026,412,30-04-2026 16:56,AMRI Hospital Kolkata,Mobile,354,58,85.9,0xf0988e98236ab476020b9fb7fe28165d46221221e528fe7023e410d449338c,Active,No,https://verify.pharma.in/qr/f09a26e6c4d1e158
QR000005,BAT000005,DRG0005,Ceftriaxone 1g Inj,8576c5c76133c32b98ccb46100b59c1eda6679d25f9d95adbf5b766a2b749ed4,v2,10-01-2025,Sun Pharmaceutical Industries,10-01-2030,394,09-05-2026 05:10,SCB Medical Bhubaneswar,Kiosk,357,37,90.6,0x2b7b1ace645d50ef4ad26b7b4e6bca343208c911ce376db041c1ca0a6306d9,Active,No,https://verify.pharma.in/qr/8576c5c76133c32b
QR000006,BAT000006,DRG0006,Paracetamol 500mg,60bb7d07ecd1f1b6fc1caf9686da848ac7a1229bc45b7581ee20a658b64ce8ba,v2,24-01-2025,Dr Reddy's Laboratories,10-05-2029,1,16-05-2026 02:16,MGM Hospital Chennai,Kiosk,0,1,0.0,0xd688726ff40b1b1edd0871298f37ac50f5cc4ff0749defae6c8fc9daae9ccb,Active,Yes,https://verify.pharma.in/qr/60bb7d07ecd1f1b6
QR000007,BAT000007,DRG0007,Ibuprofen 400mg,15116c34fb99ec7737b8467c10868b95ad6b21ac0f4c5619ff80d263550e946f,v2,12-06-2025,Alkem Laboratories,12-12-2029,188,30-04-2026 15:36,Yashoda Hospital Hyderabad,Kiosk,175,13,93.1,0xf1839c9a50ac9c256a79ff3ef11c48e5f18fd9ca732ef4e579a544513d3d0c,Active,No,https://verify.pharma.in/qr/15116c34fb99ec77
QR000008,BAT000008,DRG0008,Tramadol 50mg,b616e9a499f6553258b232fd7f5be1edadd9a2abddf9844bfe48c55fc8f60827,v2,26-01-2026,Lupin Pharmaceuticals,31-05-2028,173,16-04-2026 03:24,Sterling Hospital Ahmedabad,Web,162,11,93.6,0x7c5da739896bbbac4a926d3a3b9c6dc589e97c9cd24d26e4b4d0667c3cb349,Active,No,https://verify.pharma.in/qr/b616e9a499f65532
QR000009,BAT000009,DRG0009,Morphine 10mg Inj,39d2cc1f63bcf01cb17a6e0794b3a4c650bbad16b6284bdd89d1ab817611411c,v2,31-03-2025,Dr Reddy's Laboratories,26-10-2027,134,22-04-2026 01:13,KGMU Lucknow,Mobile,128,6,95.5,0xde0da487f9af50a308f0b6dedcedec10540ae83e53467ad5c95241b43158da,Active,No,https://verify.pharma.in/qr/39d2cc1f63bcf01c
QR000010,BAT000010,DRG0010,Diclofenac 50mg,22587045e3335af4356c23ec6a454310a9cbae9f0f6eb8d32509e07c8d29a22e,v2,18-05-2025,Abbott Healthcare India,11-01-2030,22,11-05-2026 00:06,MGM Hospital Chennai,Kiosk,20,2,90.9,0x59f417c3856f9587f25319defad03b134e906180dfadb814d5a8f5b0a223c9,Active,No,https://verify.pharma.in/qr/22587045e3335af4
QR000011,BAT000011,DRG0011,Amlodipine 5mg,b529e0aa8f36c3eb0bdd465faeccb0410e802e5d81c126d2e8a0e0e7a640fc5d,v2,18-02-2025,Bharat Biotech,23-05-2027,161,11-05-2026 20:21,AIIMS Delhi,Kiosk,160,1,99.4,0x9c6c4755c578deac976face1d323e304c521cca7348f590bcf3f51465c3d71,Active,No,https://verify.pharma.in/qr/b529e0aa8f36c3eb
QR000012,BAT000012,DRG0012,Losartan 50mg,767a984f6ebcd629ef4803a5114c44f053e58ea5606203da2fd36f53c7608545,v2,21-04-2026,Torrent Pharmaceuticals,24-10-2027,355,15-04-2026 23:55,Apollo Hospital Mumbai,Scanner,307,48,86.5,0x63b443dddfca8b96d29c9ff8da93e17a524f9a97abd5d6eaae6f5edbcfa9ee,Active,No,https://verify.pharma.in/qr/767a984f6ebcd629
QR000013,BAT000013,DRG0013,Atenolol 50mg,600d6bfb7f5f1afc9723224195134c8d9db871f6f741942e5e150a6cae53d31e,v2,05-06-2025,Serum Institute of India,06-11-2027,113,10-05-2026 08:38,SCB Medical Bhubaneswar,Scanner,101,12,89.4,0x6a0640b0990827b761b8d71d4f20f5e0172f23eeb7e2c34dc2ac9a49ff9e46,Active,No,https://verify.pharma.in/qr/600d6bfb7f5f1afc
QR000014,BAT000014,DRG0014,Furosemide 40mg,7bbe503304b062a7b60a42e70bb8e732612569a307983c560aa7d8c98e8607dc,v2,10-03-2025,Cadila Healthcare,23-04-2029,25,13-05-2026 14:51,Ruby Hall Clinic Pune,Scanner,21,4,84.0,0xd2c01019804b94cc403854bd8a05b691ba180b923386b9b021756d5f95ec71,Active,Yes,https://verify.pharma.in/qr/7bbe503304b062a7
QR000015,BAT000015,DRG0015,Ramipril 5mg,03d8045546d477b977ebe498ae573a519cb5299211451f7eade361c1513e8996,v2,25-08-2025,Bharat Biotech,08-01-2030,110,10-05-2026 09:34,Manipal Hospital Bengaluru,Scanner,95,15,86.4,0xe30c23ddf6d111e31b999be7d8c74a24d26f0d32421e0d8de4fffc9402cdda,Active,No,https://verify.pharma.in/qr/03d8045546d477b9
QR000016,BAT000016,DRG0016,Metformin 500mg,7c760267663d45a4b5737897d86de465601157ae4d6042790da011fc2d574629,v2,16-06-2025,Alkem Laboratories,29-03-2027,159,21-04-2026 06:46,Sterling Hospital Ahmedabad,Kiosk,154,5,96.9,0xaa61a4efd9f3d54fc0093988c26712a3fa7090fca8eed477d711b9541e6543,Active,No,https://verify.pharma.in/qr/7c760267663d45a4
QR000017,BAT000017,DRG0017,Glimepiride 2mg,98ecf027d14a1b18fcbf1bbbf90869f1e166c2d2635e8a3f0b8308f595d7e032,v2,08-03-2026,Sun Pharmaceutical Industries,26-12-2026,468,29-04-2026 15:12,Sterling Hospital Ahmedabad,Scanner,400,68,85.5,0xfd8df1f055fa628cddf24c68dbce4d1d1058fed35ecdf5f8886d2134fff48f,Active,No,https://verify.pharma.in/qr/98ecf027d14a1b18
QR000018,BAT000018,DRG0018,Insulin Glargine,4fa021265213dfd5e200ecfc57822a058af35472412efff05f024adeb1562241,v2,30-04-2026,Torrent Pharmaceuticals,02-07-2027,264,11-05-2026 21:50,Manipal Hospital Bengaluru,Scanner,247,17,93.6,0xbc0a4a921481f96af04af37357c4c666f45cbae21d49ddb6683169a13218b1,Active,No,https://verify.pharma.in/qr/4fa021265213dfd5
QR000019,BAT000019,DRG0019,Sitagliptin 100mg,929ee3d62e48f323e65305603e25b5c9427253258d9c2dbb065a60ba77abdfc9,v2,19-02-2026,Novartis India,12-11-2028,164,18-04-2026 22:30,KGMU Lucknow,Kiosk,157,7,95.7,0xed029ed2169062859e8808da205c80bcf2f2bb2155c94e79e09c0e0241b697,Active,No,https://verify.pharma.in/qr/929ee3d62e48f323
QR000020,BAT000020,DRG0020,Empagliflozin 10mg,7dcc2978a60c6efcf24a26652e87c0a0aa7a582bd3538935dd3e326cb29173c0,v2,04-04-2025,Bharat Biotech,02-12-2028,445,11-05-2026 01:48,Manipal Hospital Bengaluru,Kiosk,436,9,98.0,0xed28a91c25ee8eec04e0874f43db684efd61495c633489db5d31b4727a8b47,Active,No,https://verify.pharma.in/qr/7dcc2978a60c6efc
QR000021,BAT000021,DRG0021,Atorvastatin 20mg,35274021f64a0e03cd3515f6a1e8d8027719a54a985b72bf7090b09d830cfa11,v2,28-01-2025,Alkem Laboratories,16-04-2029,176,07-05-2026 01:59,MGM Hospital Chennai,Kiosk,151,25,85.8,0x70507a49b85d02894cce6b5b7747f023c0731d3f5cf214db8fff998258e2e4,Active,No,https://verify.pharma.in/qr/35274021f64a0e03
QR000022,BAT000022,DRG0022,Clopidogrel 75mg,f55a947dec5048334bf49018cb5ee7a1633adcbe2457f6ff9ff183b623b6bd98,v2,01-06-2025,Lupin Pharmaceuticals,27-07-2027,59,30-04-2026 23:57,MGM Hospital Chennai,Scanner,57,2,96.6,0xd02413616576f45cf0f16b78ef7d841c0fd888ec6c8541ec6f87f42d26ab0a,Active,No,https://verify.pharma.in/qr/f55a947dec504833
QR000023,BAT000023,DRG0023,Aspirin 75mg,f026eef68b14b99f7cd631bf61d15c91649b88106e9e9007be0988c69da6c2ba,v2,25-12-2025,Aurobindo Pharma,22-03-2028,57,25-04-2026 06:02,Medanta Hospital Gurugram,Mobile,54,3,94.7,0xb0ce1a4f463445cdc845635b9c7e6903a5a24b41be498e2762814842dbed0d,Active,No,https://verify.pharma.in/qr/f026eef68b14b99f
QR000024,BAT000024,DRG0024,Warfarin 5mg,c6af41fd360ed90ddbf9576e6c3018ba2f15a819fb6e3743b06e15cb4bead01c,v2,27-02-2025,Novartis India,15-04-2027,455,23-04-2026 08:30,AMRI Hospital Kolkata,Mobile,451,4,99.1,0xf5a3ccdeff877ad5b17ce78ed6a04a523558685c92c06fb83af48cfd6965b4,Active,No,https://verify.pharma.in/qr/c6af41fd360ed90d
QR000025,BAT000025,DRG0025,Digoxin 0.25mg,4c08ec96091e0963dfe7876f0d126a87b6b433a21e63fa353343846e3d533f03,v2,17-04-2026,Sun Pharmaceutical Industries,30-08-2029,244,26-04-2026 09:47,Yashoda Hospital Hyderabad,Kiosk,238,6,97.5,0x08e179959eb4c377c037a505d81c523f3e5b28bd6f5b4573fb407be5e53d5c,Active,No,https://verify.pharma.in/qr/4c08ec96091e0963
QR000026,BAT000026,DRG0026,Salbutamol Inhaler,bb57bd356af13b2ad806e259169917681f4e40143fd9f8e7a30e9aba9cfb72d8,v2,03-02-2026,Bharat Biotech,07-03-2027,163,11-05-2026 20:28,Apollo Hospital Mumbai,Web,157,6,96.3,0x07370fc966c304732faccb13ce063f468673572ec775d2849d4e538b150e74,Active,No,https://verify.pharma.in/qr/bb57bd356af13b2a
QR000027,BAT000027,DRG0027,Budesonide Inhaler,f0bbc07bf402afb3c5990136ff748b2bff50ab2463f83fc35fbfe7cce317ca84,v2,18-02-2025,Aurobindo Pharma,15-04-2028,115,19-04-2026 06:32,Civil Hospital Surat,Mobile,98,17,85.2,0x30ed6923e5331d23bff8fa00a6ae3905c069ebaf5cb5e1d71c1cb873c93cb6,Active,No,https://verify.pharma.in/qr/f0bbc07bf402afb3
QR000028,BAT000028,DRG0028,Montelukast 10mg,88235b9f5f541ce26dcd91848dc563cd880c848a27eef49cc3bed97a6df8e826,v2,01-01-2025,Sanofi India,09-05-2027,235,13-05-2026 11:36,Manipal Hospital Bengaluru,Mobile,206,29,87.7,0x8ee76994711cd28d6d67dea5bdb3f8b0f4fb9cd2613becff1b702af02c419c,Active,No,https://verify.pharma.in/qr/88235b9f5f541ce2
QR000029,BAT000029,DRG0029,Tiotropium Inhaler,d4391d08474a6c38ad60335c26587015045bc3f460c5430713cfa8c616b6a699,v2,11-01-2026,Bharat Biotech,28-07-2027,445,12-05-2026 02:54,Ruby Hall Clinic Pune,Scanner,444,1,99.8,0x145fc64a4da5567a8fc61f40adb68078544f63638799ae405a70c62d87b5c0,Active,No,https://verify.pharma.in/qr/d4391d08474a6c38
QR000030,BAT000030,DRG0030,Doxofylline 400mg,5123d4752a6e35ea85a1d8dc8c5bb5a636e09042627b52b9a08220acb33c1d99,v2,13-04-2025,Sun Pharmaceutical Industries,04-01-2028,430,24-04-2026 05:37,SCB Medical Bhubaneswar,Mobile,387,43,90.0,0x309fbdc0be038d2eace5c13e59137bb07b2102128d9f3650dea068ab051816,Active,No,https://verify.pharma.in/qr/5123d4752a6e35ea
QR000031,BAT000031,DRG0031,Omeprazole 20mg,bbf57bcdd7a6cb9b9a3c665594da141bfbf77c0e19f79c3c7e4cc32b1e93a834,v2,04-09-2025,Aurobindo Pharma,01-07-2027,467,24-04-2026 06:13,KEM Hospital Pune,Kiosk,426,41,91.2,0x614b684ba475236e17b8904bd26260ebb6a2d1f72cd083c238bf054d97b322,Active,No,https://verify.pharma.in/qr/bbf57bcdd7a6cb9b
QR000032,BAT000032,DRG0032,Pantoprazole 40mg,ee7dd78ebc7889765687bddaa8dabc49c949794b1d1f73e919c8d7c9ec032058,v2,22-05-2025,Torrent Pharmaceuticals,08-12-2029,134,28-04-2026 14:21,Ruby Hall Clinic Pune,Mobile,123,11,91.8,0x725ff8ca59e593e5454fd1d7291030ce728f3887414c715e6919573b97e575,Active,No,https://verify.pharma.in/qr/ee7dd78ebc788976
QR000033,BAT000033,DRG0033,Ondansetron 4mg,6c44c25e86d8f59e896192338a1429142f8bd7d9ea8ea7e5b3c90a91b6343791,v2,04-01-2026,Novartis India,02-08-2029,240,30-04-2026 00:49,MGM Hospital Chennai,Web,214,26,89.2,0x5c8e9b1fdbc7b779153270e9ba814beb0187b253ad0ca193319080634ee890,Active,No,https://verify.pharma.in/qr/6c44c25e86d8f59e
QR000034,BAT000034,DRG0034,Domperidone 10mg,93ffa878f76ded872f26ac382b1bbe10a5059adda3759b9caeac9d7542be451d,v2,22-12-2025,Sun Pharmaceutical Industries,08-10-2029,269,01-05-2026 04:13,AIIMS Delhi,Scanner,240,29,89.2,0x66c832e164a2901b205e1e73a2eeac4dde56c3fa50639a52cd80b134ed2c81,Active,No,https://verify.pharma.in/qr/93ffa878f76ded87
QR000035,BAT000035,DRG0035,Metoclopramide 10mg,68061713c98c2f3dc4bb4fc7fe22c840baf417600aa65f59be61893d14711101,v2,09-01-2026,AstraZeneca India,10-02-2027,169,22-04-2026 01:02,KEM Hospital Pune,Mobile,164,5,97.0,0x0133e38fae2d90647f1764f52882f94889badf0bf7562531f6b8a24bedfda8,Active,No,https://verify.pharma.in/qr/68061713c98c2f3d
QR000036,BAT000036,DRG0036,Oseltamivir 75mg,8302972ee1b4c031f60d09248fb86921fc64a6605b25fe1a058ef0628a0f810a,v2,01-06-2025,Novartis India,02-02-2028,308,16-04-2026 03:56,SMS Hospital Jaipur,Scanner,295,13,95.8,0x7b5095e964a49fbe7bde9c7078010179a24aa6a061ffc103745e51dea3ba28,Active,No,https://verify.pharma.in/qr/8302972ee1b4c031
QR000037,BAT000037,DRG0037,Acyclovir 400mg,47054bb2ea2abf6cc95b247d0b4eeb9f792439a167e6bd34383637e35f798ef0,v2,28-12-2025,Lupin Pharmaceuticals,02-04-2029,117,29-04-2026 05:01,Ruby Hall Clinic Pune,Kiosk,107,10,91.5,0xb8b26a879f8c3dbd4da47ce55e122cb75554e3e4f82bc410b54c4194f04294,Active,No,https://verify.pharma.in/qr/47054bb2ea2abf6c
QR000038,BAT000038,DRG0038,Tenofovir 300mg,a4383158953022e9d31754a272c9b912da2f5b72985c59ba51a2a941400da367,v2,30-01-2026,Dr Reddy's Laboratories,12-11-2026,25,29-04-2026 23:08,PGIMER Chandigarh,Kiosk,22,3,88.0,0x7802631ce8faa6c659b9bd66a18aa0cd25e79dbba989cadfb8bd45230c08be,Active,No,https://verify.pharma.in/qr/a4383158953022e9
QR000039,BAT000039,DRG0039,Remdesivir 100mg Inj,0d26bf2139c73b2bed07d8178312e4017fa479e2f5a9d47bbd41a9009ac06a40,v2,06-11-2025,Serum Institute of India,30-03-2028,53,30-04-2026 20:38,Yashoda Hospital Hyderabad,Scanner,49,4,92.5,0x6a27d2c483f35e32e960e26b103b2969ae95e9f4fa5ba924fc4c59d6a2d86f,Active,No,https://verify.pharma.in/qr/0d26bf2139c73b2b
QR000040,BAT000040,DRG0040,Valacyclovir 500mg,0cfc16e55161e9a69f0da6389e42c6e4482a378cd71610c97b3d3c8aead2480a,v2,29-08-2025,Novartis India,14-07-2026,118,27-04-2026 07:28,SMS Hospital Jaipur,Web,107,11,90.7,0xdea24d4d9a4cc51e13e497d5bbcd51ee447729a0a645d4f01b0c6f28431e0a,Active,No,https://verify.pharma.in/qr/0cfc16e55161e9a6
QR000041,BAT000041,DRG0041,Fluconazole 150mg,87f007720c64ce404979ffa4d298a4b250b15f36249d60127517196744bca647,v2,24-08-2025,Sanofi India,04-09-2028,1,25-04-2026 14:29,Manipal Hospital Bengaluru,Scanner,0,1,0.0,0x327f2300d41b3cb340b9a9c0d4743c6aba3f4c9eb107c8db1901fb8138c01d,Active,Yes,https://verify.pharma.in/qr/87f007720c64ce40
QR000042,BAT000042,DRG0042,Itraconazole 100mg,cf4fa5c75559cfcfcb090e91c350cc8e27b521f3b4eac0c58efdf708dda0b150,v2,30-01-2025,Pfizer India,16-08-2028,217,20-04-2026 04:03,AIIMS Delhi,Web,206,11,94.9,0xf5804dbb8ef7c56ec17b0574ea382bcab36e759b9f2972439288e8b20403d6,Active,No,https://verify.pharma.in/qr/cf4fa5c75559cfcf
QR000043,BAT000043,DRG0043,Amphotericin B Inj,4d7d3b53ec58d9529e08f44dc4f2cb6d57663db10e20f53885ae44f57aadcb49,v2,14-05-2026,Dr Reddy's Laboratories,14-08-2027,201,15-05-2026 15:47,SMS Hospital Jaipur,Kiosk,185,16,92.0,0x792e0bb68a31859743bfddf3acf31d232430420f59006ab76b26ce4222aa58,Active,No,https://verify.pharma.in/qr/4d7d3b53ec58d952
QR000044,BAT000044,DRG0044,Voriconazole 200mg,3721060ac5c4185e1bc1a6bdb8a6107ad7f3ef91ca25ddf522b87508910b4cb2,v2,20-06-2025,Pfizer India,23-06-2027,320,27-04-2026 07:38,Medanta Hospital Gurugram,Kiosk,307,13,95.9,0x2935238ba60875da77d3084b7ba9cbf886544b6e89cf10e063b64455158681,Active,No,https://verify.pharma.in/qr/3721060ac5c4185e
QR000045,BAT000045,DRG0045,Terbinafine 250mg,ac498f6a584dcc5bba22da4240783d8ec34d933b2111bdf23886366dfc00e482,v2,14-02-2026,AstraZeneca India,15-04-2029,52,28-04-2026 10:55,PGIMER Chandigarh,Web,51,1,98.1,0xaedc7c23289e62692d53a1111e3c6f07621c56cb8c6bb2f47728682a5c40d9,Active,No,https://verify.pharma.in/qr/ac498f6a584dcc5b
QR000046,BAT000046,DRG0046,BCG Vaccine,c2676340b6672fbb6cae24a42bd1e8653cd97724ab6ad256616126b7f9da2e8e,v2,20-12-2025,AstraZeneca India,30-09-2028,102,10-05-2026 04:27,Medanta Hospital Gurugram,Kiosk,89,13,87.3,0xe1dd7dce4a66716117ff2926f95d275bbea6f58f8fdf48c349758e3bb43ea3,Active,No,https://verify.pharma.in/qr/c2676340b6672fbb
QR000047,BAT000047,DRG0047,Hepatitis B Vaccine,97d7f213f79684c04f5214c58a47f11c42720c3a123d43ae669ecf1002efa037,v2,08-02-2026,Zydus Cadila,23-12-2026,180,03-05-2026 20:07,AIIMS Delhi,Mobile,162,18,90.0,0xa31cd8b187d7f84de16ecc4a6462605eeb1688cd82b89c4bff3b5890cfe6b3,Active,No,https://verify.pharma.in/qr/97d7f213f79684c0
QR000048,BAT000048,DRG0048,MMR Vaccine,7736da5111cfeffb67bf37af05b8f5a34f08bc730673146e6ad2aaa6c87ffa91,v2,27-01-2025,Sun Pharmaceutical Industries,16-11-2028,168,15-05-2026 20:32,Apollo Hospital Mumbai,Mobile,162,6,96.4,0x3b33f4456546879589f10597f8c2ed7a9e221ed8a604f5ebec4e8eee49fffd,Active,No,https://verify.pharma.in/qr/7736da5111cfeffb
QR000049,BAT000049,DRG0049,COVID-19 mRNA Vaccine,89a11497ff6dc2d699e247c6da46050a1dc69e68cca091d8ca443c1f62214f41,v2,12-09-2025,GlaxoSmithKline India,27-01-2027,16,02-05-2026 22:49,Civil Hospital Surat,Web,15,1,93.8,0x6dc2ecc05ad0fe06d6c456696b103521b8b5b760d78cfa5aa95f02ddf0dbfa,Active,No,https://verify.pharma.in/qr/89a11497ff6dc2d6
QR000050,BAT000050,DRG0050,Influenza Vaccine,80b6f1f4dfe358aff097f85d6ef3903c26783fe916c1305070adbb7dde842e60,v2,18-04-2025,Aurobindo Pharma,04-05-2030,322,19-04-2026 04:14,Yashoda Hospital Hyderabad,Mobile,303,19,94.1,0x9e41583689104dd42564c62aac6e7a888bb1494c042143fc4abfcd5a6e4954,Active,No,https://verify.pharma.in/qr/80b6f1f4dfe358af
QR000051,BAT000051,DRG0051,Sertraline 50mg,b0a41681944f1cc06e019428de1b14cb91811031eba56483689992cbbb40cacb,v2,24-03-2026,Torrent Pharmaceuticals,16-04-2028,30,24-04-2026 03:54,Sterling Hospital Ahmedabad,Web,28,2,93.3,0xf50ce5574dd6617b88efca06d42e35a7c4ae9334d92fbc7aae950e39ea8333,Active,No,https://verify.pharma.in/qr/b0a41681944f1cc0
QR000052,BAT000052,DRG0052,Escitalopram 10mg,8634da49a8f66854fab4282b384d8f9fcb07215a9f747d12b38aa4d2587ff8cc,v2,04-01-2025,Novartis India,03-03-2028,290,16-05-2026 05:02,KEM Hospital Pune,Web,265,25,91.4,0x9f1c6e07249966f77937e9ecd5f932c8f9531e224f3f929b172904a4bc3df6,Active,No,https://verify.pharma.in/qr/8634da49a8f66854
QR000053,BAT000053,DRG0053,Olanzapine 10mg,8381dec08d23d21f2f94be3aa115e8278e2ac4f5026af848a0e268f92c873a4e,v2,11-05-2026,Biological E Ltd,15-05-2027,490,15-04-2026 12:33,SMS Hospital Jaipur,Kiosk,440,50,89.8,0xb090c0168a2ea2b4a79f0298807ac933d6c43f17c11d499be354c32bc5e716,Active,No,https://verify.pharma.in/qr/8381dec08d23d21f
QR000054,BAT000054,DRG0054,Risperidone 2mg,e71902c26b14521c5c0f4097876635b7af4af9cd4cfaeb085732ee8a8d81b94e,v2,08-05-2026,Cipla Ltd,01-09-2027,161,09-05-2026 12:10,Yashoda Hospital Hyderabad,Kiosk,157,4,97.5,0x7b755f947586edcc53b46975df901e11c863fd4baaba4217d3c59f05c1a209,Active,No,https://verify.pharma.in/qr/e71902c26b14521c
QR000055,BAT000055,DRG0055,Diazepam 5mg,7afcc7b6b448667d1b87734a4305a7847300c92f576fbc21fbac1f8b90da461e,v2,27-01-2026,AstraZeneca India,09-01-2030,153,12-05-2026 12:13,Manipal Hospital Bengaluru,Mobile,136,17,88.9,0x3c62561535c5f16b06e1aeef391f69b6aafe8ae97e3d5368421cfb7945ace7,Active,No,https://verify.pharma.in/qr/7afcc7b6b448667d
QR000056,BAT000056,DRG0056,Levetiracetam 500mg,f8a0e61eab20312b39189d863034d155c942149e9ddb44a7bd6cfd0e081a888e,v2,04-06-2025,GlaxoSmithKline India,07-05-2028,357,26-04-2026 00:42,SCB Medical Bhubaneswar,Web,310,47,86.8,0xc29a726d4742116ea421b9f5e623342ddec8e2f4ec75609f4df8cf1594d3e2,Active,No,https://verify.pharma.in/qr/f8a0e61eab20312b
QR000057,BAT000057,DRG0057,Carbamazepine 200mg,edafeb8cae7ed141ee94b2f39e52965dba278dc43ef492e37064ffe2aa9665bf,v2,19-03-2026,Sun Pharmaceutical Industries,20-03-2027,135,05-05-2026 07:38,SMS Hospital Jaipur,Kiosk,134,1,99.3,0xd224c742771e0712c1025e170eedab69a1d4334c6be7560255b6ab897c1779,Active,No,https://verify.pharma.in/qr/edafeb8cae7ed141
QR000058,BAT000058,DRG0058,Pregabalin 75mg,7578196838129aa82bbb90185d9172192d49a9a710bb71ab5a7f24b7c2fbd42f,v2,02-05-2026,Alkem Laboratories,05-08-2028,240,18-04-2026 15:10,Manipal Hospital Bengaluru,Scanner,214,26,89.2,0x468519e812708083a081b4a9db7fa8bddc7c5c24742977f40e28a7ec96fea5,Active,No,https://verify.pharma.in/qr/7578196838129aa8
QR000059,BAT000059,DRG0059,Donepezil 10mg,aedd803a1ac01bacfdd6e5807157be822c7e7f2259b89672cb74356dc6296ecc,v2,24-04-2026,Lupin Pharmaceuticals,15-09-2029,46,16-04-2026 01:56,KEM Hospital Pune,Mobile,40,6,87.0,0xd6576cf9007114646f1b342b7b3d939b9a39af12a8e7c8f221ca5a17c83239,Active,No,https://verify.pharma.in/qr/aedd803a1ac01bac
QR000060,BAT000060,DRG0060,Valproate 500mg,2aee9344d9874785bb8b8440f266dbb11b074860c38ce9a9ccbc50c069a61006,v2,21-05-2025,Cadila Healthcare,21-06-2026,257,13-05-2026 20:48,AMRI Hospital Kolkata,Kiosk,240,17,93.4,0x85ffbfe47f0175df2f30e4b81cffd5bf4c1bc89c58478f5dc02180b7e716ae,Active,No,https://verify.pharma.in/qr/2aee9344d9874785
QR000061,BAT000061,DRG0061,Levothyroxine 50mcg,bed87c9761f35352139c46f28183d0ba78b5037dedf0738dfd79be52105371ce,v2,05-07-2025,Serum Institute of India,19-10-2027,290,13-05-2026 19:28,PGIMER Chandigarh,Kiosk,259,31,89.3,0x320e4d7716909b0bc4f43efd32872fa9990f6412d3b346a343912ca55e0f33,Active,No,https://verify.pharma.in/qr/bed87c9761f35352
QR000062,BAT000062,DRG0062,Prednisolone 10mg,e9bcc07a7976e9f37ad8d2f159ccbe236df81ff7d7dd2c8e54821c0fe27e3cd3,v2,06-10-2025,AstraZeneca India,01-02-2029,109,08-05-2026 03:57,AIIMS Delhi,Kiosk,99,10,90.8,0x9ebd0daaa6d0d253b1f8f92bcc9532ebd3691c744f9d641b992010fd15c2a4,Active,No,https://verify.pharma.in/qr/e9bcc07a7976e9f3
QR000063,BAT000063,DRG0063,Dexamethasone 4mg Inj,90dc1132d016854a35eee5fb5e7300c055b5697cbe1dc58ebeb35ef88e558510,v2,22-08-2025,Pfizer India,23-06-2027,338,11-05-2026 11:19,KEM Hospital Pune,Mobile,309,29,91.4,0xf455a81dcd120ce40ad970cad1944581826fe5464803fac52b666ea804b060,Active,No,https://verify.pharma.in/qr/90dc1132d016854a
QR000064,BAT000064,DRG0064,Hydrocortisone 100mg Inj,92ad035d31199027fb425c9fee8f0953cffeab59ccd53562d9b425d5305def77,v2,11-11-2025,IPCA Laboratories,08-10-2029,204,17-04-2026 16:18,SMS Hospital Jaipur,Kiosk,180,24,88.2,0xa0eba09a9980ba2d2cbd05f52711f645307209e0a5e1805b9e50ccd72c5921,Active,No,https://verify.pharma.in/qr/92ad035d31199027
QR000065,BAT000065,DRG0065,Insulin NPH,459ad98526388f6776b1857b19c82980c53c8506b7a5afbddac465b770b99eea,v2,03-09-2025,Biological E Ltd,15-07-2029,41,15-05-2026 14:03,SCB Medical Bhubaneswar,Mobile,37,4,90.2,0x4abb1f05be10f830b5d0186913d19b742a8f2bf6498450d1cc77834c44075d,Active,No,https://verify.pharma.in/qr/459ad98526388f67
QR000066,BAT000066,DRG0066,Methotrexate 2.5mg,4e934852f3256a22cd930ac2aa8bb643faed57356bcf509b1c2ca832de9955d4,v2,27-10-2025,IPCA Laboratories,11-04-2030,354,23-04-2026 11:12,KEM Hospital Pune,Kiosk,314,40,88.7,0x821aad1f2768da61b3be52ffb98c3dc0559f9e0c26394a8812c6ea8f2e5da9,Active,No,https://verify.pharma.in/qr/4e934852f3256a22
QR000067,BAT000067,DRG0067,Imatinib 400mg,a6dbf387ecf2d957ecfdf423a97c058964317f963e5ca6f1a241357b4d4cef47,v2,24-04-2026,Wockhardt Ltd,09-12-2027,135,10-05-2026 00:35,Apollo Hospital Mumbai,Web,120,15,88.9,0xf68b3ce5719f76d8e587e626b2f5d2babc93c470dc5d28ffeb6e4959c5e850,Active,No,https://verify.pharma.in/qr/a6dbf387ecf2d957
QR000068,BAT000068,DRG0068,Paclitaxel Inj,5da18ea89456a6d95f50e7fedc385d0ab49fcd567e0c0029105a16580215aa9a,v2,09-10-2025,Torrent Pharmaceuticals,08-09-2029,66,11-05-2026 10:30,SCB Medical Bhubaneswar,Scanner,61,5,92.4,0x7c13a7dd8974203fff92857d3d0af8639323d7aea08c20070e66304f3094da,Active,No,https://verify.pharma.in/qr/5da18ea89456a6d9
QR000069,BAT000069,DRG0069,Cisplatin Inj,38e5afaa1bc5095a4d2985939edfb1189792f151e5bea6c36687689a4385dee9,v2,23-04-2026,Cipla Ltd,23-06-2028,139,21-04-2026 12:27,SCB Medical Bhubaneswar,Scanner,138,1,99.3,0x2c506d8de9ed14f328d3883c558fe3615744ceae2505c14ba346327e7f4bb2,Active,No,https://verify.pharma.in/qr/38e5afaa1bc5095a
QR000070,BAT000070,DRG0070,Capecitabine 500mg,57a3f324d1726b053f1332935717a4e06c992755ccf68b2370b4648ec2d51628,v2,06-10-2025,Pfizer India,19-03-2027,35,16-04-2026 18:15,MGM Hospital Chennai,Scanner,34,1,97.1,0xa7ce1ee097efe194242c3e03f8984dd5b9ab97e9e632ee116b6f478d85a161,Active,No,https://verify.pharma.in/qr/57a3f324d1726b05
QR000071,BAT000071,DRG0071,Vitamin D3 60000IU,be00a96f75f79fd4f5caf6cef667e0e1525ff91e6e363b781c42b3ceea688325,v2,04-06-2025,Biological E Ltd,02-10-2028,134,15-05-2026 01:14,Ruby Hall Clinic Pune,Mobile,118,16,88.1,0xdd768c20e9452bf902fcf4e66330ec89adb1afbf67a98278b19378e1c0365c,Active,No,https://verify.pharma.in/qr/be00a96f75f79fd4
QR000072,BAT000072,DRG0072,Vitamin B12 1mg Inj,4441bac9c25fd3ea6ee98a0120667aafd569f5806d28782396d5b85bc9df4ffe,v2,09-09-2025,Sun Pharmaceutical Industries,21-02-2030,499,16-05-2026 02:32,SCB Medical Bhubaneswar,Scanner,442,57,88.6,0xedeefe63266d5798f64383d48493cf3163e500d8d8629ebdd36d65e2ba964b,Active,No,https://verify.pharma.in/qr/4441bac9c25fd3ea
QR000073,BAT000073,DRG0073,Folic Acid 5mg,de9570335f555b775a8982742709cdb2cb976a42832aaab89ac55b616ea79480,v2,24-11-2025,Alkem Laboratories,25-12-2029,4,15-04-2026 08:56,KGMU Lucknow,Kiosk,3,1,75.0,0xe6eb2567a1c3fcaff460e4b0a354cbae0f978df18d601cba622baf81f68bdf,Active,Yes,https://verify.pharma.in/qr/de9570335f555b77
QR000074,BAT000074,DRG0074,Iron 100mg Tablet,a5e70870be1ca1753587fd95cb26c60abab012127adef50e558408cf3c424875,v2,09-04-2025,Sun Pharmaceutical Industries,27-05-2028,5,06-05-2026 03:16,Manipal Hospital Bengaluru,Scanner,4,1,80.0,0x4e3979872eb5651480540654b12dbc033f730b05fd35d71cc2361c38d993ed,Active,Yes,https://verify.pharma.in/qr/a5e70870be1ca175
QR000075,BAT000075,DRG0075,Calcium + Vit D3,1190d3a3a66deaf0350b61eef8a815c76ef6f955f38423c0972d2b5579b0423a,v2,17-08-2025,Biological E Ltd,11-10-2029,60,08-05-2026 03:18,PGIMER Chandigarh,Scanner,58,2,96.7,0x37e2b232eccd6eaba5a855fbfb9b5d5d51ab13af8ee2e74085aa33d1161eed,Active,No,https://verify.pharma.in/qr/1190d3a3a66deaf0
QR000076,BAT000076,DRG0076,Hydroxychloroquine 200mg,feba301dcd8f8db9f100304a3eca86d2b19eed0e4942a3def7a831e3a1fb385f,v2,12-10-2025,Dr Reddy's Laboratories,25-10-2029,439,21-04-2026 05:51,KGMU Lucknow,Kiosk,438,1,99.8,0x78a3ae9c262d43283aaaceb34b7e848a06d40466babfbf480850795eda3276,Active,No,https://verify.pharma.in/qr/feba301dcd8f8db9
QR000077,BAT000077,DRG0077,Adalimumab 40mg Inj,caa3b27985d73e012b841752d7cbbed39c52e390432a760529463e535f168586,v2,20-11-2025,Biological E Ltd,27-07-2029,106,12-05-2026 12:52,Civil Hospital Surat,Mobile,103,3,97.2,0xf152b1e9e19da6c8ac14f19dfe0247a7450c93f062f4edc3ab09133a195be6,Active,No,https://verify.pharma.in/qr/caa3b27985d73e01
QR000078,BAT000078,DRG0078,Tacrolimus 1mg,d76ed5af4d1e242b96ed1e9b8bb3186993b73fb039695a650184197980abca1b,v2,07-08-2025,Sun Pharmaceutical Industries,11-04-2027,406,12-05-2026 08:53,SCB Medical Bhubaneswar,Mobile,398,8,98.0,0x0423fd3bf730c6d1d9fc56b2ac2a7bcf153c4aa52125102a97000acec871a5,Active,No,https://verify.pharma.in/qr/d76ed5af4d1e242b
QR000079,BAT000079,DRG0079,Azathioprine 50mg,67421c7de58458c4648ee649c95b4a544373f4787f8bdc3d0374d6a13d2cad4e,v2,12-12-2025,GlaxoSmithKline India,22-01-2030,173,16-05-2026 00:23,Yashoda Hospital Hyderabad,Scanner,170,3,98.3,0x5b364ff8063bd0d060193662ede05329317242238c5522d1ff3fbf9a930088,Active,No,https://verify.pharma.in/qr/67421c7de58458c4
QR000080,BAT000080,DRG0080,Mycophenolate 500mg,64286d5d73c0d5e075128e4f85b821e133b2910cb990c6230b17973292131913,v2,01-12-2025,AstraZeneca India,06-05-2028,47,12-05-2026 20:21,Medanta Hospital Gurugram,Scanner,44,3,93.6,0xae3cd5b5bed4f6261fe6d4a24a1061c4d52e068db04b68e63a21c40b95a279,Active,No,https://verify.pharma.in/qr/64286d5d73c0d5e0
QR000081,BAT000081,DRG0081,Albendazole 400mg,6e3c738519eebcf82c82fe8ba5a72d24dcfd4bd3c91c0a15f6af897e7871284f,v2,10-12-2025,Aurobindo Pharma,03-03-2030,66,27-04-2026 18:35,MGM Hospital Chennai,Kiosk,65,1,98.5,0x37de7faa6b3f3fd957a159e6c877478f6e593097d92de3f812614e6b0de11b,Active,No,https://verify.pharma.in/qr/6e3c738519eebcf8
QR000082,BAT000082,DRG0082,Ivermectin 3mg,ba4ebbcfaa7dc4113c730f67b066275023532bb9fb210a9a6db80e739f1cfae0,v2,20-01-2026,Alkem Laboratories,30-10-2029,444,14-05-2026 14:12,AMRI Hospital Kolkata,Web,420,24,94.6,0x9ea06a6cbdc5312bec5e91ffc7279400dbfdb4b642b443ab0a12f832619997,Active,No,https://verify.pharma.in/qr/ba4ebbcfaa7dc411
QR000083,BAT000083,DRG0083,Artemether-Lumefantrine,b56e050434cb9e80e4ebac677ee11812565d6dc3c973598be86b29d095aab86b,v2,10-01-2026,Zydus Cadila,02-02-2029,30,05-05-2026 20:52,MGM Hospital Chennai,Kiosk,27,3,90.0,0xdb3510333c4fd8acb30633b3c2a4e0fba8b6c6c6229dbc419cb302a84eaea8,Active,No,https://verify.pharma.in/qr/b56e050434cb9e80
QR000084,BAT000084,DRG0084,Chloroquine 250mg,a3adc56661ca311652f855d5a1489e95028f814757c35f464c1efb394e6d0797,v2,18-09-2025,Aurobindo Pharma,23-09-2027,207,22-04-2026 23:05,Sterling Hospital Ahmedabad,Web,198,9,95.7,0xfe514debe0211ce414a4fb50a7008ed66329a44c8ff61c1648b4782102f7d0,Active,No,https://verify.pharma.in/qr/a3adc56661ca3116
QR000085,BAT000085,DRG0085,Primaquine 15mg,e04586b269e658805cb17cff5849ae39ca88e6474452d2a0c2d0ea2fdfbd1b5d,v2,08-03-2026,Torrent Pharmaceuticals,13-09-2029,71,15-05-2026 14:54,PGIMER Chandigarh,Web,62,9,87.3,0x2f87299be6d50c055af40c5977f611e3b8780dc579426c2beabf82842e3f43,Active,No,https://verify.pharma.in/qr/e04586b269e65880
QR000086,BAT000086,DRG0086,Adrenaline 1mg Inj,a068510433102512a100d32493da3d86aadade3dea4332b4740b038a25b490ec,v2,19-12-2025,Wockhardt Ltd,26-05-2029,454,02-05-2026 08:19,SCB Medical Bhubaneswar,Kiosk,447,7,98.5,0x28eb250b35f744ddde4dc19c1f7a421b5f95dc5b657970099d11ef9b911a87,Active,No,https://verify.pharma.in/qr/a068510433102512
QR000087,BAT000087,DRG0087,Dopamine 200mg Inj,0409053cf88554b5aac4af1b3d7fb699e52aea1932bc53b8c0fb2f2bc12b5420,v2,01-02-2026,Alkem Laboratories,14-12-2028,6,15-05-2026 02:56,AMRI Hospital Kolkata,Kiosk,5,1,83.3,0xbed146cd66a9bf517c320281f911cbddbd2364f1a597dd7d49f04cff8ec44e,Active,Yes,https://verify.pharma.in/qr/0409053cf88554b5
QR000088,BAT000088,DRG0088,Heparin 5000IU Inj,5a107283140c1f829f626ac82aa34979749be6895cf4ac0d460aa540231d88d1,v2,24-05-2025,Serum Institute of India,31-05-2029,69,11-05-2026 08:47,SMS Hospital Jaipur,Kiosk,68,1,98.6,0x88e79e4df3c77c02bc8819ed7118e14d25c679d2405e99dea895943870ceef,Active,No,https://verify.pharma.in/qr/5a107283140c1f82
QR000089,BAT000089,DRG0089,Naloxone 0.4mg Inj,26738b09c745ff7ca14f09b9e0aa3ab2ecea996dc87f0e3ffe0e00845b86f581,v2,10-04-2025,AstraZeneca India,08-04-2029,400,15-04-2026 19:48,MGM Hospital Chennai,Kiosk,385,15,96.2,0xf1ceeecdc7a98cac99e31baa05d47080cc7171dbea4dcb376fbbbe3ecf688e,Active,No,https://verify.pharma.in/qr/26738b09c745ff7c
QR000090,BAT000090,DRG0090,Alteplase 50mg Inj,c9348f29b825274050b407687c1373e6b588078fbd7e2657d5e5202a1dc5396c,v2,04-04-2025,Pfizer India,31-08-2026,294,21-04-2026 08:58,KGMU Lucknow,Scanner,282,12,95.9,0x35d65d267955400b6c7263e8fdbf1bdbbfa55e4f135ed2a133ee7b854bef36,Active,No,https://verify.pharma.in/qr/c9348f29b8252740
QR000091,BAT000091,DRG0091,Betamethasone Cream,d0236b40580f7bcd7dc45e0c285b61824ebb6806527b8fb1fea7605bc8c238cb,v2,11-11-2025,Serum Institute of India,13-02-2029,497,12-05-2026 07:18,KEM Hospital Pune,Kiosk,432,65,86.9,0xe70b272b91398d0f295f0b94db339d155617946d9ed7423e71f306fda0e642,Active,No,https://verify.pharma.in/qr/d0236b40580f7bcd
QR000092,BAT000092,DRG0092,Isotretinoin 20mg,62ee8ab6926c33a488a03dd31f525a2307e286bf96d3433d8cfd90098e06595d,v2,11-05-2025,Cipla Ltd,21-10-2027,272,23-04-2026 09:22,SMS Hospital Jaipur,Kiosk,259,13,95.2,0xa883b45b0af254b54e1cec701b67bb5be10dc2181044cd996420ab2157be18,Active,No,https://verify.pharma.in/qr/62ee8ab6926c33a4
QR000093,BAT000093,DRG0093,Acitretin 10mg,36afab90763d430376d8466776ff3b5efab532c9c6d09c73a3452f05b2b1fc13,v2,02-05-2026,Cipla Ltd,03-08-2028,286,23-04-2026 07:53,Medanta Hospital Gurugram,Mobile,282,4,98.6,0x34e37d21bd1cc42be67326f9a85933dde5989039d406c62b06517e307ab3c3,Active,No,https://verify.pharma.in/qr/36afab90763d4303
QR000094,BAT000094,DRG0094,Clotrimazole Cream,d2fd9038663512ca761ed01ce2d33558319b64ddb915044f6b46cb14c20a07a8,v2,17-03-2026,Alkem Laboratories,15-01-2027,468,05-05-2026 06:37,MGM Hospital Chennai,Web,402,66,85.9,0xfae27a7f99820e45009169aee939fdf25dcd2b8d857a5a0224e50e3ce8719f,Active,No,https://verify.pharma.in/qr/d2fd9038663512ca
QR000095,BAT000095,DRG0095,Silver Sulfadiazine Cream,178fe3afbdcaa78d50865161665d8132113aa26129976ff73a439dd07dcd0a59,v2,31-05-2025,Aurobindo Pharma,09-04-2028,372,14-05-2026 04:12,PGIMER Chandigarh,Mobile,351,21,94.4,0x377807d2040b4b00fdf52989f3cb590741f187e0016ec232bbb30b7c17b45d,Active,No,https://verify.pharma.in/qr/178fe3afbdcaa78d
QR000096,BAT000096,DRG0096,Latanoprost Eye Drops,02a4c2738929ff79b46e80a8ea8c2c3233c7358530010a2655bd7b53e4e5db2b,v2,26-12-2025,Serum Institute of India,27-07-2027,357,30-04-2026 12:04,Sterling Hospital Ahmedabad,Scanner,348,9,97.5,0x48b19fd9841689ef892605a54aaf149cf756276cbbacc34ac9474c49f5a1ba,Active,No,https://verify.pharma.in/qr/02a4c2738929ff79
QR000097,BAT000097,DRG0097,Ciprofloxacin Eye Drops,5f3d6b9efe56e2a55f40633196101dadfb512e1886abe6c44c9657a464e2b558,v2,07-12-2025,Wockhardt Ltd,10-12-2027,298,06-05-2026 05:55,Civil Hospital Surat,Scanner,281,17,94.3,0xc2dab650f1ccf92df393b3a904f00bb7fcabcf2408c11641a7311b3dd71848,Active,No,https://verify.pharma.in/qr/5f3d6b9efe56e2a5
QR000098,BAT000098,DRG0098,Moxifloxacin Eye Drops,ad203da1c76d4b435a0e4e744e5d42a5fe14809dc6dcf57b63566997ff91a388,v2,09-07-2025,Abbott Healthcare India,04-05-2028,106,11-05-2026 16:30,MGM Hospital Chennai,Web,102,4,96.2,0x0a533b8d1468d7bf6808ffa5ff4dfd921dbfc1f9c71df1a5a25bfe64afa464,Active,No,https://verify.pharma.in/qr/ad203da1c76d4b43
QR000099,BAT000099,DRG0099,Timolol Eye Drops,63ea5ecf37a9021ff10781a99ec4816ee641795ec3e6487facb2595a0ec2bc08,v2,28-02-2025,Pfizer India,25-01-2028,253,15-04-2026 13:15,AMRI Hospital Kolkata,Web,251,2,99.2,0x36c91b73adcec4527113deabd9b0bab74f7e798b1943e95ac805c19a7f65ff,Active,No,https://verify.pharma.in/qr/63ea5ecf37a9021f
QR000100,BAT000100,DRG0100,Artificial Tears,b15368aed565283a784d5ca7a049e542f0db5cbf94ab738c5747b1d43bfaca2c,v2,21-09-2025,Torrent Pharmaceuticals,11-06-2027,406,06-05-2026 19:18,Yashoda Hospital Hyderabad,Kiosk,348,58,85.7,0x4ec45341e58d3e92f6c1ff56e1c8956cad251950cefa15891974c6e4da1488,Active,No,https://verify.pharma.in/qr/b15368aed565283a
QR000101,BAT000101,DRG0001,Amoxicillin 500mg,00542f00c44b09cd7df1b3fe91ec9cc29fc70188bf0b74ee4e9ed66899964499,v2,30-04-2026,Wockhardt Ltd,04-11-2029,419,15-05-2026 18:59,Manipal Hospital Bengaluru,Kiosk,376,43,89.7,0x16f0ea27328257db56ce2f59509e8260ac6d1e88ce5c14911b8aaa3df1abf3,Active,No,https://verify.pharma.in/qr/00542f00c44b09cd
QR000102,BAT000102,DRG0002,Azithromycin 250mg,3467ceb3da9df82a016454211b5c63a13aac85af139b93e1e135e997d62d404a,v2,31-01-2026,Serum Institute of India,07-05-2027,141,16-05-2026 02:20,AMRI Hospital Kolkata,Web,131,10,92.9,0xacced3e5200ae4dac9d19b09ab31b26f139acb708c2de682c896626f25362c,Active,No,https://verify.pharma.in/qr/3467ceb3da9df82a
QR000103,BAT000103,DRG0003,Ciprofloxacin 500mg,664c9f7667d516d20e26837b457f235a2c5ba5c17e891ff0f3c4fe5c2623923d,v2,28-11-2025,GlaxoSmithKline India,11-10-2028,429,22-04-2026 01:23,AIIMS Delhi,Scanner,397,32,92.5,0x1ea4d85eaad184dc49fbfe9c688746c4627029b4e704c200a13a9180c728a3,Active,No,https://verify.pharma.in/qr/664c9f7667d516d2
QR000104,BAT000104,DRG0004,Metronidazole 400mg,3a6b3fdc6b03a5aa5ad6726041c2145d6785179308879ce2817b52eb376c5763,v2,31-01-2026,Zydus Cadila,19-05-2028,440,21-04-2026 03:22,KGMU Lucknow,Scanner,401,39,91.1,0xfffea27967ad248e7558ba3073263256430cb7c33dc4bdf0341fb7f0998266,Active,No,https://verify.pharma.in/qr/3a6b3fdc6b03a5aa
QR000105,BAT000105,DRG0005,Ceftriaxone 1g Inj,e2b4a3a3e992a8736a53b0f9b614808575f858f4d63e8c985fe29750bd477021,v2,19-01-2025,AstraZeneca India,08-08-2029,84,19-04-2026 07:01,Sterling Hospital Ahmedabad,Scanner,82,2,97.6,0x5c1a37a187d0dbc7b321451c9f815d3046a27923bd4879baa24d4fc875264f,Active,No,https://verify.pharma.in/qr/e2b4a3a3e992a873
QR000106,BAT000106,DRG0006,Paracetamol 500mg,0ce7204aaade18a8c935d542710dc41390137f2dfc9efc05014a1b45bce364f6,v2,20-03-2025,IPCA Laboratories,01-01-2029,340,18-04-2026 04:38,KGMU Lucknow,Web,325,15,95.6,0x372ff8e088ca01bb83558eed258a4accfbc9e71f2e5e78e053db9e38361e22,Active,No,https://verify.pharma.in/qr/0ce7204aaade18a8
QR000107,BAT000107,DRG0007,Ibuprofen 400mg,174cb15f08acec4e74aac102379aedf87be4c89610170283e2410600f1e5d019,v2,13-05-2026,Dr Reddy's Laboratories,09-08-2027,462,11-05-2026 20:32,PGIMER Chandigarh,Kiosk,423,39,91.6,0xa884ee56241a3ab85164a908603741dc2240431da4410f92cee7dd3dd81dd6,Active,No,https://verify.pharma.in/qr/174cb15f08acec4e
QR000108,BAT000108,DRG0008,Tramadol 50mg,1b196966921ef2930486cafd1c4468d485a336326b7bc5ffe37128ee7cfe0370,v2,11-09-2025,Zydus Cadila,15-12-2028,192,04-05-2026 23:05,Sterling Hospital Ahmedabad,Scanner,180,12,93.8,0x35a2f40d0fdfa002e4bf9866855bbf8bedaf5ba57befbd5449e2771fe498d0,Active,No,https://verify.pharma.in/qr/1b196966921ef293
QR000109,BAT000109,DRG0009,Morphine 10mg Inj,82e417a6431cfaa820854899672e0e795cc33beef84ffde1f9216c6c334ea49d,v2,05-08-2025,Cadila Healthcare,19-12-2029,217,27-04-2026 03:07,Yashoda Hospital Hyderabad,Scanner,210,7,96.8,0x64fb60eb67c371dfac3b4aa6bdce2b0bc8ce50bbdfe12e75ead6540dfac0ef,Active,No,https://verify.pharma.in/qr/82e417a6431cfaa8
QR000110,BAT000110,DRG0010,Diclofenac 50mg,2d43ffd1417c21535b9ab4374d3abd2508ca3e1c4037ed77ea7a3c0f7581b984,v2,21-09-2025,Zydus Cadila,19-10-2026,303,09-05-2026 10:37,Manipal Hospital Bengaluru,Web,280,23,92.4,0x3d4f2440765c07f7fd3ed11985661aae638cc02e5d8cbb3ba5ce62661e4d55,Active,No,https://verify.pharma.in/qr/2d43ffd1417c2153
QR000111,BAT000111,DRG0011,Amlodipine 5mg,e69e07670cffdf575035f0b5249a86cc542c30ae0a14e55e1a0ef18e8daa88e7,v2,20-03-2026,Alkem Laboratories,05-10-2028,473,20-04-2026 11:31,AIIMS Delhi,Kiosk,461,12,97.5,0xf9cc7fb504ddf8a6aedb1e6a93aff12b516c53bc7a192ed52e7a2b6c9aabac,Active,No,https://verify.pharma.in/qr/e69e07670cffdf57
QR000112,BAT000112,DRG0012,Losartan 50mg,d6753eec70d39c9cd5636aa0fdaa9b17e650fa5f2d962c5b18ca42adae70613a,v2,14-05-2026,Aurobindo Pharma,12-04-2029,361,11-05-2026 14:53,PGIMER Chandigarh,Web,318,43,88.1,0x65acde09f704e2b8c2ef0a429072f1484b1d7df2c0d03c9fe78f253473ec56,Active,No,https://verify.pharma.in/qr/d6753eec70d39c9c
QR000113,BAT000113,DRG0013,Atenolol 50mg,d3d740034f330332a63f0126529a4d001507cc42a5c596a3f2fc7097ec1f3cc8,v2,10-02-2026,Biological E Ltd,20-12-2026,450,21-04-2026 11:17,Medanta Hospital Gurugram,Mobile,443,7,98.4,0x21a613bca6e729cd9a30ae6b9b41418860eafabb8c22a57e3af329fe45cbe2,Active,No,https://verify.pharma.in/qr/d3d740034f330332
QR000114,BAT000114,DRG0014,Furosemide 40mg,04a10556ad58631cceec3d1611f54d0cbc20e42512556b67fac9c989f89914bf,v2,24-03-2026,IPCA Laboratories,10-09-2027,49,25-04-2026 06:15,SMS Hospital Jaipur,Scanner,44,5,89.8,0x71c8bcbdc6a3e7bbc5fd585224208556aeb174a9d519bbd70794a0e2ed1b32,Active,No,https://verify.pharma.in/qr/04a10556ad58631c
QR000115,BAT000115,DRG0015,Ramipril 5mg,62b356cba480aec89715116259533a5670ea5596743490d1df8a6521192414d9,v2,05-01-2025,Abbott Healthcare India,28-11-2027,157,30-04-2026 10:10,Manipal Hospital Bengaluru,Web,151,6,96.2,0xa3a154ddbc2eb8321f107e7ee3d59f77b71210e9d49cb1486303aa95527f74,Active,No,https://verify.pharma.in/qr/62b356cba480aec8
QR000116,BAT000116,DRG0016,Metformin 500mg,3cb580ec682e9c8ec936fcf17a435e19abadedbaddf158ed6a80aeef36f3e6b7,v2,28-05-2025,Torrent Pharmaceuticals,20-12-2026,234,07-05-2026 07:31,MGM Hospital Chennai,Web,222,12,94.9,0x3d0a6f2249e465fb142dc856a552f7897d070aeda01ff8f5cbd142e6ad8dbf,Active,No,https://verify.pharma.in/qr/3cb580ec682e9c8e
QR000117,BAT000117,DRG0017,Glimepiride 2mg,c1fb09631bf3214440a48748a8f2a5bc06cf0f70967863162d5c23e679f738a7,v2,13-07-2025,Bharat Biotech,16-04-2027,120,23-04-2026 11:17,Civil Hospital Surat,Mobile,119,1,99.2,0x84d208c583da313b639d5764c001e8652b3e19c8762a1d9fe4836422b7d736,Active,No,https://verify.pharma.in/qr/c1fb09631bf32144
QR000118,BAT000118,DRG0018,Insulin Glargine,5c554a8c42e8bc6c39a60961a708640083ea311c4b9eb27dd533efc3c47b2a6d,v2,13-08-2025,Lupin Pharmaceuticals,06-12-2026,274,11-05-2026 20:13,SCB Medical Bhubaneswar,Mobile,259,15,94.5,0x6ef2f7de4bc51be9277031d5e5bf5545da169de0b5d01520801237a0018b59,Active,No,https://verify.pharma.in/qr/5c554a8c42e8bc6c
QR000119,BAT000119,DRG0019,Sitagliptin 100mg,a2670fd3840092c1aea03953b34a793d23bb4959fc4619075156580e023da81f,v2,17-02-2026,Dr Reddy's Laboratories,18-06-2028,169,17-04-2026 08:11,Manipal Hospital Bengaluru,Scanner,168,1,99.4,0x80d5ddee4213d87687de864f2e256adf5ee84c762b80bdaa8f74b65beeb0a6,Active,No,https://verify.pharma.in/qr/a2670fd3840092c1
QR000120,BAT000120,DRG0020,Empagliflozin 10mg,c0aaac9588bf3847485794dc3a8a8d5851a9ffa845cbb37b381e92aa5545869d,v2,08-03-2026,Zydus Cadila,09-01-2027,181,06-05-2026 20:24,Ruby Hall Clinic Pune,Kiosk,164,17,90.6,0xcb57d3e0c508e29cba804d7c18bb186bc35af6219e000a6d016fcd9b617c81,Active,No,https://verify.pharma.in/qr/c0aaac9588bf3847
QR000121,BAT000121,DRG0021,Atorvastatin 20mg,e983d4d8161873ddc8aae0b10f8972eb1b8b2929b89933ed100473f57fb94d29,v2,25-10-2025,Cipla Ltd,15-04-2029,11,16-05-2026 02:14,MGM Hospital Chennai,Web,9,2,81.8,0xdf0446f4951f479537dc2042ae2c15c6a6e30a1b51acfb18c22913c235ea50,Active,Yes,https://verify.pharma.in/qr/e983d4d8161873dd
QR000122,BAT000122,DRG0022,Clopidogrel 75mg,041d6a44fcd54fc2119eed47ba3c3117f5c9def1c38710d11067e5cf65e260a0,v2,26-10-2025,AstraZeneca India,14-06-2027,93,18-04-2026 21:47,Apollo Hospital Mumbai,Mobile,84,9,90.3,0x576861f8a59a67b471a33c579ce0fa3d2d76426c584bce90ba9338492b85f3,Active,No,https://verify.pharma.in/qr/041d6a44fcd54fc2
QR000123,BAT000123,DRG0023,Aspirin 75mg,390634fd78577ca389bb40e25bc33b974e9628aad6a7b1c9cef10cfecd778b35,v2,19-09-2025,Abbott Healthcare India,21-12-2028,14,06-05-2026 03:09,Sterling Hospital Ahmedabad,Web,12,2,85.7,0x19fec15d374a14113dc429b628d76637fbd93ee84f6fda89885d1e0edd9c26,Active,No,https://verify.pharma.in/qr/390634fd78577ca3
QR000124,BAT000124,DRG0024,Warfarin 5mg,52d8e35e353d6f25af10489c8ed6e6cee20bfb3b7fb0519b343c99bf8589b30d,v2,28-07-2025,GlaxoSmithKline India,08-02-2029,254,03-05-2026 18:50,Apollo Hospital Mumbai,Web,221,33,87.0,0x3f7f75884ee85f68618df9d711810d791dbeedd08465e84202c0bcce47960f,Active,No,https://verify.pharma.in/qr/52d8e35e353d6f25
QR000125,BAT000125,DRG0025,Digoxin 0.25mg,19a1c901e6e7f860a2c41c869ccd748fb431f11e5c3c75bdbf7a400e296d9f37,v2,31-03-2026,IPCA Laboratories,28-01-2029,376,02-05-2026 02:44,Medanta Hospital Gurugram,Kiosk,355,21,94.4,0xad3b72074b3fd313622d2e0396920c89f7e0fbe4ec836f9149ee88196c40d5,Active,No,https://verify.pharma.in/qr/19a1c901e6e7f860
QR000126,BAT000126,DRG0026,Salbutamol Inhaler,2811015fa373f35918ff347fc43756c15d38190b1e65eb6bbad8cdd16bc7b7bf,v2,03-10-2025,GlaxoSmithKline India,08-10-2028,199,29-04-2026 15:31,SMS Hospital Jaipur,Mobile,187,12,94.0,0x997f834282d964f9aca2b9c45dae49f7afea7c92b81ffdb60cd7ef3b29b6d7,Active,No,https://verify.pharma.in/qr/2811015fa373f359
QR000127,BAT000127,DRG0027,Budesonide Inhaler,4aa33772f4890490f4dea59824b8cbd6e38b5401a5a5602fff0d61ecbb4bb5b8,v2,14-03-2026,Zydus Cadila,01-12-2027,298,27-04-2026 01:02,Apollo Hospital Mumbai,Web,279,19,93.6,0x0064e2ee43a9574227ed2df0e21d99b25cc134c7171b21dc9d1c054ee699fd,Active,No,https://verify.pharma.in/qr/4aa33772f4890490
QR000128,BAT000128,DRG0028,Montelukast 10mg,db5dad1f2e2f56fa798c1a829ed9fcaa3b930e90fee68800adf382e417f8c0e9,v2,18-02-2026,Pfizer India,24-07-2028,26,15-04-2026 13:44,KEM Hospital Pune,Mobile,22,4,84.6,0x00031057ca78324c5fadafe0a1fe71fbf2c61fc9ad155753afa90fa27e162e,Active,Yes,https://verify.pharma.in/qr/db5dad1f2e2f56fa
QR000129,BAT000129,DRG0029,Tiotropium Inhaler,701b84cffa65df68220399b1350014fd3840654f49065a35cb464335be6680f2,v2,18-10-2025,Zydus Cadila,07-07-2027,92,28-04-2026 21:12,KGMU Lucknow,Web,85,7,92.4,0x6065bdf33ac8af0992aa3364dfbdf9bda5e0383e9f864e70598dda1d0f44c4,Active,No,https://verify.pharma.in/qr/701b84cffa65df68
QR000130,BAT000130,DRG0030,Doxofylline 400mg,1d278c4f388b0e9cd6bd7784b3d916a426bb373a6ca339185b06003d73bf3fd4,v2,11-01-2025,Dr Reddy's Laboratories,17-10-2027,36,29-04-2026 14:09,KGMU Lucknow,Scanner,32,4,88.9,0xf9091052b007fe11e5c45ffdfb5c142ca853125d94ea57439a29189b127072,Active,No,https://verify.pharma.in/qr/1d278c4f388b0e9c
QR000131,BAT000131,DRG0031,Omeprazole 20mg,2eba0035d4366c253772259c7e2895356adc9f01b231691b8b6edd72c891949b,v2,26-08-2025,Cadila Healthcare,02-12-2028,118,24-04-2026 07:06,PGIMER Chandigarh,Web,108,10,91.5,0x6da521a9fbc6fb2dfb827c6e14d04bd3d1007b2b8605faaf1988d6cb659fff,Active,No,https://verify.pharma.in/qr/2eba0035d4366c25
QR000132,BAT000132,DRG0032,Pantoprazole 40mg,880556cb2f6c657cbccf748314cd9ef96ce0407b6227e47530b8ca793d2ec89b,v2,10-09-2025,Cipla Ltd,28-09-2027,76,29-04-2026 06:03,Medanta Hospital Gurugram,Web,66,10,86.8,0x037e2c3cda092d26c1edac06358c849d5629735c125a6e6c398872e26ea3b3,Active,No,https://verify.pharma.in/qr/880556cb2f6c657c
QR000133,BAT000133,DRG0033,Ondansetron 4mg,8392e95b5782708cc3afc94ee6963e04a866a90e6bc2333d8677bc3c63e8d488,v2,14-09-2025,Serum Institute of India,11-12-2026,436,15-05-2026 05:14,SMS Hospital Jaipur,Mobile,396,40,90.8,0x19dd35abc67f3b672135b82ac1a5df10eaa19119e82fc36b861f6a21702d81,Active,No,https://verify.pharma.in/qr/8392e95b5782708c
QR000134,BAT000134,DRG0034,Domperidone 10mg,5ac938796401c74613ff27db946431a6dd5325d6ad74d209fcd1d4b83eb12e62,v2,20-04-2025,Torrent Pharmaceuticals,13-04-2029,408,15-05-2026 00:56,Yashoda Hospital Hyderabad,Kiosk,352,56,86.3,0x0757c4519097a00fd898c612cb79172cc3f2c9fc714fff6437faabde2ddee6,Active,No,https://verify.pharma.in/qr/5ac938796401c746
QR000135,BAT000135,DRG0035,Metoclopramide 10mg,354ee2340d0a1c37cc977de07d98e41777d259b5a1f294e733b71f4366ce9baf,v2,16-05-2026,Lupin Pharmaceuticals,23-08-2029,43,19-04-2026 17:13,MGM Hospital Chennai,Mobile,36,7,83.7,0xf37cb972da9c726c08935e410e1f90d157498e4134c428240a0af1d6f2a6c3,Active,Yes,https://verify.pharma.in/qr/354ee2340d0a1c37
QR000136,BAT000136,DRG0036,Oseltamivir 75mg,2f99d0b7dcdfba59d3bdcd9430e1260a827f1c5df97810682a59cd36880d377b,v2,14-09-2025,Sun Pharmaceutical Industries,18-12-2028,148,20-04-2026 05:29,SMS Hospital Jaipur,Kiosk,142,6,95.9,0x7523a4a9bb12e450b138815711a4235f5d513ab64c64a4b3a7cd02d1b2cece,Active,No,https://verify.pharma.in/qr/2f99d0b7dcdfba59
QR000137,BAT000137,DRG0037,Acyclovir 400mg,e2b9a9cbd22edede7399eaafbdb49de5fd0f29588e521641c961af9e6ecfba3e,v2,12-10-2025,Pfizer India,12-07-2028,371,29-04-2026 03:03,Sterling Hospital Ahmedabad,Kiosk,335,36,90.3,0x63834f6edc585b00c7fa4b6f9e5dbaedc01b54c07fde6f9838368a98fd60db,Active,No,https://verify.pharma.in/qr/e2b9a9cbd22edede
QR000138,BAT000138,DRG0038,Tenofovir 300mg,45e646aadf71e046e90f5d2319347b49cc28412587bef7ee2a27d24a9d79ee7e,v2,16-07-2025,Dr Reddy's Laboratories,29-10-2027,397,12-05-2026 19:11,Manipal Hospital Bengaluru,Web,388,9,97.7,0x00c3cf4f21097da0a4fd6e63da94491356a23f4a1612f1010c9c76db0e388d,Active,No,https://verify.pharma.in/qr/45e646aadf71e046
QR000139,BAT000139,DRG0039,Remdesivir 100mg Inj,025221af2f780eae63bdeae4a0003960c1a7edc156eade6052b7dc524dda5ab4,v2,18-08-2025,Pfizer India,01-02-2029,461,13-05-2026 08:26,Civil Hospital Surat,Mobile,458,3,99.3,0xd7d4187ff166553098c5711a7ca6e94b2e584f7daab7144d9da3803081fb8e,Active,No,https://verify.pharma.in/qr/025221af2f780eae
QR000140,BAT000140,DRG0040,Valacyclovir 500mg,a5d0533dd1a94c84617a641d6e18bc7f438d1f0d79387a0cc8cb5f127d4aa948,v2,22-05-2025,Aurobindo Pharma,26-10-2028,324,15-04-2026 19:48,Manipal Hospital Bengaluru,Kiosk,314,10,96.9,0xceb0e3e42c8195a4b3eacc9ed555399ceacf4d125031ad034a9cf3665fc6fb,Active,No,https://verify.pharma.in/qr/a5d0533dd1a94c84
QR000141,BAT000141,DRG0041,Fluconazole 150mg,271798a769f134e028d3a0b59933fa1a95251abd416ad4b12ac401727f4d4d41,v2,28-10-2025,GlaxoSmithKline India,03-09-2026,199,25-04-2026 21:29,SMS Hospital Jaipur,Mobile,170,29,85.4,0x8f75897273e829f707031422abd1b8294537c6ffa10dec23a7dc764042057a,Active,No,https://verify.pharma.in/qr/271798a769f134e0
QR000142,BAT000142,DRG0042,Itraconazole 100mg,1f0c3026e652e5024f2a7b3c4b1738ecd9d9cad8543b60a42544d1d59d7770e6,v2,15-09-2025,Sanofi India,22-03-2030,450,16-04-2026 03:28,Apollo Hospital Mumbai,Mobile,442,8,98.2,0xacb225eb30e1cea6e52d8794da739ac811230f105f8801f891c53a8c846aee,Active,No,https://verify.pharma.in/qr/1f0c3026e652e502
QR000143,BAT000143,DRG0043,Amphotericin B Inj,945a2290f64036f158ba0750334269616234df020cf4a83608157beaa63c82f1,v2,02-10-2025,Bharat Biotech,01-11-2028,58,18-04-2026 00:36,AIIMS Delhi,Scanner,54,4,93.1,0x4ef325bf66829d8939e43f59c1ea3bc71337efd536999cc3263c9471a6e941,Active,No,https://verify.pharma.in/qr/945a2290f64036f1
QR000144,BAT000144,DRG0044,Voriconazole 200mg,515aef8b6ceec11f8545076a473cf64c580ebec6b8a538447a6967df1ca0335a,v2,25-02-2025,Lupin Pharmaceuticals,28-03-2029,15,19-04-2026 20:48,Medanta Hospital Gurugram,Mobile,14,1,93.3,0x0f05af02094127bd7e4e95eb9c0bcc41d6a4391a38fb9fc3e62c405cf5d47d,Active,No,https://verify.pharma.in/qr/515aef8b6ceec11f
QR000145,BAT000145,DRG0045,Terbinafine 250mg,3440fd05936013a136424a5a34c393259d01bcbacc957f29702a9358e5915f51,v2,30-04-2026,GlaxoSmithKline India,18-11-2028,113,08-05-2026 10:41,Medanta Hospital Gurugram,Kiosk,105,8,92.9,0xc1c048305032fb528f44d6a59fe32f780280b1d0ebac0d8d24d5f5f07471a8,Active,No,https://verify.pharma.in/qr/3440fd05936013a1
QR000146,BAT000146,DRG0046,BCG Vaccine,f179265ec90895e15acda835cb53a8e6b6e686d3a9620ff12ccf5761e0c5199d,v2,27-09-2025,Lupin Pharmaceuticals,11-07-2028,73,25-04-2026 02:16,Sterling Hospital Ahmedabad,Web,68,5,93.2,0x28a5151a613fc7221d741494ccef0cedd8a05c6f35f30cde46ead084f2d155,Active,No,https://verify.pharma.in/qr/f179265ec90895e1
QR000147,BAT000147,DRG0047,Hepatitis B Vaccine,d4f50cd033988850a4212c5f231236a526f961f748c9459a32d5badc8f990410,v2,25-08-2025,AstraZeneca India,03-03-2027,463,20-04-2026 22:52,Manipal Hospital Bengaluru,Kiosk,439,24,94.8,0x18cf6eaccfe324f7cbde553d20b5a7d404986ea88293694e39b67f118f555d,Active,No,https://verify.pharma.in/qr/d4f50cd033988850
QR000148,BAT000148,DRG0048,MMR Vaccine,55ac4d0d16b24aedd7e7f4611e5daadb689e56f8b01acda4d2b256370cd8e726,v2,29-06-2025,AstraZeneca India,16-09-2028,45,27-04-2026 12:10,SCB Medical Bhubaneswar,Web,40,5,88.9,0xf2c0bcf14a86b04731c20b07619bdca0db33b15b2e05c30a0f1eb23d023698,Active,No,https://verify.pharma.in/qr/55ac4d0d16b24aed
QR000149,BAT000149,DRG0049,COVID-19 mRNA Vaccine,da13da1c2c1ba9187204aff5615c40a8cb6a5f86002231b7cc03ee1985fc1a38,v2,09-03-2026,Aurobindo Pharma,26-11-2029,401,29-04-2026 02:07,MGM Hospital Chennai,Scanner,387,14,96.5,0xc6d78a26abdbf56b4eaad764b43da334ad91489d89b105d5e184db17935a8f,Active,No,https://verify.pharma.in/qr/da13da1c2c1ba918
QR000150,BAT000150,DRG0050,Influenza Vaccine,32b8fc9c5ce73805154c9edb61209bf2d07a1d82ccb8597cac851531adfd82d6,v2,15-01-2025,Sanofi India,22-07-2028,166,11-05-2026 19:56,Apollo Hospital Mumbai,Mobile,159,7,95.8,0x1114a2580b381f2bad46eeaaab7b233773b02d8e91fa224bdabe557567c494,Active,No,https://verify.pharma.in/qr/32b8fc9c5ce73805
QR000151,BAT000151,DRG0051,Sertraline 50mg,cd59eeadbb60e10786ee8fdb398c013e56287e1623046f8f4edeb0132b41a591,v2,08-08-2025,Sanofi India,20-07-2028,302,05-05-2026 11:00,KEM Hospital Pune,Web,269,33,89.1,0x380c87ddef25d23f46f4624cea45fb748e0313296626d58a8f9438da85a2cc,Active,No,https://verify.pharma.in/qr/cd59eeadbb60e107
QR000152,BAT000152,DRG0052,Escitalopram 10mg,e99cd6e75d9c279994607604f70d6882c23151e504ac0380b619eb0e31554222,v2,17-12-2025,Cadila Healthcare,28-05-2027,69,14-05-2026 09:37,MGM Hospital Chennai,Web,65,4,94.2,0x6dedc2206e68c5885e098ecf09f018387359626238b30cfdb229d99b623ae9,Active,No,https://verify.pharma.in/qr/e99cd6e75d9c2799
QR000153,BAT000153,DRG0053,Olanzapine 10mg,43fd63d0ebfdc1d75321232c8ed543bd69ca9dea31da4df6ca8fe6e0388e9583,v2,21-04-2026,Serum Institute of India,07-05-2029,445,26-04-2026 06:33,AMRI Hospital Kolkata,Web,381,64,85.6,0x926a605155c01eddd779ad55ed421e023ed0402063b6b90a45884d5f85d891,Active,No,https://verify.pharma.in/qr/43fd63d0ebfdc1d7
QR000154,BAT000154,DRG0054,Risperidone 2mg,610a25cdcb58942a0830071dc56b1acede90f66f834e5a833d2d1e50ee2208ef,v2,18-02-2025,Zydus Cadila,13-09-2029,111,06-05-2026 03:20,MGM Hospital Chennai,Kiosk,95,16,85.6,0xc5a5a7d2fab8760ce62b2d74a6f93087b5b9a8d1eb7fdcd8ca7f81baffbcc0,Active,No,https://verify.pharma.in/qr/610a25cdcb58942a
QR000155,BAT000155,DRG0055,Diazepam 5mg,5cde973b40f13272187a7d780320a8b3d1402c58ced611d50352352763914092,v2,26-02-2025,Cipla Ltd,08-07-2027,497,09-05-2026 07:06,Yashoda Hospital Hyderabad,Scanner,435,62,87.5,0x41ad0806ed2d35ee604981662ff63f070892edea17ee5709b1e5869fab2873,Active,No,https://verify.pharma.in/qr/5cde973b40f13272
QR000156,BAT000156,DRG0056,Levetiracetam 500mg,b92bde261aac6ed7ded13ae68ee50f2dd00f0ba1930deb8cbcf88e0d34a7a1cd,v2,07-02-2026,Serum Institute of India,29-06-2026,244,28-04-2026 02:44,SMS Hospital Jaipur,Scanner,237,7,97.1,0x7eaffeb3711050ff94459e2a5522aee9844e31e9629edbb3240a00f7e13724,Active,No,https://verify.pharma.in/qr/b92bde261aac6ed7
QR000157,BAT000157,DRG0057,Carbamazepine 200mg,73befbd48002a73a78f61ffb8584da2f79ead68f718d650c0762c0fab0df8f0a,v2,26-08-2025,Zydus Cadila,14-07-2029,31,17-04-2026 23:38,SMS Hospital Jaipur,Scanner,27,4,87.1,0xd6078a2ab0956c2bee74048e3ac0d69b15b0883d496e5d1b63eb9b06dd3a79,Active,No,https://verify.pharma.in/qr/73befbd48002a73a
QR000158,BAT000158,DRG0058,Pregabalin 75mg,390b8c5b1da677c9011b439f59fc3d1191380bf7042d47dd49928c7a1afb952f,v2,21-09-2025,Lupin Pharmaceuticals,02-02-2030,44,23-04-2026 12:55,AIIMS Delhi,Kiosk,42,2,95.5,0x4068928cc803b2dffd9f77ddaf50744467841f4ddbe88251968fec07c95c19,Active,No,https://verify.pharma.in/qr/390b8c5b1da677c9
QR000159,BAT000159,DRG0059,Donepezil 10mg,6f8af22afaa15e0c5a8c96e717ba0180164515f6575f77735d12ad17806c8d82,v2,22-07-2025,Dr Reddy's Laboratories,29-10-2026,93,14-05-2026 22:41,Sterling Hospital Ahmedabad,Mobile,83,10,89.2,0x97c40962a67719a1428ff0857e66774f0372e7af59a951e3dece8071358f41,Active,No,https://verify.pharma.in/qr/6f8af22afaa15e0c
QR000160,BAT000160,DRG0060,Valproate 500mg,fd4c97b1b410bf3935df3bf6062beb438d04d18968d42f0b903b469db9a5a1a8,v2,22-03-2026,Sun Pharmaceutical Industries,24-08-2027,221,15-05-2026 03:28,Yashoda Hospital Hyderabad,Web,214,7,96.8,0x53701719245427e482f174f82d832fcba38fca66c9d55b90259b9831929616,Active,No,https://verify.pharma.in/qr/fd4c97b1b410bf39
QR000161,BAT000161,DRG0061,Levothyroxine 50mcg,f7ecdfdc579347b46a954bcaea62c0793ec483ada5aeb172518dd681c43aa9f7,v2,20-08-2025,AstraZeneca India,14-05-2030,443,30-04-2026 17:11,Civil Hospital Surat,Scanner,393,50,88.7,0x433a9862d5e4782ec15122e711d2c828bc173afe4f68e9b409f6e19533a411,Active,No,https://verify.pharma.in/qr/f7ecdfdc579347b4
QR000162,BAT000162,DRG0062,Prednisolone 10mg,da8fe1bb938ebf7db128ebcebd14fcba6136780ce0d6254cf11a380244cca937,v2,26-06-2025,Torrent Pharmaceuticals,04-07-2026,382,04-05-2026 05:25,Yashoda Hospital Hyderabad,Mobile,330,52,86.4,0x79d8b0fbc9598207bcd6955ae96dc592e665fc53d0e84068cb746b1a871f0a,Active,No,https://verify.pharma.in/qr/da8fe1bb938ebf7d
QR000163,BAT000163,DRG0063,Dexamethasone 4mg Inj,2418871458047062219c27002c26f586f790366f76f40eac6fb9c4c973276522,v2,27-03-2025,Sanofi India,23-07-2026,416,08-05-2026 07:38,KEM Hospital Pune,Mobile,370,46,88.9,0xb7c7ba72c6befbe3019352f3eb2f0d7df7f00e5744fcd6ecfea7dbc5dfa1f2,Active,No,https://verify.pharma.in/qr/2418871458047062
QR000164,BAT000164,DRG0064,Hydrocortisone 100mg Inj,61ea6fdd4fa827298663abf2b0ab47b04d99dbd322b2f511a36312e1413abf63,v2,04-02-2025,GlaxoSmithKline India,01-07-2027,46,17-04-2026 01:29,Civil Hospital Surat,Kiosk,44,2,95.7,0x17ce239e2e6753731d5d66b7f19704839f788921f31917015a40f8152ee187,Active,No,https://verify.pharma.in/qr/61ea6fdd4fa82729
QR000165,BAT000165,DRG0065,Insulin NPH,8645e27d976db550f311bb24bab79bf732f741dc2fe8bff463147e8fc21be8aa,v2,21-01-2025,Alkem Laboratories,18-09-2029,100,22-04-2026 09:41,AIIMS Delhi,Kiosk,85,15,85.0,0xb4f78e7081e868ad926898e8146fa0cfddfb3397b57fcb54b140a7390b5578,Active,No,https://verify.pharma.in/qr/8645e27d976db550
QR000166,BAT000166,DRG0066,Methotrexate 2.5mg,1404b2cf35a7b4174f22bee6b81efc2d4f98d25c2f6effb287960f16cf55a9b9,v2,19-05-2025,Pfizer India,10-07-2026,62,09-05-2026 09:47,SMS Hospital Jaipur,Mobile,61,1,98.4,0xac53e90b0d990fd48d2233a7f837c22385e2f71095e24f7397b4eed4b4506f,Active,No,https://verify.pharma.in/qr/1404b2cf35a7b417
QR000167,BAT000167,DRG0067,Imatinib 400mg,68e4e031ecd82a2ada9f3063cd3e23cbcc4617122242693748ae8a99e8062bd6,v2,20-01-2025,Pfizer India,29-04-2027,291,11-05-2026 06:55,Ruby Hall Clinic Pune,Web,261,30,89.7,0x7e214f2b59942321b3ab0f50d95d58dc86cfd11dca9ebb7aa0e6eadb98d064,Active,No,https://verify.pharma.in/qr/68e4e031ecd82a2a
QR000168,BAT000168,DRG0068,Paclitaxel Inj,a86f19368260777b86598ce223d885486e35d022d675796e583d4291f9b00730,v2,21-01-2026,Lupin Pharmaceuticals,29-08-2029,66,02-05-2026 14:41,PGIMER Chandigarh,Kiosk,58,8,87.9,0xcf7050633e1919b682612b5c702b2ae305b30229da6d5c46c19efa4079fbce,Active,No,https://verify.pharma.in/qr/a86f19368260777b
QR000169,BAT000169,DRG0069,Cisplatin Inj,2b901184ef5ff5c8331c9165dcccae5d476d0b1ccfeb0861fba214e3136e596b,v2,06-08-2025,IPCA Laboratories,07-10-2028,411,13-05-2026 16:15,SMS Hospital Jaipur,Mobile,385,26,93.7,0x49e1db8605984523681b45879d6650417cdddbd2682358bca5cf5afb8c8658,Active,No,https://verify.pharma.in/qr/2b901184ef5ff5c8
QR000170,BAT000170,DRG0070,Capecitabine 500mg,33d25f95bbb8bed2d1e307373d28148c21032ef207333ca520bf3f3e645c080f,v2,24-03-2025,Torrent Pharmaceuticals,27-01-2028,56,11-05-2026 19:31,Yashoda Hospital Hyderabad,Scanner,50,6,89.3,0x829a4e9bd4b8524bef275716774344d659c355335eb3cfba2948586d5bb9ec,Active,No,https://verify.pharma.in/qr/33d25f95bbb8bed2
QR000171,BAT000171,DRG0071,Vitamin D3 60000IU,367e245387e4a2d426d9b2b2edde4424b793ed682cda28b67691eaecc78c8023,v2,17-01-2026,Torrent Pharmaceuticals,27-06-2029,419,09-05-2026 07:19,Ruby Hall Clinic Pune,Kiosk,392,27,93.6,0x79fd4cf02f5d55f13b9c601e01258d3c55945779a91f2b9838961bc559cc58,Active,No,https://verify.pharma.in/qr/367e245387e4a2d4
QR000172,BAT000172,DRG0072,Vitamin B12 1mg Inj,804babefd4833a7e90fff411e043b15545f95379c9d64ae8881d6e717c79faf6,v2,13-09-2025,Pfizer India,19-06-2029,300,09-05-2026 08:54,Manipal Hospital Bengaluru,Web,256,44,85.3,0x4ff17d17ec0829b135177f0fbaa87dc44c2370966db0b86e7cf25ae0eed140,Active,No,https://verify.pharma.in/qr/804babefd4833a7e
QR000173,BAT000173,DRG0073,Folic Acid 5mg,febe5ac55a0e205f8737a6787edaf27ea9180fd0b0da48542db3de006ca7b268,v2,05-10-2025,Bharat Biotech,05-09-2028,92,12-05-2026 11:42,Medanta Hospital Gurugram,Kiosk,87,5,94.6,0x9747fbc29d4a9adc7fc0d534176bc54720c3c586ccf83f08eeeace6169b558,Active,No,https://verify.pharma.in/qr/febe5ac55a0e205f
QR000174,BAT000174,DRG0074,Iron 100mg Tablet,d3c411349395cf69d794c2ad10a7e726e18f556a9fd034cca1125d9cba87de15,v2,13-02-2026,Dr Reddy's Laboratories,06-03-2028,153,30-04-2026 02:46,AIIMS Delhi,Scanner,147,6,96.1,0x28a12a8eef9f5b4e3ebfed44ab7199a70f6b2a2cf5fe181e1a5e74c566cd79,Active,No,https://verify.pharma.in/qr/d3c411349395cf69
QR000175,BAT000175,DRG0075,Calcium + Vit D3,bc8d205d773768d6979190a0e4386513af17393c5e4185076a16b037fcd5b1db,v2,29-03-2026,Serum Institute of India,17-10-2027,129,16-04-2026 02:22,Sterling Hospital Ahmedabad,Scanner,116,13,89.9,0x04b65c3f87013b2be5230c299acee2af4db5d85630fceb12c3af62db185b77,Active,No,https://verify.pharma.in/qr/bc8d205d773768d6
QR000176,BAT000176,DRG0076,Hydroxychloroquine 200mg,c86e1e5c52430e90bb3080b8e665464b802140ebd4d4dabfce27d982b6aa6c88,v2,01-08-2025,Lupin Pharmaceuticals,05-02-2030,460,18-04-2026 12:10,SMS Hospital Jaipur,Mobile,432,28,93.9,0xb265332add444483ef919344826b676472afc82201f58ea9f28855c50f0fde,Active,No,https://verify.pharma.in/qr/c86e1e5c52430e90
QR000177,BAT000177,DRG0077,Adalimumab 40mg Inj,8aec094d54b2a2df656f70d5452fe3261fe22e094f5fc90fddb8a67e5cd12692,v2,04-01-2026,Pfizer India,02-08-2028,308,24-04-2026 08:44,SMS Hospital Jaipur,Scanner,297,11,96.4,0xb434f8ed5fff57541981f6f5d3e47860fc902ec92c7e5dc4a38dd6d7716e88,Active,No,https://verify.pharma.in/qr/8aec094d54b2a2df
QR000178,BAT000178,DRG0078,Tacrolimus 1mg,c60f3aa742babb478612429e33b1060ca3ae8606b2bb61d67da9292fc7e8ae86,v2,22-09-2025,Biological E Ltd,13-01-2030,321,06-05-2026 18:12,Medanta Hospital Gurugram,Kiosk,315,6,98.1,0xbee83cbde2a5d6049b17c22ce46a7f8afb84a30e5894bae8135b54c31615db,Active,No,https://verify.pharma.in/qr/c60f3aa742babb47
QR000179,BAT000179,DRG0079,Azathioprine 50mg,33273f35f153f259732667930c93db73ecdb45f57e8aaf71fccf118cff4902f2,v2,02-02-2026,Cadila Healthcare,24-11-2028,156,14-05-2026 03:19,Medanta Hospital Gurugram,Mobile,148,8,94.9,0x39a95e088a424c6ec1dce24656c27be317baa6eedd93f00f2aa1b1c11536fa,Active,No,https://verify.pharma.in/qr/33273f35f153f259
QR000180,BAT000180,DRG0080,Mycophenolate 500mg,23853e8e3a9d09b911d045b7b8c1181e1cc2bf6ed2822a71e93714f2f50108b9,v2,20-03-2026,Dr Reddy's Laboratories,17-11-2029,405,23-04-2026 20:11,SCB Medical Bhubaneswar,Kiosk,388,17,95.8,0xfbf59c4bb165ef273f074b1140c5152325c24426f69995df5b1e203185f403,Active,No,https://verify.pharma.in/qr/23853e8e3a9d09b9
QR000181,BAT000181,DRG0081,Albendazole 400mg,72c705716b5fbae48de5408db4fcfe75bc9fa5803c6c2a7d009379ca0a2171b2,v2,08-10-2025,AstraZeneca India,27-09-2027,191,03-05-2026 18:28,AMRI Hospital Kolkata,Scanner,172,19,90.1,0x90a7866a25163a6a6b03d6415a44244fc034d562868619e2380acf4e5f9428,Active,No,https://verify.pharma.in/qr/72c705716b5fbae4
QR000182,BAT000182,DRG0082,Ivermectin 3mg,693b704946f83c27424346c5b2e5b2c79fab241a3b745de4e65e0fa8fcb46f63,v2,05-01-2026,Cadila Healthcare,02-07-2028,291,23-04-2026 07:04,KEM Hospital Pune,Web,265,26,91.1,0x8631a2dd41a29a89d5c8708f487461bd58cb56deb5c568b0de26431f518045,Active,No,https://verify.pharma.in/qr/693b704946f83c27
QR000183,BAT000183,DRG0083,Artemether-Lumefantrine,f039fa264aa06148e376ca4f7c698e25f73a7c7dc639762956f6fb623e47b902,v2,24-03-2026,Novartis India,03-06-2028,389,01-05-2026 04:02,SCB Medical Bhubaneswar,Web,349,40,89.7,0x67a2223ad95ee9da2d63dd07dee033378cc9710a748e58adea7bbeea97e034,Active,No,https://verify.pharma.in/qr/f039fa264aa06148
QR000184,BAT000184,DRG0084,Chloroquine 250mg,515941d3cce8e179f4e20fc65a51ed17429c196b462a93b4452e0e7d274ca017,v2,11-01-2026,AstraZeneca India,14-03-2028,157,09-05-2026 17:08,Yashoda Hospital Hyderabad,Scanner,138,19,87.9,0x6ac1d0d0dd5ba8a2eb429a81ef4b5f9c3b55c3546bba42f96f8064a629125a,Active,No,https://verify.pharma.in/qr/515941d3cce8e179
QR000185,BAT000185,DRG0085,Primaquine 15mg,c3953c6d31942afcb359ac969c684152974b75ac55ddcfdf873388248b3f0538,v2,23-01-2026,Alkem Laboratories,06-09-2028,45,22-04-2026 02:23,Ruby Hall Clinic Pune,Kiosk,40,5,88.9,0xa9098f07f9b9ef2e8d65a6cf4a8495004f75d8336455af7f897018718e746f,Active,No,https://verify.pharma.in/qr/c3953c6d31942afc
QR000186,BAT000186,DRG0086,Adrenaline 1mg Inj,c5bee6f1738f83f05c07b04d8b53f13cfedc45cfadc4273ee994909568e7d438,v2,14-06-2025,Pfizer India,14-09-2026,38,29-04-2026 16:43,PGIMER Chandigarh,Scanner,33,5,86.8,0xcf9e525aa365ab19fca650c80ecd07885de837574efaec692178a586821283,Active,No,https://verify.pharma.in/qr/c5bee6f1738f83f0
QR000187,BAT000187,DRG0087,Dopamine 200mg Inj,48876451d9bb54d5463027931997b7ec16185bf9589db6aa6a1a3bdd00ea8b01,v2,08-01-2026,Abbott Healthcare India,01-08-2029,462,26-04-2026 16:50,Ruby Hall Clinic Pune,Mobile,419,43,90.7,0x0d8de5f6a06704daf20b08d48b2683e170b70752482c143b1aaf36b12c98a2,Active,No,https://verify.pharma.in/qr/48876451d9bb54d5
QR000188,BAT000188,DRG0088,Heparin 5000IU Inj,7b50e1cd6ae4b38dcbde967ec01032f796d18bf907c6ce826ed1ae1240a00927,v2,14-04-2026,Sun Pharmaceutical Industries,03-06-2029,429,14-05-2026 08:42,Ruby Hall Clinic Pune,Web,402,27,93.7,0x394ef09fe86680a8324cb646c94d563e735e8ab759ccdd45b24451e3727b6c,Active,No,https://verify.pharma.in/qr/7b50e1cd6ae4b38d
QR000189,BAT000189,DRG0089,Naloxone 0.4mg Inj,0ed6fee0a8ca41c9da686462242d17285db41e0754787e97afcfc40fb7d475ca,v2,24-01-2025,Dr Reddy's Laboratories,10-04-2027,23,14-05-2026 01:53,Civil Hospital Surat,Mobile,21,2,91.3,0x5b37b6c1c0bc379d86dfd85271017ba7042bc4adcd59261c227069bbc870c0,Active,No,https://verify.pharma.in/qr/0ed6fee0a8ca41c9
QR000190,BAT000190,DRG0090,Alteplase 50mg Inj,79cb0ce3c6f9986f2c620540ea3048aeb570b6378f909df1435cc7ad3aa54016,v2,23-10-2025,Cadila Healthcare,03-10-2027,21,25-04-2026 09:02,Medanta Hospital Gurugram,Scanner,18,3,85.7,0x7e0211dadd3630554e8de386f3f4f6154a466882568d3a7ea1e2ae2fda0ed8,Active,No,https://verify.pharma.in/qr/79cb0ce3c6f9986f
QR000191,BAT000191,DRG0091,Betamethasone Cream,066605f722782ca4b230c68dfac3a2c4669172c107eaca8c7d76c95b93ce3f98,v2,25-05-2025,Torrent Pharmaceuticals,15-04-2029,47,29-04-2026 04:37,KGMU Lucknow,Mobile,44,3,93.6,0xd6dc9ccaa775049ad3e6d3a46324e5da42a10775b8830236cab9973b3a6cbd,Active,No,https://verify.pharma.in/qr/066605f722782ca4
QR000192,BAT000192,DRG0092,Isotretinoin 20mg,24c8e722f74481b8ef9674055e725e61f4bddd86f271d53995ad11b143a8f498,v2,10-05-2025,Cipla Ltd,25-03-2029,499,21-04-2026 02:49,SCB Medical Bhubaneswar,Scanner,463,36,92.8,0x4d97bcaf48a0b18587b58b5ec97384adbb47a33d054193366a3e5bf6ac4927,Active,No,https://verify.pharma.in/qr/24c8e722f74481b8
QR000193,BAT000193,DRG0093,Acitretin 10mg,6c2c4e74735d9bfefc875e8e7432175aea48cf7d341b4cfe6def29ab935921ad,v2,30-12-2025,Novartis India,10-03-2029,256,15-04-2026 14:24,SMS Hospital Jaipur,Kiosk,245,11,95.7,0xc1734a176d6758ebbfc7c94750bfea7ef15c501e563e0e2192dd399e0a945c,Active,No,https://verify.pharma.in/qr/6c2c4e74735d9bfe
QR000194,BAT000194,DRG0094,Clotrimazole Cream,f390fc3c911f50f37f1026c4d3accf966988f3c96ae7a231b6ad78e701128e15,v2,03-02-2026,Novartis India,20-11-2027,375,13-05-2026 03:48,Ruby Hall Clinic Pune,Mobile,329,46,87.7,0x5828a2374b3f5aa66bf06b881ba3116523bbf9e5d139c86ccc312b55e44852,Active,No,https://verify.pharma.in/qr/f390fc3c911f50f3
QR000195,BAT000195,DRG0095,Silver Sulfadiazine Cream,b0f583c8fd82c45ab24e5a401927990769e10141ff194aecf384a605e0ddedd3,v2,20-03-2025,Serum Institute of India,02-12-2028,56,21-04-2026 02:48,Sterling Hospital Ahmedabad,Mobile,55,1,98.2,0x047da09c45b79be948de1e3c2249ca98f00d54ce6c643fcd3218d1acfde51b,Active,No,https://verify.pharma.in/qr/b0f583c8fd82c45a
QR000196,BAT000196,DRG0096,Latanoprost Eye Drops,eaf580014adb110763b688e80898be87aaa06c245dbb267a8424de27d83b03c6,v2,17-01-2026,Sanofi India,12-01-2029,228,21-04-2026 06:33,MGM Hospital Chennai,Kiosk,214,14,93.9,0x8014585310ef632f97596ed7c86c71e0a98cc50a99d0070fc74302435bdbc2,Active,No,https://verify.pharma.in/qr/eaf580014adb1107
QR000197,BAT000197,DRG0097,Ciprofloxacin Eye Drops,a1dc99765139615d5c8e40c3ee320099a29d701caba266c5938f4ccd3d6a3964,v2,06-02-2026,Novartis India,13-07-2029,133,24-04-2026 07:01,PGIMER Chandigarh,Web,130,3,97.7,0x6b9ee2bad0bcde75db9fa8e1606059f76ac4d22326a6b252110b367b2f8963,Active,No,https://verify.pharma.in/qr/a1dc99765139615d
QR000198,BAT000198,DRG0098,Moxifloxacin Eye Drops,0caccef84ca49667710bf1fae0878872eb9740b2ae3a41d31c4ddab55b6fc5c8,v2,26-04-2026,Cipla Ltd,15-09-2027,289,23-04-2026 05:38,AMRI Hospital Kolkata,Scanner,271,18,93.8,0x0c19ba5d2ae77cf12db1aef1cc3a79603e1ad077967451ae584ca5338290de,Active,No,https://verify.pharma.in/qr/0caccef84ca49667
QR000199,BAT000199,DRG0099,Timolol Eye Drops,a51e8ea3727627c45bbcc5378437b82fdb8b63379a35fac466b92cfc0127ee9a,v2,28-02-2025,Cadila Healthcare,04-03-2029,70,15-04-2026 16:34,SCB Medical Bhubaneswar,Kiosk,68,2,97.1,0x7b8714b1e4f00ae3f2ade3bd50ca9120c48e842b53143d3d6f23276e6a2dc4,Active,No,https://verify.pharma.in/qr/a51e8ea3727627c4
QR000200,BAT000200,DRG0100,Artificial Tears,7a6c6e791b5c2a5ce741220d3f27ed03b0870c6be99a8df463c8a599f18cf453,v2,04-02-2026,Bharat Biotech,27-01-2030,396,23-04-2026 06:50,PGIMER Chandigarh,Kiosk,391,5,98.7,0xce68bebe43e3d00c667d379fe4741ed7ca643032b11e6ef09d117af0b8bcbe,Active,No,https://verify.pharma.in/qr/7a6c6e791b5c2a5c
QR000201,BAT000201,DRG0001,Amoxicillin 500mg,135a74214fae6a2b5bacedd84855a8f9ddfb554053605a22f5947faa03690140,v2,03-10-2025,Serum Institute of India,22-01-2030,414,24-04-2026 02:29,Ruby Hall Clinic Pune,Mobile,352,62,85.0,0x6cfd5d24dc9b965ff7cdbe64341f12d6127feff1f170c698eb8f809a896b2a,Active,No,https://verify.pharma.in/qr/135a74214fae6a2b
QR000202,BAT000202,DRG0002,Azithromycin 250mg,83eb8d58aacf8d9b3b33a66427945e5a0c8bc2e8b3798079a76e4bec60102ce6,v2,18-05-2025,Sun Pharmaceutical Industries,28-02-2028,44,18-04-2026 22:17,SCB Medical Bhubaneswar,Web,41,3,93.2,0xaa181e9c3811ab0448a2021021e8e619d77bd19246f5bf56f1cf2f951a0543,Active,No,https://verify.pharma.in/qr/83eb8d58aacf8d9b
QR000203,BAT000203,DRG0003,Ciprofloxacin 500mg,853daeb66b82669e8a08966ab50fa4c9947e17686681e6143509f1751258aabd,v2,24-10-2025,Abbott Healthcare India,06-05-2027,309,01-05-2026 03:30,Apollo Hospital Mumbai,Mobile,277,32,89.6,0x71516e835b96d16271b1bd445d7483ae5603c6c72f228ee9d72f5a9e5e37fc,Active,No,https://verify.pharma.in/qr/853daeb66b82669e
QR000204,BAT000204,DRG0004,Metronidazole 400mg,d75f93d5be0d1b43c4d3d8cadbeaa03529d5b452455c5608d4be4886caf1f763,v2,08-02-2025,Bharat Biotech,28-04-2027,276,21-04-2026 03:27,Apollo Hospital Mumbai,Kiosk,238,38,86.2,0x76a04bdc425fec5ea5d8824f908e5c5cdcc537338faed968148bde77c340dd,Active,No,https://verify.pharma.in/qr/d75f93d5be0d1b43
QR000205,BAT000205,DRG0005,Ceftriaxone 1g Inj,3e28b110aa9283f44229dba0f6eb93cd0184107fc26698d47ca6cac7eac42d6c,v2,07-05-2026,Dr Reddy's Laboratories,26-09-2027,12,03-05-2026 21:48,AMRI Hospital Kolkata,Mobile,11,1,91.7,0x783d20357da0b8573a259763ac4bf1b4062d72eddca055ba2f0630de18ecfd,Active,No,https://verify.pharma.in/qr/3e28b110aa9283f4
QR000206,BAT000206,DRG0006,Paracetamol 500mg,da38543e1b54106015bef58b84b08333dc36ee7fdc8f6f6825d7e0aa6cc119f3,v2,13-07-2025,Dr Reddy's Laboratories,13-08-2026,328,16-04-2026 13:52,SCB Medical Bhubaneswar,Kiosk,304,24,92.7,0xce6ac0f3faea2ef4a411b089354b1c050ed27a16def30e3312408762497383,Active,No,https://verify.pharma.in/qr/da38543e1b541060
QR000207,BAT000207,DRG0007,Ibuprofen 400mg,00044584a74322c0368c448c18d6c690a277bea625243c4ab557b2a84ececebf,v2,21-02-2026,GlaxoSmithKline India,30-05-2028,32,29-04-2026 08:15,Civil Hospital Surat,Mobile,29,3,90.6,0xe3c7a57bfceb013562067f55d50e29d3f21efbb42883e19f1521edee89e194,Active,No,https://verify.pharma.in/qr/00044584a74322c0
QR000208,BAT000208,DRG0008,Tramadol 50mg,e9bc5951c3fb81a64310721ec215d3c50aedbcbfe61119ada809c723e6862aef,v2,10-05-2026,Zydus Cadila,19-12-2028,159,18-04-2026 00:18,KEM Hospital Pune,Web,146,13,91.8,0x6310c15cf2e003c448a71de13411ce1df7689a673c64ed2dd4e20cfd24ca72,Active,No,https://verify.pharma.in/qr/e9bc5951c3fb81a6
QR000209,BAT000209,DRG0009,Morphine 10mg Inj,f7051629e000c9962de87c62e9d45cbae18ccd3957a9042a6c005e36f3d4739c,v2,26-04-2025,Dr Reddy's Laboratories,27-07-2028,344,16-05-2026 04:24,AIIMS Delhi,Web,326,18,94.8,0x7d077533b6b5fa3ad762bb8e2b4c304c9613b64ed86210300b1a9c3a430d77,Active,No,https://verify.pharma.in/qr/f7051629e000c996
QR000210,BAT000210,DRG0010,Diclofenac 50mg,62258818f17a977dbbce7602a7780c293ea2797abc9718b73bce1fe83c3358a7,v2,25-12-2025,Dr Reddy's Laboratories,03-10-2026,425,11-05-2026 22:25,KEM Hospital Pune,Scanner,370,55,87.1,0xe9952995a6b79adaef18edb95d3e3d416194ebe73abdd32c1b9341acd2fe2b,Active,No,https://verify.pharma.in/qr/62258818f17a977d
QR000211,BAT000211,DRG0011,Amlodipine 5mg,873f683181dcfb489d9caaaf277fec4980951cb764c76366f1241ea9df0b6750,v2,07-04-2026,Aurobindo Pharma,14-02-2028,336,30-04-2026 17:31,Civil Hospital Surat,Mobile,298,38,88.7,0xb9e31e2b32291939a5be992c5c3e8962799be499415c1dc0bd24d566ca6340,Active,No,https://verify.pharma.in/qr/873f683181dcfb48
QR000212,BAT000212,DRG0012,Losartan 50mg,47ea6280b2b7a503a5871b8d356d767124be41e1ae4a71c50ec6d1ef89944cf5,v2,11-03-2025,AstraZeneca India,11-08-2028,368,16-05-2026 05:31,SMS Hospital Jaipur,Kiosk,319,49,86.7,0x2f708c78abc48f94a11041c5814179e4686037834dd6584705b56012af8e7a,Active,No,https://verify.pharma.in/qr/47ea6280b2b7a503
QR000213,BAT000213,DRG0013,Atenolol 50mg,a5ed80f76551214916a594cc04d63a7ad9bbf593dc8a2397e0e04af8f261c715,v2,01-05-2026,Aurobindo Pharma,08-04-2029,14,07-05-2026 11:48,Yashoda Hospital Hyderabad,Kiosk,13,1,92.9,0xf61223cf28759f5c2b8b29c2ee39f578a7d458fdeef28dfdd1c2f869de4137,Active,No,https://verify.pharma.in/qr/a5ed80f765512149
QR000214,BAT000214,DRG0014,Furosemide 40mg,07336d262c6d306623c332c802adbeda4a9498e82dbd396551c231c98667e1e5,v2,12-08-2025,Wockhardt Ltd,20-02-2028,358,24-04-2026 07:43,KGMU Lucknow,Scanner,351,7,98.0,0xdff4de4de35200d6018a9de5c31d9027f7165c6f752ed5786b55a7984ab5b7,Active,No,https://verify.pharma.in/qr/07336d262c6d3066
QR000215,BAT000215,DRG0015,Ramipril 5mg,6f44b30be5d7c9f18eb2b0c720678193124c8c4ea6fb19e672bbfed2d2c298f4,v2,16-11-2025,Bharat Biotech,13-05-2029,472,16-04-2026 04:07,SMS Hospital Jaipur,Web,440,32,93.2,0x665a2f15a97533b0260e8e1d6ff237af12c2e29b175780755a4589b20b6756,Active,No,https://verify.pharma.in/qr/6f44b30be5d7c9f1
QR000216,BAT000216,DRG0016,Metformin 500mg,499424cf77a624cd82395f26e6b9e4d1273fefd82fbbc52d6ac800acef6bb782,v2,12-03-2026,Cadila Healthcare,28-04-2029,63,09-05-2026 19:30,Sterling Hospital Ahmedabad,Mobile,60,3,95.2,0x72536535a8b05190ce5d3cea91ef26ba883c3b4ea1167ef5429da31c5afbd1,Active,No,https://verify.pharma.in/qr/499424cf77a624cd
QR000217,BAT000217,DRG0017,Glimepiride 2mg,4c45aeb790fc933f187868c9702cf298316003d1cdea90d5f3902c2435410389,v2,20-04-2026,Torrent Pharmaceuticals,23-02-2029,184,15-04-2026 22:01,Sterling Hospital Ahmedabad,Web,175,9,95.1,0x809d21660212ec0f39087ecbd477834c1a87db1f139549e0d64247b2a5790b,Active,No,https://verify.pharma.in/qr/4c45aeb790fc933f
QR000218,BAT000218,DRG0018,Insulin Glargine,03d87a0901c984bfc8802c1a2097cdad895895ede778e5205466c335b77ffb8b,v2,06-02-2025,AstraZeneca India,21-02-2029,267,25-04-2026 23:54,SMS Hospital Jaipur,Web,228,39,85.4,0x89599413fb92de995c529c19fa106f5324ea1c32791a4e67749d26a3024867,Active,No,https://verify.pharma.in/qr/03d87a0901c984bf
QR000219,BAT000219,DRG0019,Sitagliptin 100mg,eb2ca5acfe2aaa00e9c23dab4e9a2ab3af08cec010d7c91d5735a2c4f91d8d6b,v2,17-07-2025,Aurobindo Pharma,15-05-2028,450,16-05-2026 06:44,AMRI Hospital Kolkata,Mobile,396,54,88.0,0x01c867c615bee68db4b977393d7d354b37fc2878ad2291485e152433463175,Active,No,https://verify.pharma.in/qr/eb2ca5acfe2aaa00
QR000220,BAT000220,DRG0020,Empagliflozin 10mg,b294abec40000fe1064746f72832305a2f07606de47ffc6c128bdb9041342662,v2,10-03-2026,Dr Reddy's Laboratories,13-02-2029,299,25-04-2026 12:49,Medanta Hospital Gurugram,Scanner,298,1,99.7,0xb13b664c0a4d9ef9dd9e4bc423361a35fde572599cc30df652d4645060cb7b,Active,No,https://verify.pharma.in/qr/b294abec40000fe1
QR000221,BAT000221,DRG0021,Atorvastatin 20mg,c1291a18de32c9e7f8f5a4bfcb0489a05d518ae82447566dd6c383fde1e2d909,v2,06-02-2025,Sanofi India,25-07-2027,455,12-05-2026 13:28,Sterling Hospital Ahmedabad,Kiosk,388,67,85.3,0xc189e92bea107969d96570b90600318f8161c41e9d3cae455dd28283baad8f,Active,No,https://verify.pharma.in/qr/c1291a18de32c9e7
QR000222,BAT000222,DRG0022,Clopidogrel 75mg,713ec79c1f35d7434aaa286d2fa8a96ed34b3550d3a234fff561b6fb4f1d1969,v2,23-01-2026,Aurobindo Pharma,07-03-2029,20,28-04-2026 22:50,AMRI Hospital Kolkata,Web,18,2,90.0,0xe3c33163d699bed6d9108d096d47a000008c7da3dba5bc58fb2e8112b1e206,Active,No,https://verify.pharma.in/qr/713ec79c1f35d743
QR000223,BAT000223,DRG0023,Aspirin 75mg,1bfe757dfb1482370bdbfe423cecb486e4ddb58e1057729387e4b2bfe794c946,v2,18-03-2025,Alkem Laboratories,27-10-2027,366,28-04-2026 11:02,MGM Hospital Chennai,Kiosk,355,11,97.0,0x8b31695f7920018ba7f189b2a8b0857155e9b75eda3bdb3f331062fa71887c,Active,No,https://verify.pharma.in/qr/1bfe757dfb148237
QR000224,BAT000224,DRG0024,Warfarin 5mg,0d970fbe3efe3051287e6922f66f7979709e78670f0f80348b8b904981196344,v2,08-06-2025,Biological E Ltd,16-01-2030,21,26-04-2026 09:28,KEM Hospital Pune,Scanner,20,1,95.2,0x07a39a3eca78525f185240531dfe7e58682d71f16e2e6a04a21db2c85771f4,Active,No,https://verify.pharma.in/qr/0d970fbe3efe3051
QR000225,BAT000225,DRG0025,Digoxin 0.25mg,05409c222552db1d55fea29908c888df6d2ee4b57faaa08fb267bc9615dcc263,v2,06-01-2026,Dr Reddy's Laboratories,31-12-2027,449,25-04-2026 05:10,AIIMS Delhi,Kiosk,422,27,94.0,0x0cce19304627008abc6be926c8102fb878d0050937689aa029782ed458aa75,Active,No,https://verify.pharma.in/qr/05409c222552db1d
QR000226,BAT000226,DRG0026,Salbutamol Inhaler,1c59961132f6a76d71f8bbdad6411f39c639fd40681584ae93194f6062dbba02,v2,30-01-2026,Lupin Pharmaceuticals,09-05-2029,441,28-04-2026 07:48,Medanta Hospital Gurugram,Kiosk,393,48,89.1,0xf9e9a998f1b3293e5497152d617b17f7851e9f024f3c18749bd09f83a2e80f,Active,No,https://verify.pharma.in/qr/1c59961132f6a76d
QR000227,BAT000227,DRG0027,Budesonide Inhaler,f322e2223b917cefadb54e1188efaf59993718226fc3ec73c2182787d553e9dc,v2,15-05-2025,Dr Reddy's Laboratories,02-08-2028,457,14-05-2026 11:42,KGMU Lucknow,Kiosk,432,25,94.5,0x73ac53c43f100c0aed267afb2107f8f3bb7a004236c4870951b12f0e060d27,Active,No,https://verify.pharma.in/qr/f322e2223b917cef
QR000228,BAT000228,DRG0028,Montelukast 10mg,92dd9caca726d883b3e8e367988674852fdf3bdd066048b409f8856ec264fcc9,v2,25-03-2025,Novartis India,30-10-2027,98,19-04-2026 22:22,PGIMER Chandigarh,Web,93,5,94.9,0x4fa94adddf6f40bf16a2db3144a157c35213ed14dada3c119f2d8b2a0e4d8c,Active,No,https://verify.pharma.in/qr/92dd9caca726d883
QR000229,BAT000229,DRG0029,Tiotropium Inhaler,e7498c32768dcdd2bd694bc19cf1695e1de5d4b9855dae1b934989fc7c796ba1,v2,30-11-2025,Zydus Cadila,01-07-2027,330,22-04-2026 10:55,MGM Hospital Chennai,Web,283,47,85.8,0xb688aa81fc85ef49166aad4e331581ef0bc06255f3fabaabfdc3b589c3fb55,Active,No,https://verify.pharma.in/qr/e7498c32768dcdd2
QR000230,BAT000230,DRG0030,Doxofylline 400mg,8159c042f70e948067a4666cac07ebd090ce241c8fbd84a722f200b973d6e536,v2,10-06-2025,IPCA Laboratories,02-02-2029,223,12-05-2026 06:43,Medanta Hospital Gurugram,Kiosk,207,16,92.8,0xd897cda57d4a2922cb95758ae8a3ff8dbb6a9dd0bdd6d0717e5b3fb6981188,Active,No,https://verify.pharma.in/qr/8159c042f70e9480
QR000231,BAT000231,DRG0031,Omeprazole 20mg,bd078fee5efd3de63c40ba1a28fe47ad7a1825ea8d4ed10f480d503e849647b1,v2,26-08-2025,GlaxoSmithKline India,13-06-2027,475,15-04-2026 07:15,Medanta Hospital Gurugram,Mobile,444,31,93.5,0x737a3f953c280ef7a9c57714488d9ed39ed768bcbb0ce8efacfbcd2fefe372,Active,No,https://verify.pharma.in/qr/bd078fee5efd3de6
QR000232,BAT000232,DRG0032,Pantoprazole 40mg,3181a4ac455ea163750e3e73472a6d1f101a81ebc8b381bc9083b16618af069b,v2,22-05-2025,Biological E Ltd,23-03-2028,52,14-05-2026 23:43,SMS Hospital Jaipur,Mobile,47,5,90.4,0x676f4ffe56ef247b01d2917b962a235e254aaec32428561441ef92479b2753,Active,No,https://verify.pharma.in/qr/3181a4ac455ea163
QR000233,BAT000233,DRG0033,Ondansetron 4mg,cea67cd912ba4a6ea6bcf756cf10ff8f71906c267626b2a75e08e6c7acda7927,v2,19-02-2026,Alkem Laboratories,06-09-2029,167,09-05-2026 23:38,SMS Hospital Jaipur,Kiosk,143,24,85.6,0x9aaee2967d80cce7e4c7a1b329d3c38a999ad59945a0447850d9dcdd8bffc5,Active,No,https://verify.pharma.in/qr/cea67cd912ba4a6e
QR000234,BAT000234,DRG0034,Domperidone 10mg,2f7f9b6aa6c93dbf8bf2dfbdc599e15cc2ac09f543abee39d1ebe021bba29ddc,v2,13-07-2025,Biological E Ltd,27-11-2028,473,05-05-2026 03:26,Civil Hospital Surat,Web,467,6,98.7,0x7a2b3448e0858516394d9f1c4dd0a12c6d64f0365277d4ce4f8496415f25d8,Active,No,https://verify.pharma.in/qr/2f7f9b6aa6c93dbf
QR000235,BAT000235,DRG0035,Metoclopramide 10mg,89a9d64b9d879b0f987e2c80fd31f3124aec5b9756e8f69e8c5ad2b75289c81a,v2,11-04-2026,GlaxoSmithKline India,14-07-2029,88,29-04-2026 05:02,Medanta Hospital Gurugram,Web,80,8,90.9,0x6c4f99b09957b75ce2a76ac8b8859f71199ccd65f391b82856bd6e7774854e,Active,No,https://verify.pharma.in/qr/89a9d64b9d879b0f
QR000236,BAT000236,DRG0036,Oseltamivir 75mg,2bce98e46584326038a32264128f6d87eb4ec1832d5e949d6da7e851510c05d4,v2,14-10-2025,Novartis India,10-02-2028,110,20-04-2026 14:56,Manipal Hospital Bengaluru,Kiosk,99,11,90.0,0xeb75004173552cba3d04f63a079a5fb124c1707d49cce98fe1653e7f11e352,Active,No,https://verify.pharma.in/qr/2bce98e465843260
QR000237,BAT000237,DRG0037,Acyclovir 400mg,d646a929c9408a1203a1ea26971e0babcf380c936dcbc549f90a5246d5cb6b15,v2,03-01-2025,IPCA Laboratories,29-06-2029,35,29-04-2026 02:02,Yashoda Hospital Hyderabad,Mobile,31,4,88.6,0x117c90f99ed039c0763a09966f9395e1b8751ecff943f2fb5c3abdce5a0fe9,Active,No,https://verify.pharma.in/qr/d646a929c9408a12
QR000238,BAT000238,DRG0038,Tenofovir 300mg,a127b91a4b75ceb23ced15b36e8077285da168ba5dbfaaabc65993ab9edea361,v2,19-03-2025,Aurobindo Pharma,12-08-2026,0,Never,Unknown,Unknown,0,0,0.0,0x3635a34d880642f0f81bd1a415cd0c8381cdbb7e9e6edd04124adfd1b34535,Active,No,https://verify.pharma.in/qr/a127b91a4b75ceb2
QR000239,BAT000239,DRG0039,Remdesivir 100mg Inj,94a825e979517c6d639646d8b518ab36db0d79a7ba808539f4e27f1b05d90555,v2,29-06-2025,Alkem Laboratories,04-05-2030,466,25-04-2026 15:03,Ruby Hall Clinic Pune,Kiosk,433,33,92.9,0xf6a126a93f9ad83f9388fdee1d73e07b8b974bc6b6811b768fcb2a8b937dd1,Active,No,https://verify.pharma.in/qr/94a825e979517c6d
QR000240,BAT000240,DRG0040,Valacyclovir 500mg,b378c4e39e572e2795632169ad004f593766262d1b1797be9418580596811f72,v2,20-12-2025,Dr Reddy's Laboratories,20-10-2028,6,15-04-2026 13:42,AIIMS Delhi,Mobile,5,1,83.3,0xfb789e6dd3a526b0cac1fff1793d54118623dc41a5eab49248fa86cb1ca2db,Active,Yes,https://verify.pharma.in/qr/b378c4e39e572e27
QR000241,BAT000241,DRG0041,Fluconazole 150mg,49e7b79545ed6f49f4a41b84737d62c8382fe469a68daf09836f30f8c7bdc2f1,v2,29-04-2026,Cipla Ltd,03-01-2030,393,01-05-2026 00:45,Yashoda Hospital Hyderabad,Web,375,18,95.4,0x35ef1ce3785ee5f0344bbede0c104fbb6c544e4b8786deba7df5d4d2a28081,Active,No,https://verify.pharma.in/qr/49e7b79545ed6f49
QR000242,BAT000242,DRG0042,Itraconazole 100mg,f331f34454da503ea3e25c16697d9d331ef9d60d0191cc742fa295af55c19454,v2,16-02-2025,Dr Reddy's Laboratories,23-08-2026,18,29-04-2026 21:24,SMS Hospital Jaipur,Web,16,2,88.9,0x504d633f45ccb339aa50c8c192daa5ee0df827308a68317903e0c4e0860db9,Active,No,https://verify.pharma.in/qr/f331f34454da503e
QR000243,BAT000243,DRG0043,Amphotericin B Inj,716275e58066fb7e909c296937e916dfe2d515d7b2dcf582342dd2b6c22875be,v2,19-07-2025,Cadila Healthcare,28-12-2028,434,06-05-2026 00:36,KEM Hospital Pune,Web,374,60,86.2,0x1e79332f060d2898ec782eff46c11a926bc9a5e597c374a54927cf93bdcc8a,Active,No,https://verify.pharma.in/qr/716275e58066fb7e
QR000244,BAT000244,DRG0044,Voriconazole 200mg,131d6018aa0b50b168c7f2e87c98c036581b31be1790c549b7d75e46f0af5289,v2,13-05-2026,Dr Reddy's Laboratories,20-06-2026,390,20-04-2026 06:58,KEM Hospital Pune,Mobile,340,50,87.2,0x476331f6ffc667bd241e3a189845838dd1c23d28fab69c4fd2b3be616066d2,Active,No,https://verify.pharma.in/qr/131d6018aa0b50b1
QR000245,BAT000245,DRG0045,Terbinafine 250mg,e9aec064cc4d4fca854811e47f73c5a9ac70b14f1ec2371ba0295720fc20e8db,v2,02-05-2026,Zydus Cadila,18-07-2028,57,25-04-2026 11:18,SMS Hospital Jaipur,Scanner,51,6,89.5,0x8b9fc53f51c087c594b88df0c960523d8b878c127416082965b9c9d861eb5c,Active,No,https://verify.pharma.in/qr/e9aec064cc4d4fca
QR000246,BAT000246,DRG0046,BCG Vaccine,b81dc1cb416c1fc90c096becd9d43bf1b92efb5d0e3e7ef4bd1c73d1d191a7c6,v2,27-05-2025,AstraZeneca India,06-12-2029,47,15-05-2026 23:49,Apollo Hospital Mumbai,Web,44,3,93.6,0x4458994b64bd3b5ac77506fab9ff08d5e4e10d6579593e83e8d074a52ec4d0,Active,No,https://verify.pharma.in/qr/b81dc1cb416c1fc9
QR000247,BAT000247,DRG0047,Hepatitis B Vaccine,4147967479f1dee801367b1936c8ec7c1735043eac4a2e89cafd83584e51b282,v2,09-08-2025,AstraZeneca India,31-12-2028,227,29-04-2026 07:11,Sterling Hospital Ahmedabad,Kiosk,197,30,86.8,0x2344ce2b997377164e2f6c6fd39352c00a0d1edb0d287c240053b4e642ff3e,Active,No,https://verify.pharma.in/qr/4147967479f1dee8
QR000248,BAT000248,DRG0048,MMR Vaccine,b78c2fe7767d5ec612bc0aa3135de430984dbb271fa529bf6c270677672bb416,v2,02-02-2025,Lupin Pharmaceuticals,04-10-2029,81,13-05-2026 16:53,SMS Hospital Jaipur,Web,75,6,92.6,0xfba8147259cbcb89378cf3cfe426caca9673c6d6d4dc6fd4967dd42a659b7a,Active,No,https://verify.pharma.in/qr/b78c2fe7767d5ec6
QR000249,BAT000249,DRG0049,COVID-19 mRNA Vaccine,45607cda1cdb06ee135d858d92f61e970f59dc8e3dfaa238a3589e98cf4935bc,v2,18-06-2025,AstraZeneca India,06-08-2027,61,28-04-2026 03:37,Apollo Hospital Mumbai,Web,60,1,98.4,0xc7993abf7e1b794825890c7738597a9404c0cc11c0cccb64a990f1331351ea,Active,No,https://verify.pharma.in/qr/45607cda1cdb06ee
QR000250,BAT000250,DRG0050,Influenza Vaccine,152c21a29634ff6867acad190d16122db918352f31976655f9bae048584f667f,v2,23-08-2025,GlaxoSmithKline India,26-12-2027,170,27-04-2026 18:19,Sterling Hospital Ahmedabad,Scanner,158,12,92.9,0x926a23aa03c736bb4eb0b4e5f8faa86b7f40464c89d055a93c3df33cde2e54,Active,No,https://verify.pharma.in/qr/152c21a29634ff68
QR000251,BAT000251,DRG0051,Sertraline 50mg,da511cd10b9a6afff8fa8042f33bcd1c5e96356e91b43531aaf94a293f99dad9,v2,17-05-2025,Pfizer India,17-09-2029,137,26-04-2026 05:21,Manipal Hospital Bengaluru,Web,123,14,89.8,0x42fe13177dd1b8e602c014c5c1a2a138eb80d14c6e31a5006656f05561c55c,Active,No,https://verify.pharma.in/qr/da511cd10b9a6aff
QR000252,BAT000252,DRG0052,Escitalopram 10mg,0c29139b2b87196cece538b6b3a7df207bafbe9ec727869c715fc6f937326cc9,v2,12-07-2025,Aurobindo Pharma,31-10-2026,396,12-05-2026 00:23,Sterling Hospital Ahmedabad,Web,340,56,85.9,0x18d77c9e0249f2cc5ba8e02c0de28073d8d0325d2b580ebcf4a60e565cd84a,Active,No,https://verify.pharma.in/qr/0c29139b2b87196c
QR000253,BAT000253,DRG0053,Olanzapine 10mg,86c20cb0263ff94c66188d5cee8e3546bc2d4f6e3ef785e45d83cc37f5c5d332,v2,26-01-2025,Serum Institute of India,01-03-2030,315,05-05-2026 18:16,PGIMER Chandigarh,Scanner,302,13,95.9,0x1627e09c0adf156556136a1fe51cb62b015d62c0c12b324ca897aca418b6f6,Active,No,https://verify.pharma.in/qr/86c20cb0263ff94c
QR000254,BAT000254,DRG0054,Risperidone 2mg,9288da37ee6189a42ea83bbdb45d811240d0e12beeb239a2d010ac64ce9554a5,v2,14-06-2025,Torrent Pharmaceuticals,07-11-2027,332,25-04-2026 18:33,KEM Hospital Pune,Scanner,297,35,89.5,0x2306825156304a11ea85545edb1e8eddc0ce1817a41cca450bc34d25f6b71f,Active,No,https://verify.pharma.in/qr/9288da37ee6189a4
QR000255,BAT000255,DRG0055,Diazepam 5mg,e0fb758f957115f4afbe38c80d8ad3c467004e357bbd438de3a9cbc9badfe3db,v2,26-02-2025,Cadila Healthcare,24-10-2028,388,17-04-2026 06:23,KGMU Lucknow,Scanner,374,14,96.4,0x2282e65379f32dcf481f309c76120436af24a0e9ff41b42a54c3d99c976869,Active,No,https://verify.pharma.in/qr/e0fb758f957115f4
QR000256,BAT000256,DRG0056,Levetiracetam 500mg,b32c5c55a2678515c66d091b1904a3cf6ae830285255df96dccafbeec94e700e,v2,16-04-2026,Wockhardt Ltd,27-10-2026,149,05-05-2026 10:14,MGM Hospital Chennai,Scanner,130,19,87.2,0x2e76a55e1ca33bcda47209b192083327bebb15d31170c6c76aba7c862512c8,Active,No,https://verify.pharma.in/qr/b32c5c55a2678515
QR000257,BAT000257,DRG0057,Carbamazepine 200mg,13e8db807c5ffcd9b8499eb21174061f28472cbe859b31133c3c5f94064e720d,v2,12-11-2025,Abbott Healthcare India,12-08-2029,37,10-05-2026 07:05,Ruby Hall Clinic Pune,Mobile,36,1,97.3,0x1d4e157a352e52be7ebc1edcdd6f8d04217366db91f75c109a702d0584a49b,Active,No,https://verify.pharma.in/qr/13e8db807c5ffcd9
QR000258,BAT000258,DRG0058,Pregabalin 75mg,dd9a67900d7d30c39a948fd22d593593c5a2f8ff51a51af998abd1b566298830,v2,08-10-2025,Dr Reddy's Laboratories,30-04-2027,227,12-05-2026 16:51,SCB Medical Bhubaneswar,Kiosk,216,11,95.2,0x717eb8c8816b0dfb0069ffab6ec2f5468a23ea0d2f752c14d47b1fc61d1947,Active,No,https://verify.pharma.in/qr/dd9a67900d7d30c3
QR000259,BAT000259,DRG0059,Donepezil 10mg,99196b9f53e00cbfbc95e1209b1cc4fad79baec872a11c2acbfd08a5dbb95a2c,v2,10-03-2026,Serum Institute of India,03-03-2028,243,27-04-2026 10:52,PGIMER Chandigarh,Mobile,241,2,99.2,0xa7aff22d82d1d069df3e335c3c24a305082da19d081a6b63e4ff165871e333,Active,No,https://verify.pharma.in/qr/99196b9f53e00cbf
QR000260,BAT000260,DRG0060,Valproate 500mg,0b517c9e0a43946f7741fa8bdea117f4e89912d531c63f2ad0787f885acf5385,v2,09-03-2025,Sun Pharmaceutical Industries,23-03-2029,138,27-04-2026 12:54,Civil Hospital Surat,Mobile,129,9,93.5,0x898b9968eb18c01a27695661bf0d9f8917d26f43054787015dfa766a2b6195,Active,No,https://verify.pharma.in/qr/0b517c9e0a43946f
QR000261,BAT000261,DRG0061,Levothyroxine 50mcg,75e8c46f19481439868dda829fb15e7db08aae82207b1a7e26d23dff060a7229,v2,10-10-2025,Bharat Biotech,28-01-2030,135,04-05-2026 14:29,Sterling Hospital Ahmedabad,Mobile,130,5,96.3,0xd4b01c9edfc6010c6b872a5184b47da193e7028db0a8b6270cc4ab411a0867,Active,No,https://verify.pharma.in/qr/75e8c46f19481439
QR000262,BAT000262,DRG0062,Prednisolone 10mg,ec8b509894f17a66c36c9bf9bbd7e4bb5607412c78b007a501a14f8a3f0f36cc,v2,26-05-2025,Zydus Cadila,06-04-2029,385,15-05-2026 18:45,KEM Hospital Pune,Kiosk,364,21,94.5,0x41fca155c943f0852ecc0fb0cdd765ffd4043f0fed832bdab50dd50739ca8c,Active,No,https://verify.pharma.in/qr/ec8b509894f17a66
QR000263,BAT000263,DRG0063,Dexamethasone 4mg Inj,d678cdcb5db30dfd45528e3d571a02ef482f36af91bbf7676acd5e17df987f12,v2,03-06-2025,Sun Pharmaceutical Industries,30-11-2029,39,17-04-2026 14:17,SCB Medical Bhubaneswar,Mobile,35,4,89.7,0xe1f93b76b36f36b8942a974cf43ea4914c4f619e9454320a96d43f8ddf6da9,Active,No,https://verify.pharma.in/qr/d678cdcb5db30dfd
QR000264,BAT000264,DRG0064,Hydrocortisone 100mg Inj,33ad35f418b99fcad99e07eeadc3b2e131969a6a7faf698c8a0f6bfba9d2bbdf,v2,25-09-2025,Wockhardt Ltd,04-01-2030,266,25-04-2026 20:09,Yashoda Hospital Hyderabad,Scanner,240,26,90.2,0x2a790595bbf06456858dd1dff975481864a30d61b02d17b25fc5b3d0f5d300,Active,No,https://verify.pharma.in/qr/33ad35f418b99fca
QR000265,BAT000265,DRG0065,Insulin NPH,11de61ec04027cb34200909baeddc80d94d5026cfcd7a1e4c43bb804aa4d5540,v2,06-01-2025,Dr Reddy's Laboratories,23-01-2028,136,18-04-2026 19:17,MGM Hospital Chennai,Mobile,132,4,97.1,0x701e6976a54248e4c681b7a9c86744ecfef8349f3282b0f1e846d876b83f52,Active,No,https://verify.pharma.in/qr/11de61ec04027cb3
QR000266,BAT000266,DRG0066,Methotrexate 2.5mg,7a52f811ec7cfd44679b427a1ccb9cf6045b20ed0bfa2d34d15fbdec95bc789a,v2,05-03-2026,AstraZeneca India,05-01-2029,132,16-04-2026 15:58,MGM Hospital Chennai,Mobile,124,8,93.9,0x01eb4f61c949e88cae45db4f16ba1c57b90ed65f33680e86d1c25b77f21585,Active,No,https://verify.pharma.in/qr/7a52f811ec7cfd44
QR000267,BAT000267,DRG0067,Imatinib 400mg,b32c799a9aea1ad032ab153b7d0925026c5d5aff23b1d01d1c2287529eeff7a3,v2,01-11-2025,Wockhardt Ltd,16-05-2027,73,22-04-2026 15:42,AMRI Hospital Kolkata,Kiosk,68,5,93.2,0x280f5f8e09b2b84a65bb36ee0e1506e106000894ca0e8fd3f83e0d83458812,Active,No,https://verify.pharma.in/qr/b32c799a9aea1ad0
QR000268,BAT000268,DRG0068,Paclitaxel Inj,533908a502dd20f5b5e0d41d5f013f05310c8b2a3ee595d7f0889fa1853dfa92,v2,18-03-2026,Zydus Cadila,06-12-2027,291,29-04-2026 00:19,AIIMS Delhi,Scanner,266,25,91.4,0x3f1147a39bff6b7cdd13a075ebedf50de88d1058812b7dd85cf847af28e8fa,Active,No,https://verify.pharma.in/qr/533908a502dd20f5
QR000269,BAT000269,DRG0069,Cisplatin Inj,fa2857664f8b200aa7b6b7d726fee70834993cfcecee646289708e3aa98e0c3c,v2,26-02-2025,Dr Reddy's Laboratories,30-10-2027,370,26-04-2026 21:28,SCB Medical Bhubaneswar,Mobile,325,45,87.8,0xfd86e0ff2860ac9cbe9e0e48946ad8e29c8146938666a45de7ed176df239fd,Active,No,https://verify.pharma.in/qr/fa2857664f8b200a
QR000270,BAT000270,DRG0070,Capecitabine 500mg,f1b67198054f69da29982bece4767b8828cebbcf3fb660563e6b366e4f2c76da,v2,05-01-2026,Pfizer India,02-11-2026,392,27-04-2026 02:29,AMRI Hospital Kolkata,Mobile,364,28,92.9,0x37f7d186018b166dff333242ab8814f1851bbb437f99e2ec1cf86989345879,Active,No,https://verify.pharma.in/qr/f1b67198054f69da
QR000271,BAT000271,DRG0071,Vitamin D3 60000IU,4ad8bb9a49ccfeaf68387437fb25367fa27ab064e79b945a8b8ef6795679f3fc,v2,14-01-2026,Alkem Laboratories,02-05-2028,495,05-05-2026 03:16,Sterling Hospital Ahmedabad,Mobile,476,19,96.2,0xec2189c8e80872a548e4458a3f0160363846f01f7fa836bda965a7f5db95bc,Active,No,https://verify.pharma.in/qr/4ad8bb9a49ccfeaf
QR000272,BAT000272,DRG0072,Vitamin B12 1mg Inj,76aa8053d5fb2a874436c34c936b2fa2aeccfd708fa10ee776515f4a611f90f1,v2,23-11-2025,Aurobindo Pharma,08-02-2029,484,03-05-2026 12:06,KGMU Lucknow,Scanner,474,10,97.9,0xda12401218f734e4f0473ce494849dc52806fdbf79d2254407f238cb3bb2af,Active,No,https://verify.pharma.in/qr/76aa8053d5fb2a87
QR000273,BAT000273,DRG0073,Folic Acid 5mg,49e6c232ffb2603716540dcb039bdb62c0b27c46f76e7a290fd2d71d6c78025f,v2,15-11-2025,Lupin Pharmaceuticals,11-05-2030,351,07-05-2026 20:04,Yashoda Hospital Hyderabad,Web,330,21,94.0,0xe2693f537768eb18ceb934e71ac9557ed3528460575bc28a33d7eeb4fd65ab,Active,No,https://verify.pharma.in/qr/49e6c232ffb26037
QR000274,BAT000274,DRG0074,Iron 100mg Tablet,5debddf30b7e203bab493ff80a24c155bfd2bab330904499deb8e74d8e0dd5b6,v2,21-01-2026,Cipla Ltd,09-10-2026,490,04-05-2026 13:18,PGIMER Chandigarh,Kiosk,447,43,91.2,0xe8cc55a2f53f4ba1f7fd0b03716d8506498d03943a70e6e2c37825e66c4e8d,Active,No,https://verify.pharma.in/qr/5debddf30b7e203b
QR000275,BAT000275,DRG0075,Calcium + Vit D3,c39c058d2e83e6e6082c548918e6007d11e2dc957bbe9addf09e969ad7d75a9e,v2,29-03-2026,Serum Institute of India,15-06-2029,353,06-05-2026 13:18,SMS Hospital Jaipur,Web,352,1,99.7,0xced60023b1411847e6d9a4ee0e9be45315d13d486581b0667b96975ccaac26,Active,No,https://verify.pharma.in/qr/c39c058d2e83e6e6
QR000276,BAT000276,DRG0076,Hydroxychloroquine 200mg,a2fd3f59eb5024673833a9677d233aa77d1c20bf3dcc1f793659d09f3a3095e0,v2,21-11-2025,Dr Reddy's Laboratories,26-06-2026,387,15-05-2026 19:31,Manipal Hospital Bengaluru,Web,339,48,87.6,0xd60b1d0f6305409564e3842ae64919a19b837926343aa3e8ef753f13262607,Active,No,https://verify.pharma.in/qr/a2fd3f59eb502467
QR000277,BAT000277,DRG0077,Adalimumab 40mg Inj,e3e18fd89ec85f1e9d63510f5ce5b416763a86166e0e412fcc0de32ad8dec36a,v2,16-03-2026,Alkem Laboratories,19-04-2028,427,23-04-2026 21:05,KEM Hospital Pune,Scanner,415,12,97.2,0x17d92c24e438e948d546f29860c354bcce09cca0156e3a0830ae342d9c96bd,Active,No,https://verify.pharma.in/qr/e3e18fd89ec85f1e
QR000278,BAT000278,DRG0078,Tacrolimus 1mg,ed646c1f5b58270ec52ebc25c9974960db7d0f8cf31dce198acd7b91d110baa4,v2,05-02-2026,Bharat Biotech,21-09-2028,299,20-04-2026 01:42,Civil Hospital Surat,Web,284,15,95.0,0xabc71d753235d23bbd1cb937d72de7a04d56ab25d70807d7cb989d5bf44372,Active,No,https://verify.pharma.in/qr/ed646c1f5b58270e
QR000279,BAT000279,DRG0079,Azathioprine 50mg,80a37765f068ccd7a2221a49ea7e4928bf6c00121859332ff0a5a1ae444cc4c5,v2,27-12-2025,Dr Reddy's Laboratories,04-07-2029,21,01-05-2026 20:42,AIIMS Delhi,Scanner,18,3,85.7,0x981790189ea00f79f641c2f359bef8223d9be4dbaffd7483377ccc36b9ce5c,Active,No,https://verify.pharma.in/qr/80a37765f068ccd7
QR000280,BAT000280,DRG0080,Mycophenolate 500mg,60718fa8f8f74f2b9b953ee2b6686b3b0f0597012c18b11f0cf2f690c583e171,v2,03-01-2025,Abbott Healthcare India,11-08-2028,8,09-05-2026 17:59,Medanta Hospital Gurugram,Web,6,2,75.0,0xb6fdf0a36fec786babdc8bf478a971423968d511724b79451064851c1908b1,Active,Yes,https://verify.pharma.in/qr/60718fa8f8f74f2b
QR000281,BAT000281,DRG0081,Albendazole 400mg,c7cd7fdd7e96ef8607756b8e51f177ff3c5565f7077167c225d43f197b1034e0,v2,03-01-2026,Cadila Healthcare,07-04-2029,141,05-05-2026 10:33,Manipal Hospital Bengaluru,Web,133,8,94.3,0x9efcec356b1ac21b7cd1fc0fafb0d80947ccd79de894bd50638684b9d1db9c,Active,No,https://verify.pharma.in/qr/c7cd7fdd7e96ef86
QR000282,BAT000282,DRG0082,Ivermectin 3mg,1cf73098e18a3f43abc5e27d0ad07bfa62a523620be5a4999525447364df937f,v2,13-02-2026,Abbott Healthcare India,05-10-2028,29,08-05-2026 04:39,KGMU Lucknow,Kiosk,26,3,89.7,0xc5589d8192585dd3a639d4dba9cac07b74997fbf2c8cf63b40d74bf269aca1,Active,No,https://verify.pharma.in/qr/1cf73098e18a3f43
QR000283,BAT000283,DRG0083,Artemether-Lumefantrine,47854ec2caa90894874cc49f0d9a2cfa3d8e236f787c85ef93ca912a5bca9ca5,v2,14-06-2025,Cipla Ltd,28-12-2029,374,10-05-2026 03:21,MGM Hospital Chennai,Kiosk,356,18,95.2,0xb9dc068ebbd8dc28b31be46a979df1018530bf5f7ce9bd482c2152070970ba,Active,No,https://verify.pharma.in/qr/47854ec2caa90894
QR000284,BAT000284,DRG0084,Chloroquine 250mg,2bddd3c0f5c299d7c03417703298e5bd7a1e5085009d09bd4875ba6a3d589512,v2,08-09-2025,Sanofi India,30-09-2029,456,27-04-2026 13:05,Apollo Hospital Mumbai,Kiosk,396,60,86.8,0x972498b92cc176fb75acfc374a58b4f1dc92a2d83125d7e61947babdd571db,Active,No,https://verify.pharma.in/qr/2bddd3c0f5c299d7
QR000285,BAT000285,DRG0085,Primaquine 15mg,4c63db8a725240a3c4dba11cc3374f90d50f9ad0d05152bad48b3c3cab263b23,v2,09-06-2025,Cipla Ltd,17-05-2029,253,29-04-2026 22:31,Yashoda Hospital Hyderabad,Web,237,16,93.7,0xc95e4a5b47f03ae2a222b23d9985a0f51e90bf3c08adf5b0544e46a5997251,Active,No,https://verify.pharma.in/qr/4c63db8a725240a3
QR000286,BAT000286,DRG0086,Adrenaline 1mg Inj,74d6fbdf1ed29b8ff543d61c215b27b6ebd9601413df5de4d24f224805e95f55,v2,08-01-2026,GlaxoSmithKline India,02-04-2029,135,28-04-2026 15:38,Civil Hospital Surat,Mobile,128,7,94.8,0xc5ca1cfd3408b4cebd2e06d5f4978871a285efb923e4a7442fff8a9b774e39,Active,No,https://verify.pharma.in/qr/74d6fbdf1ed29b8f
QR000287,BAT000287,DRG0087,Dopamine 200mg Inj,0ae60c3da89e95847b93ae89de5de08fd0afad1e665af429d2eee1c2b93a14ca,v2,06-08-2025,Serum Institute of India,18-09-2028,209,23-04-2026 16:37,Yashoda Hospital Hyderabad,Mobile,203,6,97.1,0x183aa95ef6cb1f8be37f660fba12904050a02136e26654e74eb61fb7b76dcb,Active,No,https://verify.pharma.in/qr/0ae60c3da89e9584
QR000288,BAT000288,DRG0088,Heparin 5000IU Inj,06c59dd7e386b8030505ca46bcbd1126deca36d93965b432649740c51b92d754,v2,17-03-2025,Sun Pharmaceutical Industries,04-06-2029,316,23-04-2026 04:39,SMS Hospital Jaipur,Web,305,11,96.5,0x7b6cac62ad0ccad5d026c9fdee50cce23e0643ce9fb95a9441ca65d746634a,Active,No,https://verify.pharma.in/qr/06c59dd7e386b803
QR000289,BAT000289,DRG0089,Naloxone 0.4mg Inj,5932a08370054a5b1be38548179235da99fec67aa316e13ea1584fd854fe32fe,v2,27-01-2025,Cipla Ltd,29-12-2029,208,20-04-2026 09:14,MGM Hospital Chennai,Scanner,199,9,95.7,0xcacb7837ac01bfbc20d9c11bc030f24eca639f55dd16704ba5c1291dc18964,Active,No,https://verify.pharma.in/qr/5932a08370054a5b
QR000290,BAT000290,DRG0090,Alteplase 50mg Inj,aee5c72a223ff65dba4c35a82c7d77dda744d46079bc068382eeeb38ab678f76,v2,24-01-2026,Biological E Ltd,16-08-2027,49,01-05-2026 04:43,Manipal Hospital Bengaluru,Scanner,46,3,93.9,0x0ad4818cca84058b8d0077b34da73b3b4b36eb5e97ef80cb5c5cc70f1d5857,Active,No,https://verify.pharma.in/qr/aee5c72a223ff65d
QR000291,BAT000291,DRG0091,Betamethasone Cream,cc317348eeedef08fdd9a190a5cd8b665965e43221a97c4901ef6e1546d9da20,v2,12-05-2025,Sanofi India,24-07-2029,227,21-04-2026 00:22,MGM Hospital Chennai,Mobile,215,12,94.7,0x4b06409f4a8b9fe530b2f6e7b35cfc7321a8caf079f198536348da2d07f3e4,Active,No,https://verify.pharma.in/qr/cc317348eeedef08
QR000292,BAT000292,DRG0092,Isotretinoin 20mg,d7913623052358bc8dd173f616ad4efb756d1ea051ce9f4791c55c3cb7d9d895,v2,18-04-2026,Abbott Healthcare India,22-06-2027,399,21-04-2026 14:23,SMS Hospital Jaipur,Mobile,368,31,92.2,0xd2db9f41195ab6ab3f0583f1c7b87174fa9c7672a9bf71dec032dae3582b62,Active,No,https://verify.pharma.in/qr/d7913623052358bc
QR000293,BAT000293,DRG0093,Acitretin 10mg,75df66125b65324037c8c09186a570b565397747b8a6d7e43cf5ece3ab501f41,v2,09-01-2025,Alkem Laboratories,20-11-2027,136,06-05-2026 17:13,SCB Medical Bhubaneswar,Mobile,127,9,93.4,0xe91cc78093e2e5e4c85f4f2b45d9cf567082e197a8e704aca07e3f99bb5d17,Active,No,https://verify.pharma.in/qr/75df66125b653240
QR000294,BAT000294,DRG0094,Clotrimazole Cream,70f1bdee7923196170d33ba2d4619e23b4d870fedacba241519af0930773dde5,v2,24-07-2025,GlaxoSmithKline India,19-10-2027,207,19-04-2026 21:12,Sterling Hospital Ahmedabad,Mobile,205,2,99.0,0x99558b33d768216fda7c4fa028761eff358bbdf79dcdaa1fbfb763e2408917,Active,No,https://verify.pharma.in/qr/70f1bdee79231961
QR000295,BAT000295,DRG0095,Silver Sulfadiazine Cream,aef9f2a32bfa6e7b2cc7eee9dd6046eabbb6483818541fb0957b4ab1fabd607c,v2,25-12-2025,Dr Reddy's Laboratories,26-08-2027,381,25-04-2026 12:55,KEM Hospital Pune,Kiosk,327,54,85.8,0xd1c6a27ee21ad7cd40b2b7dd9630ba876cf860b09ad8feffb312586afc01ef,Active,No,https://verify.pharma.in/qr/aef9f2a32bfa6e7b
QR000296,BAT000296,DRG0096,Latanoprost Eye Drops,85506138753fc5c8d5c5537f94fb463d489d57e8f2319796a7f2ce38df239e21,v2,10-06-2025,Wockhardt Ltd,26-01-2029,289,30-04-2026 21:12,AMRI Hospital Kolkata,Mobile,258,31,89.3,0xd5b3b4c25c20fb1f7102add19d11e1061efbd83044f520a58f0a99f0f39c72,Active,No,https://verify.pharma.in/qr/85506138753fc5c8
QR000297,BAT000297,DRG0097,Ciprofloxacin Eye Drops,44482a9d684ce184d178b64c00f7534a6782440c558590e03e32619392d970c7,v2,20-11-2025,Novartis India,08-09-2029,437,25-04-2026 11:51,Yashoda Hospital Hyderabad,Scanner,391,46,89.5,0xa317b4eb046af4241590c6d35eb59b78bcadc1d1b6327f59eecf79e9c36d93,Active,No,https://verify.pharma.in/qr/44482a9d684ce184
QR000298,BAT000298,DRG0098,Moxifloxacin Eye Drops,e501e80b53fca65569c7cfd3d8aff1d53f14631f5b6527a93d6f9810505b00c4,v2,11-08-2025,Wockhardt Ltd,03-04-2027,51,07-05-2026 04:12,Sterling Hospital Ahmedabad,Scanner,43,8,84.3,0xb3f0214ed3fe05fd9572fa4a0cee150bf384867879e2f78d64dfb97dc37373,Active,Yes,https://verify.pharma.in/qr/e501e80b53fca655
QR000299,BAT000299,DRG0099,Timolol Eye Drops,850adefe7a3fb84100e7eb3f77c2a337baf1eefa6cde1ebf168dac0de06611db,v2,31-01-2025,GlaxoSmithKline India,01-07-2026,271,30-04-2026 01:41,AIIMS Delhi,Mobile,255,16,94.1,0x3f6a16fd11eba4ed936a870fed43ebb4e4948e0b7ea971245307a07b26c323,Active,No,https://verify.pharma.in/qr/850adefe7a3fb841
QR000300,BAT000300,DRG0100,Artificial Tears,3c02a2b0676f3d746827eb1b85dfff0e118c26f1e8b203c00ff78013297bb01f,v2,29-07-2025,Aurobindo Pharma,11-10-2029,495,14-05-2026 20:44,KEM Hospital Pune,Web,448,47,90.5,0xa387afd6f7976562ef7a6d33093619c6ed22be5e1cee2547539bb39b91e5a2,Active,No,https://verify.pharma.in/qr/3c02a2b0676f3d74
QR000301,BAT000301,DRG0001,Amoxicillin 500mg,4b48976d9eb4a42f0850cdbd5860d8ffdc8ecbaa61757f7d4ae70040a4c8cb93,v2,12-09-2025,Alkem Laboratories,05-11-2028,449,02-05-2026 22:07,Yashoda Hospital Hyderabad,Kiosk,426,23,94.9,0x3822f91256d60932acf1846ddd553783c282204c18acf06966e249dbcb9a53,Active,No,https://verify.pharma.in/qr/4b48976d9eb4a42f
QR000302,BAT000302,DRG0002,Azithromycin 250mg,33d084a8b24f819c6bfd5e94d689cf7755f57d272ed07d28dec546720552a56a,v2,17-12-2025,AstraZeneca India,13-12-2029,444,12-05-2026 19:35,PGIMER Chandigarh,Kiosk,397,47,89.4,0xad7f1d9033015739b2e8dae64036387813f30586bb05c524761517dc5492b7,Active,No,https://verify.pharma.in/qr/33d084a8b24f819c
QR000303,BAT000303,DRG0003,Ciprofloxacin 500mg,7e1649dbdfd07df5a125ef72ceb3df8dc33cd6d06c6a53e66357cfd92aca518a,v2,04-03-2025,Sun Pharmaceutical Industries,16-05-2028,96,05-05-2026 11:59,SCB Medical Bhubaneswar,Mobile,85,11,88.5,0x8eabed17388678256c62a11d9ec29631ab437d8fdd971802fa0f11a127ffbf,Active,No,https://verify.pharma.in/qr/7e1649dbdfd07df5
QR000304,BAT000304,DRG0004,Metronidazole 400mg,069e477b6de82aeac8578f5c196a2c0d6988ec9970557d7ab923aabeeb547f44,v2,31-05-2025,Bharat Biotech,06-03-2027,261,27-04-2026 10:23,Ruby Hall Clinic Pune,Kiosk,242,19,92.7,0x3d38eeffd532a99e0545814664780d2b7883a1aa161c78c5acf3c72f9c97fe,Active,No,https://verify.pharma.in/qr/069e477b6de82aea
QR000305,BAT000305,DRG0005,Ceftriaxone 1g Inj,a6434108c2764fb72264d26da4b8a4a11283ba31af1a16bd7bc7e16685b9160f,v2,04-05-2025,Biological E Ltd,18-11-2028,171,12-05-2026 08:48,Sterling Hospital Ahmedabad,Web,158,13,92.4,0xcb6fad5bb93fee7c0a00848f881aa7caa23cfbafcbe402b47203fa844e6e0b,Active,No,https://verify.pharma.in/qr/a6434108c2764fb7
QR000306,BAT000306,DRG0006,Paracetamol 500mg,e85be13f280a55e593bec7645d58afd88d41aedebd3afac6fe828e2d4a5a7e71,v2,09-03-2025,Sanofi India,14-01-2030,87,11-05-2026 13:53,AIIMS Delhi,Mobile,75,12,86.2,0x6ce7de808465b857b6b8f815aebdb1051e7a59a68a7858bf76e34d022b356f,Active,No,https://verify.pharma.in/qr/e85be13f280a55e5
QR000307,BAT000307,DRG0007,Ibuprofen 400mg,40ce2339b090a7420ed598eca3bb8731f3c0ca9b44525585bda2889ac59494b4,v2,23-11-2025,Aurobindo Pharma,18-12-2027,275,25-04-2026 15:27,PGIMER Chandigarh,Kiosk,261,14,94.9,0xa232d230a0195a70a1e1dfb0dfce0edfffea59d57c08bd6c27d0fad9d0dcc9,Active,No,https://verify.pharma.in/qr/40ce2339b090a742
QR000308,BAT000308,DRG0008,Tramadol 50mg,8b8d4ed936a7beabcb5e50780fd55ed495cc2becac4f4357ca772409bccb5762,v2,05-10-2025,Zydus Cadila,03-11-2026,374,21-04-2026 16:00,SCB Medical Bhubaneswar,Mobile,351,23,93.9,0xf538a7b3a71ec754a17ca5268be61a7c5777e3f43595fb79622c20fc8a6bbb,Active,No,https://verify.pharma.in/qr/8b8d4ed936a7beab
QR000309,BAT000309,DRG0009,Morphine 10mg Inj,cc232a89b76e5e52129bb8ed3628f1bd68d5857fde72610152d4a1c4d0953883,v2,23-10-2025,Alkem Laboratories,21-01-2030,63,11-05-2026 10:24,KGMU Lucknow,Kiosk,55,8,87.3,0x01651e9304dafa37b99b6fc0016e11480ee2c32aa4714d64e0d54614ed7958,Active,No,https://verify.pharma.in/qr/cc232a89b76e5e52
QR000310,BAT000310,DRG0010,Diclofenac 50mg,60ead5f40ca829909d55ac668cdc86d45160fee042dcfdba8068f2c4266a5e4d,v2,01-07-2025,Torrent Pharmaceuticals,22-07-2029,493,27-04-2026 20:00,Manipal Hospital Bengaluru,Kiosk,469,24,95.1,0xdb169c09e65b103ab0312374acec08a34768b85a973c735c9da885fc6c41a9,Active,No,https://verify.pharma.in/qr/60ead5f40ca82990
QR000311,BAT000311,DRG0011,Amlodipine 5mg,66317d454bb79a64c39edcedc8a47f0a23e726eb32fc6be7021bcfca6ad2ef2c,v2,01-08-2025,Bharat Biotech,19-09-2027,61,17-04-2026 00:22,Apollo Hospital Mumbai,Web,55,6,90.2,0x380221176ac535b9367eb134316deaaf9934ed5e4d332521777b47eedb0c08,Active,No,https://verify.pharma.in/qr/66317d454bb79a64
QR000312,BAT000312,DRG0012,Losartan 50mg,3f0c8de1bf40f09004142452d9e301a77175c8be1688150ebfccc05603094bcd,v2,28-04-2025,Pfizer India,08-07-2028,470,07-05-2026 18:02,KEM Hospital Pune,Kiosk,455,15,96.8,0xfb3f501b4694cf1843c842fce0e6585b94296f56f312d65d5d5c95ca6aa968,Active,No,https://verify.pharma.in/qr/3f0c8de1bf40f090
QR000313,BAT000313,DRG0013,Atenolol 50mg,240bd37dac20db7d5a032804dc6fa3e4505bc8248b218ac45a70c55b6ff17ddf,v2,27-08-2025,Wockhardt Ltd,15-12-2028,114,26-04-2026 12:11,Medanta Hospital Gurugram,Web,113,1,99.1,0xa7dbd6313766d9709cf1d880b8303a20d31d0246ecc460da45a6068a6b3906,Active,No,https://verify.pharma.in/qr/240bd37dac20db7d
QR000314,BAT000314,DRG0014,Furosemide 40mg,322a373c783aec92b413672d7707f191b9dc54592c92835d2f28ac74c308e910,v2,21-05-2025,Sanofi India,03-08-2027,342,30-04-2026 07:05,SMS Hospital Jaipur,Kiosk,298,44,87.1,0x96a07451c365a00208c4ea691d321b2d9ba94ed050107e2219e4c9735638ce,Active,No,https://verify.pharma.in/qr/322a373c783aec92
QR000315,BAT000315,DRG0015,Ramipril 5mg,d0969fc93fb605dcd551558f92db7fdb00f220f5493b294e21cb9e45be5cc992,v2,16-12-2025,Cipla Ltd,15-02-2030,461,11-05-2026 19:47,Manipal Hospital Bengaluru,Mobile,442,19,95.9,0x807965a1381652775410f9a35c117d9fad6fcd840ce601fd4cc2c97249f20e,Active,No,https://verify.pharma.in/qr/d0969fc93fb605dc
QR000316,BAT000316,DRG0016,Metformin 500mg,7d75d1b827ee8afd4520b7f8b711790de3dc0d562c733180a737c2ccd3b5a407,v2,27-12-2025,Wockhardt Ltd,25-03-2027,158,06-05-2026 00:05,Medanta Hospital Gurugram,Web,137,21,86.7,0x91d281dfba265079e0508eb8e4111f5d3ebc1b6764005a6efa2499ddc5e618,Active,No,https://verify.pharma.in/qr/7d75d1b827ee8afd
QR000317,BAT000317,DRG0017,Glimepiride 2mg,89b132030a09e2d60a240c3138a0a21d0c39b6f13a1c5ea6bf029fbec2d45856,v2,20-07-2025,AstraZeneca India,22-09-2029,459,14-05-2026 00:54,Sterling Hospital Ahmedabad,Web,426,33,92.8,0xd41b596d044e254c659739885860c1d1b65c53b598bc8e372c31e67dc9f56e,Active,No,https://verify.pharma.in/qr/89b132030a09e2d6
QR000318,BAT000318,DRG0018,Insulin Glargine,9896eb97ae928f98785b6002da2c180283ab471ddd0f1a322bd62de851186b09,v2,04-01-2026,IPCA Laboratories,17-08-2028,89,13-05-2026 16:11,Apollo Hospital Mumbai,Mobile,81,8,91.0,0xe2a4ec55e6abacc82a382568c4d68c36d94e8a06cbf790484ff1a1b444b562,Active,No,https://verify.pharma.in/qr/9896eb97ae928f98
QR000319,BAT000319,DRG0019,Sitagliptin 100mg,fff3898e3a19369dd1ca270f9ff5a82b27c1343a4886aa4bacfc3cada81166b7,v2,01-12-2025,Abbott Healthcare India,06-03-2030,208,28-04-2026 10:18,Manipal Hospital Bengaluru,Kiosk,199,9,95.7,0xbe259663df61768bac1ed81db1a808fc5aa6e550959311663c95081d430814,Active,No,https://verify.pharma.in/qr/fff3898e3a19369d
QR000320,BAT000320,DRG0020,Empagliflozin 10mg,89a2e345c2b0da858fe825de1f51ecd5e7d9703ab1f0d28abfc4c6cc77fcead8,v2,11-10-2025,Pfizer India,21-09-2029,417,15-05-2026 16:41,AIIMS Delhi,Scanner,385,32,92.3,0x2c3cf7ffe333c28d665357473c948b2592c8a8f0b0320731c41cdc8b6b8108,Active,No,https://verify.pharma.in/qr/89a2e345c2b0da85
QR000321,BAT000321,DRG0021,Atorvastatin 20mg,a3b794850b9609af9e04a0438da1db1ef2576671ebaefa7931c82d9f93ff5cdc,v2,04-01-2025,Cipla Ltd,30-12-2027,461,21-04-2026 06:49,SCB Medical Bhubaneswar,Scanner,447,14,97.0,0xe5213546d546795fa026000cbf08749120dd9960468ee7b1af9c7722ad647a,Active,No,https://verify.pharma.in/qr/a3b794850b9609af
QR000322,BAT000322,DRG0022,Clopidogrel 75mg,13796fafb2c090e7399d197cdc1651b0ec88ece8cbeada5cf96e4029befd592a,v2,29-05-2025,Pfizer India,19-05-2029,473,17-04-2026 14:25,KGMU Lucknow,Web,437,36,92.4,0xb05e1cc8452704400fdaead8faa68a5799921104bc69103354507a3b1d53e6,Active,No,https://verify.pharma.in/qr/13796fafb2c090e7
QR000323,BAT000323,DRG0023,Aspirin 75mg,c6ce3d288f8fdbacd79aa624ce97be80544f90c3cf0b04f3fcff79c9129615cf,v2,24-02-2025,Torrent Pharmaceuticals,26-01-2030,77,13-05-2026 12:53,AMRI Hospital Kolkata,Mobile,72,5,93.5,0xac0a27a4e57ed429670125292bbb13cdce63cbc8589541c077a49d525e1295,Active,No,https://verify.pharma.in/qr/c6ce3d288f8fdbac
QR000324,BAT000324,DRG0024,Warfarin 5mg,9f5d5f185bce569ea9c5a69b224a8795bbb2be2a2298a20e0b1dd0355b7da22a,v2,22-01-2026,Biological E Ltd,29-05-2029,204,15-04-2026 17:17,PGIMER Chandigarh,Mobile,186,18,91.2,0xe2e502a3155041acd3f8b59dc74f86857970d8f31becde89f86d85222fc798,Active,No,https://verify.pharma.in/qr/9f5d5f185bce569e
QR000325,BAT000325,DRG0025,Digoxin 0.25mg,554027adba3fab1a57df0ddb2bb0e68cf3082f88bab0d97e6edb7ed67c6a9d7a,v2,03-03-2026,Zydus Cadila,12-02-2028,327,24-04-2026 09:36,Yashoda Hospital Hyderabad,Scanner,282,45,86.2,0xcce5342a8555155d7d78c4df0bb51cef093ee4d4c8fb7c460125aee85d3cd8,Active,No,https://verify.pharma.in/qr/554027adba3fab1a
QR000326,BAT000326,DRG0026,Salbutamol Inhaler,dea8af7cbad6ae49504784e89387af8c2f09c103b9bcf478f95cdaf8c849e5c6,v2,29-03-2025,Lupin Pharmaceuticals,30-05-2028,445,15-05-2026 01:03,Apollo Hospital Mumbai,Kiosk,409,36,91.9,0x628c80a72dda00112d7967969d2b8e04c385b64892957844f4406e2a7b121d,Active,No,https://verify.pharma.in/qr/dea8af7cbad6ae49
QR000327,BAT000327,DRG0027,Budesonide Inhaler,e16b61a6ee111393f1b11d8d7cc30c727056e1438d2522d2c7c389f9902c0e98,v2,10-11-2025,Sanofi India,07-06-2028,217,19-04-2026 04:15,Manipal Hospital Bengaluru,Web,215,2,99.1,0xaaa67b5561cce0110912a833df7583d9ce30b1cc70082d16319d04591a5924,Active,No,https://verify.pharma.in/qr/e16b61a6ee111393
QR000328,BAT000328,DRG0028,Montelukast 10mg,4b6b42e4546a1129cb5fd95c478684d5d65df9e607285444960ccdaccff67afe,v2,11-07-2025,Sun Pharmaceutical Industries,04-12-2028,92,05-05-2026 13:36,MGM Hospital Chennai,Kiosk,81,11,88.0,0x16990bbb48390a77e05ac062e4ad322671032945513ca0ab5a4113139f544f,Active,No,https://verify.pharma.in/qr/4b6b42e4546a1129
QR000329,BAT000329,DRG0029,Tiotropium Inhaler,d53a3ea5719f6e2ebbfb5d3b70e3a5633f7a4047597478bf6a18f65957442b0d,v2,01-02-2025,Cipla Ltd,11-06-2029,334,06-05-2026 09:04,MGM Hospital Chennai,Mobile,302,32,90.4,0xaad43b3cc5053593df3101a2ddbc1aa05763dd4a1234a093e027dbc8c72144,Active,No,https://verify.pharma.in/qr/d53a3ea5719f6e2e
QR000330,BAT000330,DRG0030,Doxofylline 400mg,da51102c89ae22e2aef47d7ad688a6a928348f0773aeabeed42d87e4948687f9,v2,01-10-2025,Cipla Ltd,04-12-2028,54,12-05-2026 00:15,Medanta Hospital Gurugram,Web,47,7,87.0,0xfafa20ecb71ef88c04a84d0221c5c0ada897965c1882f7c3d49d7dbd9542a6,Active,No,https://verify.pharma.in/qr/da51102c89ae22e2
QR000331,BAT000331,DRG0031,Omeprazole 20mg,531d43a18f4ca148ebddc771ca1b5aa234f20b709bafe341bfa540352cb9e510,v2,08-02-2025,Biological E Ltd,23-03-2030,181,11-05-2026 03:28,MGM Hospital Chennai,Mobile,162,19,89.5,0xd4d1f6427240ce773c051ff18af75c39794218fd6ee9c931c1e24d2946db3c,Active,No,https://verify.pharma.in/qr/531d43a18f4ca148
QR000332,BAT000332,DRG0032,Pantoprazole 40mg,59bbc46df00778e4b8924cfda13308ee1b2bbc3b9874784d0a0fb3f7e6391091,v2,17-02-2025,Sanofi India,10-11-2029,270,26-04-2026 08:35,Ruby Hall Clinic Pune,Mobile,241,29,89.3,0x0217df38de2a9d85506b10f7f4c1a24791067686094c2c6384c8356c1478eb,Active,No,https://verify.pharma.in/qr/59bbc46df00778e4
QR000333,BAT000333,DRG0033,Ondansetron 4mg,6efd0827d3effddb3c882d04720775d1c9960ca0908b49a86584e56a1f1310fd,v2,26-11-2025,Wockhardt Ltd,31-01-2027,297,15-04-2026 22:09,Civil Hospital Surat,Kiosk,282,15,94.9,0x69152b3add12387d70fd79efb738a31af9731068d677053b36f713e0b2a9a9,Active,No,https://verify.pharma.in/qr/6efd0827d3effddb
QR000334,BAT000334,DRG0034,Domperidone 10mg,dff5da2a7576d9fc542f91b83b0153cb22f85651cd0dd239d353cf56284601b3,v2,13-12-2025,Cipla Ltd,25-03-2028,383,10-05-2026 21:32,Manipal Hospital Bengaluru,Scanner,355,28,92.7,0x74ad1cb519cb0c423d2e91f455b5efe75e9bcfea54e9cfa851766e06e6173b,Active,No,https://verify.pharma.in/qr/dff5da2a7576d9fc
QR000335,BAT000335,DRG0035,Metoclopramide 10mg,14ea8db30512c3867986dc6d155b7d42ebabdf80d5713706b26c66e4471db8b1,v2,04-01-2026,AstraZeneca India,04-04-2029,297,06-05-2026 22:06,MGM Hospital Chennai,Scanner,294,3,99.0,0x0975c83669857dd366a2c8ddf4c101c5b42609c5a337967393b73c8a34aee2,Active,No,https://verify.pharma.in/qr/14ea8db30512c386
QR000336,BAT000336,DRG0036,Oseltamivir 75mg,0e85d6a4fba6a8d541bb52be41300549070539afd9193830b77a7127cef43546,v2,13-02-2026,Serum Institute of India,11-08-2027,198,01-05-2026 09:40,KEM Hospital Pune,Mobile,176,22,88.9,0x594cca1c032676a54be345f1e8202417f3edf7b97d117d54c4cc4689f180c2,Active,No,https://verify.pharma.in/qr/0e85d6a4fba6a8d5
QR000337,BAT000337,DRG0037,Acyclovir 400mg,c2563c9949d1d551c4cd4cdc8fca87ab5bd5cdbb43a5e9bb8f5dcceb8e8b84da,v2,20-12-2025,Biological E Ltd,09-03-2028,216,09-05-2026 10:36,PGIMER Chandigarh,Kiosk,192,24,88.9,0x299f4a31ba9dc585953964b1469dbf871148a05dfce477c571bc9832557a4f,Active,No,https://verify.pharma.in/qr/c2563c9949d1d551
QR000338,BAT000338,DRG0038,Tenofovir 300mg,bf0b9731fa850c650b6531b6ec31d00562d1b9091d5e4b6143baf40c2d5cddc4,v2,02-01-2025,Novartis India,05-12-2026,437,17-04-2026 00:04,Manipal Hospital Bengaluru,Scanner,374,63,85.6,0x0eb78c27457ec17d76169d00a78d022a7f979860645528decf5e62450f7473,Active,No,https://verify.pharma.in/qr/bf0b9731fa850c65
QR000339,BAT000339,DRG0039,Remdesivir 100mg Inj,ebea9e41d00eaa34c09d78e8b7ffb3f85973033325d402edd4799124393c813d,v2,02-05-2026,Aurobindo Pharma,05-08-2029,274,30-04-2026 15:23,MGM Hospital Chennai,Mobile,241,33,88.0,0x7391c922315f310731b5bd2e6ac82b104aeddee66e4a3528f214e0d1a489c9,Active,No,https://verify.pharma.in/qr/ebea9e41d00eaa34
QR000340,BAT000340,DRG0040,Valacyclovir 500mg,f90fcb8f7afb5bbb11f43d4bd92d6b58ffcbc2240c4b7947240eb37d15b7d72d,v2,26-10-2025,Lupin Pharmaceuticals,10-12-2029,90,21-04-2026 09:51,KGMU Lucknow,Mobile,80,10,88.9,0x0422f39c89d2a6b516090bcc003a8d307d31bb14e0c8f267dcbf3978e33f76,Active,No,https://verify.pharma.in/qr/f90fcb8f7afb5bbb
QR000341,BAT000341,DRG0041,Fluconazole 150mg,644c575b3c2c6da957bef7d617f13be29f02bee0d3a83d21ceee1b42e188629e,v2,30-08-2025,Pfizer India,01-08-2028,143,13-05-2026 09:08,AIIMS Delhi,Kiosk,122,21,85.3,0x4b1f32c7ba6a6bdb4980cf91194866ec5cf7e750012cc4c102e2c9e8f992d3,Active,No,https://verify.pharma.in/qr/644c575b3c2c6da9
QR000342,BAT000342,DRG0042,Itraconazole 100mg,4ad0b9cffec5f88c338c2c71e72074f4b5925ef8774fb1f386b9bc368aa5cce9,v2,19-04-2025,Bharat Biotech,16-09-2028,203,10-05-2026 10:00,Sterling Hospital Ahmedabad,Web,178,25,87.7,0xad4281aed678030495c3269f543b011f9ac114bf71534b6f2e33c2e04f08f4,Active,No,https://verify.pharma.in/qr/4ad0b9cffec5f88c
QR000343,BAT000343,DRG0043,Amphotericin B Inj,9911fd56232b6dbea0e46ac442e1aacc122e3cc460d08e785e3e0e9aeb76601a,v2,21-02-2026,Aurobindo Pharma,14-09-2027,152,24-04-2026 19:07,Apollo Hospital Mumbai,Mobile,134,18,88.2,0x5d33fe19f580feb34d3e7335b5cf6075e283a31df9ef75ea924d7f0d0602ba,Active,No,https://verify.pharma.in/qr/9911fd56232b6dbe
QR000344,BAT000344,DRG0044,Voriconazole 200mg,fa2fd1b9cf93cc46cfd46a673a9ba74557aa842b7e096619dd70e1739bc39162,v2,17-08-2025,Alkem Laboratories,16-02-2028,348,15-05-2026 22:58,KGMU Lucknow,Web,320,28,92.0,0x1da4aa75f4ab61749a429fa617fb61b673892d2c07b553152c4c3c58d84e4d,Active,No,https://verify.pharma.in/qr/fa2fd1b9cf93cc46
QR000345,BAT000345,DRG0045,Terbinafine 250mg,43c4164ee3cadb076f8522a247ab01cdece5b99852669c9ae9dd5ef972e1f573,v2,20-02-2026,Cipla Ltd,25-09-2027,370,27-04-2026 18:27,KEM Hospital Pune,Mobile,367,3,99.2,0x32bfd93c0949dd2531dcdd68b246c838c854628edf87b077841f02f2bc1b8c,Active,No,https://verify.pharma.in/qr/43c4164ee3cadb07
QR000346,BAT000346,DRG0046,BCG Vaccine,38a16aecd54216ce7c3e8c46cc79828aa246a4423053defff46ad6ad20afb082,v2,18-02-2026,GlaxoSmithKline India,20-06-2029,129,23-04-2026 00:16,KGMU Lucknow,Kiosk,128,1,99.2,0xf47ef7f89b9c93a5fe00e9ba74dffd039277c643c22561ce4c5cb8eb27064f,Active,No,https://verify.pharma.in/qr/38a16aecd54216ce
QR000347,BAT000347,DRG0047,Hepatitis B Vaccine,15f83ffef1ef1f45a53650b6db359713778b5035ff0286b0bfcc026bb6ebdab8,v2,28-06-2025,Bharat Biotech,21-08-2028,362,12-05-2026 03:51,Yashoda Hospital Hyderabad,Web,329,33,90.9,0x7972af5e28aa818dba092bf8c08dc04d478304fff545e7c1a7f0ce0eb4071b,Active,No,https://verify.pharma.in/qr/15f83ffef1ef1f45
QR000348,BAT000348,DRG0048,MMR Vaccine,e14144bd29f36a3fdad4a3e757555272a8f20d059e287014c05f88cb3f6c7cba,v2,22-12-2025,Abbott Healthcare India,13-12-2028,423,29-04-2026 13:51,KEM Hospital Pune,Web,418,5,98.8,0xffb33ae33657e1d271eb057a160a7e9dbdce967af7694213ca9735fc66d141,Active,No,https://verify.pharma.in/qr/e14144bd29f36a3f
QR000349,BAT000349,DRG0049,COVID-19 mRNA Vaccine,82e9e72430639ae4fee07348494d076c05be5d7b56b008c712c31cf004cea302,v2,28-12-2025,Aurobindo Pharma,01-10-2027,341,04-05-2026 13:45,Medanta Hospital Gurugram,Mobile,320,21,93.8,0x0be847c056ea853d2ca9b6cfdea9be73b6134a7368d3b1059d17fa7914eac9,Active,No,https://verify.pharma.in/qr/82e9e72430639ae4
QR000350,BAT000350,DRG0050,Influenza Vaccine,d1da7adc403cf62cdc01606eb7031f1b7741ee5ff70fc084dfbfe8dc38fb943e,v2,16-04-2026,AstraZeneca India,20-04-2029,410,24-04-2026 14:31,Apollo Hospital Mumbai,Scanner,393,17,95.9,0x7780c20c27cc37f4d8098afe4ae168794a3d3c379e363cddc118932d12649a,Active,No,https://verify.pharma.in/qr/d1da7adc403cf62c
QR000351,BAT000351,DRG0051,Sertraline 50mg,4de6dfab43395258c447fa78a6c1b848e94d7fe7ed821d94b225bafec53c95f9,v2,05-04-2025,Biological E Ltd,23-09-2026,70,25-04-2026 23:51,Sterling Hospital Ahmedabad,Mobile,68,2,97.1,0x5f141d92b19a59ea223c696223cb498f8d34d89649ddb8093c16ada30fb7f4,Active,No,https://verify.pharma.in/qr/4de6dfab43395258
QR000352,BAT000352,DRG0052,Escitalopram 10mg,77b392b58c6a78a408f76878ca0c6727e067cd64b25beb33321d7c85e6019399,v2,01-05-2026,Biological E Ltd,07-07-2028,54,05-05-2026 09:22,SCB Medical Bhubaneswar,Kiosk,52,2,96.3,0xcdf473a3eeb425150687ab8eab83b5bef48ebf10e1bf44f2d7d8a30e4229c3,Active,No,https://verify.pharma.in/qr/77b392b58c6a78a4
QR000353,BAT000353,DRG0053,Olanzapine 10mg,66b3112163ad4934bd7c6a8455fd76a251851a96945d8013e90c0794008aecb1,v2,15-05-2025,Wockhardt Ltd,03-10-2026,189,11-05-2026 12:48,Civil Hospital Surat,Scanner,163,26,86.2,0xfe10c12ebc902d15f1bd4e052300e41c436b8447b0e04b75c6a0e838b009e4,Active,No,https://verify.pharma.in/qr/66b3112163ad4934
QR000354,BAT000354,DRG0054,Risperidone 2mg,7b0ffa304bbd46aeaf256199d8cb60ac713cd6027eb4662d5d530bb2ae28a353,v2,15-12-2025,Torrent Pharmaceuticals,07-11-2027,211,26-04-2026 21:20,Manipal Hospital Bengaluru,Scanner,201,10,95.3,0x0d3cea62943b9986c6e68b255a7a093b0a4a6c6df53fdb1aae81ed953a5740,Active,No,https://verify.pharma.in/qr/7b0ffa304bbd46ae
QR000355,BAT000355,DRG0055,Diazepam 5mg,3d92b154fb710405fbf2e8a6c95ef8ff044d1078c11aaac36ded6c141e178db0,v2,10-03-2025,Zydus Cadila,09-10-2026,485,09-05-2026 02:02,Medanta Hospital Gurugram,Web,419,66,86.4,0xb06fcfc497aa4fd989a2dd7cee05eb4d3ad21e7aed5b5eb088dc7d599b7eb0,Active,No,https://verify.pharma.in/qr/3d92b154fb710405
QR000356,BAT000356,DRG0056,Levetiracetam 500mg,41466f1237ba9b81c6ec518f689a75e958471ce33b932f428f5c0cffc4e34f28,v2,02-01-2025,Aurobindo Pharma,03-08-2027,432,02-05-2026 14:29,Medanta Hospital Gurugram,Web,405,27,93.8,0x423625b45e98cd3ad237d9a27b6550269fd8a11799ccd9f3d7fbeb6f3eb921,Active,No,https://verify.pharma.in/qr/41466f1237ba9b81
QR000357,BAT000357,DRG0057,Carbamazepine 200mg,14cab503028e062613bb5051ed416c0eb2e3ac004b8c2406b06b618816d94652,v2,29-07-2025,Zydus Cadila,02-08-2027,478,08-05-2026 00:23,Civil Hospital Surat,Kiosk,447,31,93.5,0x2d2286224a2dfb0053609cc9289a39a86ce43124171ad11df2e593c7c171f7,Active,No,https://verify.pharma.in/qr/14cab503028e0626
QR000358,BAT000358,DRG0058,Pregabalin 75mg,0611e574c16e2ea175fdcdcbc38905fa176119b5c938d84545b213266e3e0779,v2,04-01-2025,Abbott Healthcare India,25-06-2027,343,23-04-2026 17:18,SCB Medical Bhubaneswar,Web,323,20,94.2,0x64213d2cf8f4f63857ef63f3e2cb70619cf436b17cbd256ee2de8b28452cc3,Active,No,https://verify.pharma.in/qr/0611e574c16e2ea1
QR000359,BAT000359,DRG0059,Donepezil 10mg,3298bcd8f3f94b2fbb2788bce19e5a7cb06460e6dbf65fe41a0049e578392b16,v2,14-06-2025,Wockhardt Ltd,26-05-2029,43,21-04-2026 23:47,SCB Medical Bhubaneswar,Scanner,37,6,86.0,0xe2cb958f4a5386a0bc4c082e2cf679b3070b338b580de29c6dbac88be730b9,Active,No,https://verify.pharma.in/qr/3298bcd8f3f94b2f
QR000360,BAT000360,DRG0060,Valproate 500mg,c5fc564b63de9053bf072d8e80989fa47695febbac71bce1e0f054863bf087b3,v2,18-04-2025,IPCA Laboratories,30-09-2027,469,29-04-2026 03:33,AMRI Hospital Kolkata,Kiosk,445,24,94.9,0xb3da2a401a24fdeea0981c81a671d57cd7e4842e8d0307864bfc10c222de0f,Active,No,https://verify.pharma.in/qr/c5fc564b63de9053
QR000361,BAT000361,DRG0061,Levothyroxine 50mcg,0375d952458db60c36e55f788c4c4cca725a24810be9f24ed624423e51904c89,v2,18-05-2025,Torrent Pharmaceuticals,02-10-2029,64,28-04-2026 10:57,MGM Hospital Chennai,Kiosk,58,6,90.6,0xc9449d44b20f2599a67fb9b95e1b70855cd2732f8b103c240fe9a6b825fc9f,Active,No,https://verify.pharma.in/qr/0375d952458db60c
QR000362,BAT000362,DRG0062,Prednisolone 10mg,3947f80b883bb15046c3950728c792f3cf8bfec25410134f15995f9d04bc52c0,v2,07-02-2026,Abbott Healthcare India,26-12-2028,98,15-05-2026 07:19,Medanta Hospital Gurugram,Kiosk,83,15,84.7,0x8bbc36a71391eea17adf38d7430d23bfca4313cb8a2e363ba7e47b8ddefc08,Active,Yes,https://verify.pharma.in/qr/3947f80b883bb150
QR000363,BAT000363,DRG0063,Dexamethasone 4mg Inj,ace5b06ea86f4588b396044655fc8986e20fa7fd4a03e03b4a1730c9ce811616,v2,01-09-2025,Wockhardt Ltd,15-04-2030,344,14-05-2026 14:49,Ruby Hall Clinic Pune,Kiosk,295,49,85.8,0xdc38fd57d8bd4a65aa99a83da89f505cde318b040435805d8ae88dd8264b3e,Active,No,https://verify.pharma.in/qr/ace5b06ea86f4588
QR000364,BAT000364,DRG0064,Hydrocortisone 100mg Inj,5c0a1f232eaf8828035c0cb663251efbb0bb0ad8ba3a816c8ea77c4c72ddfd88,v2,03-05-2026,Aurobindo Pharma,09-12-2027,230,13-05-2026 10:47,AIIMS Delhi,Kiosk,206,24,89.6,0x9e3c6fbff06519417f99bff65cc85a6891766cb63c9ccf510f48d0989d44de,Active,No,https://verify.pharma.in/qr/5c0a1f232eaf8828
QR000365,BAT000365,DRG0065,Insulin NPH,8ddb73a8d07391946c4ff0d6790ff257a5fa535a487c7777ef448a89f2e3aa11,v2,01-10-2025,IPCA Laboratories,21-04-2028,236,19-04-2026 21:20,Yashoda Hospital Hyderabad,Kiosk,205,31,86.9,0x46b3528c49fd325ee3e1ac92a6245ecf2d1c665a211bc50813eacb36a2684b,Active,No,https://verify.pharma.in/qr/8ddb73a8d0739194
QR000366,BAT000366,DRG0066,Methotrexate 2.5mg,316babb0838c9379381ed43a71980928ceec831474f81610f0d83dd367929a87,v2,15-02-2025,Alkem Laboratories,13-12-2026,470,08-05-2026 01:53,MGM Hospital Chennai,Web,453,17,96.4,0xcc29c88648b017f1e5c87a1632dc38b3a74bdda42d1d0bc98e7ce0fa703d54,Active,No,https://verify.pharma.in/qr/316babb0838c9379
QR000367,BAT000367,DRG0067,Imatinib 400mg,89f5ea597a880d63d5e421f61dfd0506dd6f0a54e7c70b9fc22e7bcc638bb08e,v2,08-11-2025,Bharat Biotech,18-11-2028,288,25-04-2026 22:52,SCB Medical Bhubaneswar,Mobile,261,27,90.6,0x1e75b83695fb0ff3a0195b1ba3372516270412d8e08e6b5012711903ab7109,Active,No,https://verify.pharma.in/qr/89f5ea597a880d63
QR000368,BAT000368,DRG0068,Paclitaxel Inj,d944fa85ff7ecd98c92701dac85752eddcc38daa674e0857a1031403677b4a5d,v2,28-01-2026,Lupin Pharmaceuticals,03-10-2029,80,22-04-2026 10:26,Ruby Hall Clinic Pune,Kiosk,71,9,88.8,0xcbb93d7bbad1708914cdd9f3316e43096cdd737f2bb72cf617ab03286eed0c,Active,No,https://verify.pharma.in/qr/d944fa85ff7ecd98
QR000369,BAT000369,DRG0069,Cisplatin Inj,b2550739502680eed592a2a3f0c2795a415e2dd66cea8818476f9979a76123f1,v2,15-07-2025,GlaxoSmithKline India,30-10-2029,117,02-05-2026 11:52,Ruby Hall Clinic Pune,Mobile,106,11,90.6,0x229c18a845be7df59defd8dc96bee4ab654e57c8baae4bed3f37ab6cbf30bc,Active,No,https://verify.pharma.in/qr/b2550739502680ee
QR000370,BAT000370,DRG0070,Capecitabine 500mg,e7c62fcb2bdb6805d03a3eb8d43a400db3ca7b7dfad8382a5639178b674faf73,v2,12-03-2025,Novartis India,07-11-2026,39,05-05-2026 02:12,AMRI Hospital Kolkata,Mobile,38,1,97.4,0xddfa16f1688efad465006f6661aefe60b3135a177973ce6c9a9ac12668f420,Active,No,https://verify.pharma.in/qr/e7c62fcb2bdb6805
QR000371,BAT000371,DRG0071,Vitamin D3 60000IU,0e96b3ff4d0a77457a6f86bd7c4d305981ecf73ecd0c327258fe8d8e27cc2c2f,v2,17-08-2025,GlaxoSmithKline India,12-11-2028,3,21-04-2026 22:28,AMRI Hospital Kolkata,Mobile,2,1,66.7,0x319e754bb022d335f7ed82fe16cc674f5d4a3edc887ae6730465817c9f97dc,Active,Yes,https://verify.pharma.in/qr/0e96b3ff4d0a7745
QR000372,BAT000372,DRG0072,Vitamin B12 1mg Inj,a35825015823e5ca430909944bb4cb0f49f6f26214c961b3ae4b93022ada0ee9,v2,16-01-2026,Sanofi India,07-05-2027,332,15-04-2026 07:08,AIIMS Delhi,Scanner,328,4,98.8,0x2ff0968d5f1a009652324144632212eeb875c33d3818be0e36fd7df53245c8,Active,No,https://verify.pharma.in/qr/a35825015823e5ca
QR000373,BAT000373,DRG0073,Folic Acid 5mg,24e399a0879df2e71b53b7a9f09ed0aeeeae54ae0f95eee6628c00a851d7184e,v2,28-12-2025,Cipla Ltd,22-09-2026,428,22-04-2026 15:50,Civil Hospital Surat,Web,404,24,94.4,0x683678b313b872f7dbd809ab012cd9bea09efd30e00841f9f53f6f7aa9d66f,Active,No,https://verify.pharma.in/qr/24e399a0879df2e7
QR000374,BAT000374,DRG0074,Iron 100mg Tablet,a702ba16bf1e69f4129b848731d0288052348530f3caaf97d2cf9ecc7c5bcc16,v2,12-12-2025,Abbott Healthcare India,21-06-2028,378,02-05-2026 21:59,Ruby Hall Clinic Pune,Scanner,332,46,87.8,0x3076f5bb431b19f5d81cf9ba2974e3c5916469b139e792172322b71d84d083,Active,No,https://verify.pharma.in/qr/a702ba16bf1e69f4
QR000375,BAT000375,DRG0075,Calcium + Vit D3,278fb891b1071b4bb1aca09fc688397be276f7d89a694c78b2045ccb820a3f28,v2,06-05-2026,Sun Pharmaceutical Industries,09-06-2027,202,20-04-2026 02:50,PGIMER Chandigarh,Kiosk,176,26,87.1,0x6edbeff536819f856aa388a592e355f190539ada36a1e77752ede9103045ed,Active,No,https://verify.pharma.in/qr/278fb891b1071b4b
QR000376,BAT000376,DRG0076,Hydroxychloroquine 200mg,be29dc08a7c09334f71e3374510570bdd194be500a1b72a5f0f75da6f51aa8b3,v2,23-06-2025,Aurobindo Pharma,17-06-2027,3,21-04-2026 03:34,SCB Medical Bhubaneswar,Kiosk,2,1,66.7,0x016dbb63c5d12c27966082accf52da7597eed7ed54043c0254af021ef63e07,Active,Yes,https://verify.pharma.in/qr/be29dc08a7c09334
QR000377,BAT000377,DRG0077,Adalimumab 40mg Inj,388189ce0ef77d5305531c0632a413ba0a824eabf5e5d01c7576299674535f6c,v2,30-03-2026,Cadila Healthcare,03-01-2028,474,24-04-2026 13:50,SMS Hospital Jaipur,Scanner,438,36,92.4,0x61d0896838fcfb5dbe8747e2a8adbe8b991f1cbf7126e97d7235a1ffc94373,Active,No,https://verify.pharma.in/qr/388189ce0ef77d53
QR000378,BAT000378,DRG0078,Tacrolimus 1mg,9ef64070312bae0b29342c9ccba9e1225142fc73bc7ae53a46f34a5f030c6763,v2,13-09-2025,Pfizer India,21-07-2027,98,11-05-2026 07:51,AIIMS Delhi,Mobile,84,14,85.7,0xc3ccbf764c894b93c0f2ea484a57e8f1068cbb1506a4d44927e26907e82b75,Active,No,https://verify.pharma.in/qr/9ef64070312bae0b
QR000379,BAT000379,DRG0079,Azathioprine 50mg,1a28d106c31dd119b033d34eb7b3e741af0b676ae442c21fcdaa757e3ac87b89,v2,24-07-2025,Wockhardt Ltd,14-10-2026,38,20-04-2026 02:25,AMRI Hospital Kolkata,Kiosk,36,2,94.7,0x0a8555aab002524f84d41a68f163c7a583a4e679a2b4c052205c5d947d8139,Active,No,https://verify.pharma.in/qr/1a28d106c31dd119
QR000380,BAT000380,DRG0080,Mycophenolate 500mg,edd34a84316d5b9b66bfd8bd064c91605f3be4117c3bd8cbdd20fe788a2b446d,v2,14-03-2025,Torrent Pharmaceuticals,30-04-2028,138,16-04-2026 04:55,AIIMS Delhi,Scanner,120,18,87.0,0x865851b6c2ca723d9e58e57ae1562338e36bdcceb7a6db59389ee994defba6,Active,No,https://verify.pharma.in/qr/edd34a84316d5b9b
QR000381,BAT000381,DRG0081,Albendazole 400mg,a000bf22217be8d71865570dde1310db4ccc23067b598d357f7088d702124158,v2,10-07-2025,Cipla Ltd,17-10-2026,370,25-04-2026 15:59,SMS Hospital Jaipur,Kiosk,330,40,89.2,0x767fae7b91df8e3789a01b261e1c85aa17d2884fab8f3ba373a6bfa29c36b9,Active,No,https://verify.pharma.in/qr/a000bf22217be8d7
QR000382,BAT000382,DRG0082,Ivermectin 3mg,1a5ed0587b2ccde8b748deaeedd922c8a8d9e43fbd6f029cfcd71bd98fabee8d,v2,18-02-2026,Novartis India,24-03-2030,296,15-05-2026 08:23,MGM Hospital Chennai,Web,286,10,96.6,0xd925d6f3cdff961d3464a879ddd16a8668389708725cade7c70229295d9d09,Active,No,https://verify.pharma.in/qr/1a5ed0587b2ccde8
QR000383,BAT000383,DRG0083,Artemether-Lumefantrine,c3711cfe3577831ce7aa99bf95aec284533b13bd861b6bfaf4a0d7524afc2c52,v2,31-07-2025,GlaxoSmithKline India,31-03-2030,153,12-05-2026 11:30,AMRI Hospital Kolkata,Kiosk,133,20,86.9,0x980f9aba7ff4e6883812cc1c815e4453ee6a04b15c650a3327534bd97ec1c4,Active,No,https://verify.pharma.in/qr/c3711cfe3577831c
QR000384,BAT000384,DRG0084,Chloroquine 250mg,4335bf301190f6db55af0b3bbf402c55315b18153051b6c561a70db5e42d13b8,v2,20-02-2025,Pfizer India,22-08-2026,471,03-05-2026 13:44,AIIMS Delhi,Web,456,15,96.8,0xa5018cebb414f3436272fda6876289a696e82ccf44707b03c4375efaedd3fe,Active,No,https://verify.pharma.in/qr/4335bf301190f6db
QR000385,BAT000385,DRG0085,Primaquine 15mg,3ab9b5c54cb6969c7ca4ec9ee093e4d3f5c00da52026a7378a8b84664d2b3068,v2,18-10-2025,Lupin Pharmaceuticals,18-11-2026,448,08-05-2026 16:35,PGIMER Chandigarh,Web,391,57,87.3,0xf5ad9323729c0f6069dd9a5c5ec053b93ab572d54faec1052619379a163b66,Active,No,https://verify.pharma.in/qr/3ab9b5c54cb6969c
QR000386,BAT000386,DRG0086,Adrenaline 1mg Inj,a627428c410762db8ffab13f276ae9ebad70a85eb21aeaefce9119f4ae723565,v2,05-02-2026,Alkem Laboratories,16-11-2028,416,18-04-2026 04:29,Medanta Hospital Gurugram,Scanner,408,8,98.1,0xbcb9e797c60b80a3343efc4dcef8bc6e3e1490d589557dbc808f163ba79fd5,Active,No,https://verify.pharma.in/qr/a627428c410762db
QR000387,BAT000387,DRG0087,Dopamine 200mg Inj,530777eab9c7dc361f11d5911dd2ba2244a137d638dff34b5b78b447f240a923,v2,07-12-2025,AstraZeneca India,29-02-2028,466,18-04-2026 02:28,Medanta Hospital Gurugram,Mobile,408,58,87.6,0xd313c7be5fdf952b29f43b5003c31cd4033cd0863ea60ffe9dd0335d3bba30,Active,No,https://verify.pharma.in/qr/530777eab9c7dc36
QR000388,BAT000388,DRG0088,Heparin 5000IU Inj,be0dd527f19f2884fb0c6b0c04fe9667862a76a547bb00c0b5df1edab5c5b931,v2,01-02-2025,Bharat Biotech,08-03-2027,370,30-04-2026 14:44,Ruby Hall Clinic Pune,Mobile,349,21,94.3,0x8691527df10425ec875c8b1fdb212c6f9ab5ca3c747cfbb4d85fbbd0e29c5e,Active,No,https://verify.pharma.in/qr/be0dd527f19f2884
QR000389,BAT000389,DRG0089,Naloxone 0.4mg Inj,a629aa288bafe552b5910c997d853f45213492dacaa3718eecaea707da0686a4,v2,24-03-2026,Dr Reddy's Laboratories,09-01-2028,214,02-05-2026 13:03,Apollo Hospital Mumbai,Scanner,205,9,95.8,0x25c2ff2d95aa637e7e925a30093fddd5dcc144676ce5eec94a7efd2e3c74a7,Active,No,https://verify.pharma.in/qr/a629aa288bafe552
QR000390,BAT000390,DRG0090,Alteplase 50mg Inj,4d21aa9258ab27be78cf8328e47d3763e1a4ef96cb81cf8519f6746a015174b0,v2,17-03-2026,Serum Institute of India,25-03-2028,429,08-05-2026 20:24,PGIMER Chandigarh,Kiosk,420,9,97.9,0x24892c3921ff3fb0eca488605a08b6c73da0647bc67e279d1d73005e3a690f,Active,No,https://verify.pharma.in/qr/4d21aa9258ab27be
QR000391,BAT000391,DRG0091,Betamethasone Cream,2de9b9474b152a231e9f7b250fa36432edae3874a5e9f8d2bb5f8c25fd022c1e,v2,11-10-2025,Pfizer India,24-03-2028,164,29-04-2026 05:31,Yashoda Hospital Hyderabad,Web,157,7,95.7,0xb0feccb773b32429d24d92226fbadcbca3e321403df2004bfe69a1525fe5ad,Active,No,https://verify.pharma.in/qr/2de9b9474b152a23
QR000392,BAT000392,DRG0092,Isotretinoin 20mg,daab27ed0ce3cc19183af097558d2ed08c5787fecb6cf7cc38fbcbbf476f2d8c,v2,19-02-2026,Serum Institute of India,30-06-2029,361,30-04-2026 01:38,Yashoda Hospital Hyderabad,Web,339,22,93.9,0x12b89eed5d44068bd3b55dcf6c46083d3c159eab8c053b997c75ab1ca95bae,Active,No,https://verify.pharma.in/qr/daab27ed0ce3cc19
QR000393,BAT000393,DRG0093,Acitretin 10mg,afabf58758cf1e6937a3489a1712e0e0e3e6fe3e62813a00d657b16710d9bdc4,v2,25-03-2025,Cadila Healthcare,22-09-2028,189,15-04-2026 08:28,KEM Hospital Pune,Kiosk,161,28,85.2,0xbdd1e090a505f9cfd59f602b6aeb00c259b1460d706b592af5dc8094fed720,Active,No,https://verify.pharma.in/qr/afabf58758cf1e69
QR000394,BAT000394,DRG0094,Clotrimazole Cream,9abc529d2a4e3516687e3f1786cc0441b86dbd00c63fc0548f0ce2874e7fbc46,v2,28-04-2026,AstraZeneca India,20-06-2029,102,13-05-2026 22:44,AMRI Hospital Kolkata,Web,87,15,85.3,0x660b4ca7b297dead43c840921ec3bacd2531b6393a2930275833d47d4c5b84,Active,No,https://verify.pharma.in/qr/9abc529d2a4e3516
QR000395,BAT000395,DRG0095,Silver Sulfadiazine Cream,b06b504a8a701bbe979fbb1136bd557b8f73e9aaef84db28d1a954ce9fe63e25,v2,08-12-2025,Sun Pharmaceutical Industries,24-01-2028,185,30-04-2026 16:59,Medanta Hospital Gurugram,Kiosk,176,9,95.1,0x27830f314f8013a210d7d4649865c573c6805c5f07bdd1cb7fd9869d83c3f3,Active,No,https://verify.pharma.in/qr/b06b504a8a701bbe
QR000396,BAT000396,DRG0096,Latanoprost Eye Drops,3ce414f0a979a610702204889011bf230c6c92bcb3fa2c6caabe1517bf10c1ba,v2,16-05-2026,Novartis India,08-08-2029,382,17-04-2026 16:22,Medanta Hospital Gurugram,Kiosk,355,27,92.9,0x4084e0c7107318ad16d27f7151782aca8749c5d2db51880f3405bd9e71e066,Active,No,https://verify.pharma.in/qr/3ce414f0a979a610
QR000397,BAT000397,DRG0097,Ciprofloxacin Eye Drops,594a9f112baba63074ebb052b9254cbb5f3e17c2a3d438b80047e75cbb79f993,v2,23-08-2025,Cipla Ltd,20-10-2028,446,23-04-2026 08:12,AMRI Hospital Kolkata,Scanner,421,25,94.4,0x4f56a9848e2244c29d12f1a75a4b0e5ea47e40357e798f535fdb5a240bf6fe,Active,No,https://verify.pharma.in/qr/594a9f112baba630
QR000398,BAT000398,DRG0098,Moxifloxacin Eye Drops,52689edfd53b2e339b4e81bed1e4a1527c6e71b684b6c3b24de4a5653d574edc,v2,08-11-2025,Pfizer India,26-07-2028,83,28-04-2026 10:44,Yashoda Hospital Hyderabad,Mobile,77,6,92.8,0xcfb9fa60c8d49db2a55cdf9f70ba31b5bee08dba6c9ca1b9182639e7fc81b7,Active,No,https://verify.pharma.in/qr/52689edfd53b2e33
QR000399,BAT000399,DRG0099,Timolol Eye Drops,5185c41fdb3a7c1e9aea471fd3a4f70bedc5e43843aae4f158ccd38a3631a4c6,v2,29-03-2025,Alkem Laboratories,13-04-2030,101,30-04-2026 12:59,MGM Hospital Chennai,Scanner,94,7,93.1,0xb09ae08ab8b4d8229786ab4d192ca6aa24593b077112404a8c0cec8cafc684,Active,No,https://verify.pharma.in/qr/5185c41fdb3a7c1e
QR000400,BAT000400,DRG0100,Artificial Tears,2385160d44f5921274412ac89ae5b48630a5a132eec3e679f5d14a4d881a3ce7,v2,14-02-2026,Alkem Laboratories,15-08-2027,195,11-05-2026 00:56,Civil Hospital Surat,Web,191,4,97.9,0x0e37b4257fd42ae639c763ddbd6817a0975e6c418f82e47914f0382708cdb2,Active,No,https://verify.pharma.in/qr/2385160d44f59212
QR000401,BAT000401,DRG0001,Amoxicillin 500mg,042b478e781adb844e207f425ff88a64c88ebe26b5923850699df0d87166d067,v2,02-03-2026,Zydus Cadila,17-04-2030,265,16-04-2026 20:12,Ruby Hall Clinic Pune,Web,247,18,93.2,0x33534541e338879020aaa5d664720bb911990c3febeb20c873527107078051,Active,No,https://verify.pharma.in/qr/042b478e781adb84
QR000402,BAT000402,DRG0002,Azithromycin 250mg,58d4f23a6213af9cfe38e440b824f0302f58ab657692f285b06310dc345ea62a,v2,06-05-2026,Wockhardt Ltd,03-01-2029,74,28-04-2026 01:48,MGM Hospital Chennai,Scanner,68,6,91.9,0xd6b4bf06b61702866bcd52ead57f98b71898fb5f9dfcb2c1baa195c9bb1b82,Active,No,https://verify.pharma.in/qr/58d4f23a6213af9c
QR000403,BAT000403,DRG0003,Ciprofloxacin 500mg,69e8fb39622af434ac5450a0352ed926fcebaccedaeeef03fdbe4e0942d479b1,v2,16-02-2026,Pfizer India,09-03-2030,43,29-04-2026 01:57,SMS Hospital Jaipur,Kiosk,41,2,95.3,0xf0c93823295235395630ba011b70de904c6b770d4f3c111a1a216b29f03022,Active,No,https://verify.pharma.in/qr/69e8fb39622af434
QR000404,BAT000404,DRG0004,Metronidazole 400mg,cbb7dba5b69e1b5dc58b79e17f124e7df71ef26074e4aa69cf74f7c6cad86f35,v2,20-04-2026,Sanofi India,03-06-2029,12,06-05-2026 07:27,AIIMS Delhi,Mobile,11,1,91.7,0xd40d554e544197a215df93830d4cb327a41048e0f7347526ba38f0ceecae07,Active,No,https://verify.pharma.in/qr/cbb7dba5b69e1b5d
QR000405,BAT000405,DRG0005,Ceftriaxone 1g Inj,34c72371a5dc0c20bfd3ed361a792995561109e79486d0f5749866bda310a24e,v2,24-10-2025,Abbott Healthcare India,02-02-2027,286,09-05-2026 19:10,SCB Medical Bhubaneswar,Kiosk,245,41,85.7,0xc0f66c0f52e6310cac6a12898291c97819559b4f305ee0e92ea87a8839908b,Active,No,https://verify.pharma.in/qr/34c72371a5dc0c20
QR000406,BAT000406,DRG0006,Paracetamol 500mg,c1a02e5cd14c885b488b0684344c49e9bbc16e8448ac1e51d96bf61a764f557c,v2,07-02-2026,Abbott Healthcare India,19-04-2027,72,21-04-2026 23:22,Medanta Hospital Gurugram,Web,67,5,93.1,0x1c18b95c2e8106546bd97230a6e37a1500c3043451cafa0c19bf185d269b89,Active,No,https://verify.pharma.in/qr/c1a02e5cd14c885b
QR000407,BAT000407,DRG0007,Ibuprofen 400mg,6ba0fe2f4a50915fa7b5572f634dbfd080b00c46870fbb01659d076fb16ede51,v2,27-07-2025,Sun Pharmaceutical Industries,03-12-2027,176,21-04-2026 21:08,Medanta Hospital Gurugram,Web,153,23,86.9,0x3e04f5b2cf31b5b435a08970eb8e3fc6afa327e8b6aadee6cef61582691436,Active,No,https://verify.pharma.in/qr/6ba0fe2f4a50915f
QR000408,BAT000408,DRG0008,Tramadol 50mg,749b68b1a5ab017a46a1c7cd19bf42d85696733fcc403c9fd9b2d45a86ff9791,v2,29-09-2025,Biological E Ltd,01-07-2028,360,21-04-2026 06:10,Medanta Hospital Gurugram,Kiosk,312,48,86.7,0x54a3a8cbf0754aecffe83b1043aeea8bd0332be4350846b5a40a48b7bfae9b,Active,No,https://verify.pharma.in/qr/749b68b1a5ab017a
QR000409,BAT000409,DRG0009,Morphine 10mg Inj,36b2fcdacad8acf24365458e5127a102f8caf944b829dbf20b9748a749328465,v2,04-05-2026,Cadila Healthcare,27-03-2028,327,14-05-2026 21:27,Manipal Hospital Bengaluru,Scanner,316,11,96.6,0x108c726fe0e7213ec2e6894614b1f66c72f92038ca01d4969e00c93c326559,Active,No,https://verify.pharma.in/qr/36b2fcdacad8acf2
QR000410,BAT000410,DRG0010,Diclofenac 50mg,5b4968ce7a3cc9433857cc89645a03ef1ea75d3f49c1db70d955878c6682837a,v2,15-02-2026,Zydus Cadila,13-10-2026,20,20-04-2026 10:25,SCB Medical Bhubaneswar,Kiosk,19,1,95.0,0x70fc6f14c7c2f2581084fbc1c0a5c9e4de92dfa5761fa7b3dd380fc5d615ed,Active,No,https://verify.pharma.in/qr/5b4968ce7a3cc943
QR000411,BAT000411,DRG0011,Amlodipine 5mg,cefd5a104bf992aedd709d773510a5625f2a7d678d94840d1636a480c4e5d5be,v2,16-04-2025,Lupin Pharmaceuticals,28-01-2028,447,27-04-2026 14:21,Ruby Hall Clinic Pune,Kiosk,389,58,87.0,0x6a4e9eb577377b34f44c5bcb4d09d236860df33f25f6d06331edc1d60e057f,Active,No,https://verify.pharma.in/qr/cefd5a104bf992ae
QR000412,BAT000412,DRG0012,Losartan 50mg,a68dc6323633c6e09168a8ee03ce50ce8398756f027acddd34fd490d1aced7b5,v2,25-09-2025,Dr Reddy's Laboratories,22-07-2028,48,15-05-2026 22:11,SMS Hospital Jaipur,Scanner,46,2,95.8,0xf69f215454a271eb64fb05bfac81c8a07f4c0cc84bffc7ba6c13aa5201e37e,Active,No,https://verify.pharma.in/qr/a68dc6323633c6e0
QR000413,BAT000413,DRG0013,Atenolol 50mg,7d90eb2aa21940b7d86dc5b0bc8ff6fd3d61f743e952662365c572b767cdfa49,v2,05-04-2025,Alkem Laboratories,17-03-2030,370,05-05-2026 09:59,SMS Hospital Jaipur,Kiosk,329,41,88.9,0xe4258617fa992929585fed3f8c8b8a3954b4f454f0a4fb630af92ca810c72d,Active,No,https://verify.pharma.in/qr/7d90eb2aa21940b7
QR000414,BAT000414,DRG0014,Furosemide 40mg,8c65d9c09d9381b32fbe071221b3fd46d3b3c2b5322cd74eb7557a755f3b5e1f,v2,16-05-2025,Lupin Pharmaceuticals,29-08-2026,65,17-04-2026 19:37,Yashoda Hospital Hyderabad,Mobile,59,6,90.8,0xf9dd697620290b5b7fe79754f7fee417f38a545c9c7a0f67e963e12ed0b7d9,Active,No,https://verify.pharma.in/qr/8c65d9c09d9381b3
QR000415,BAT000415,DRG0015,Ramipril 5mg,c5740f6e27e303b82a8248cbe6b9dde991455712d1837ee7062ebc47db340bd9,v2,05-01-2026,Biological E Ltd,21-10-2028,114,14-05-2026 13:17,Ruby Hall Clinic Pune,Mobile,112,2,98.2,0x7738cc4b51d2bb34fe83570b03b375cdbdd052110e341453eef59f93a65ea2,Active,No,https://verify.pharma.in/qr/c5740f6e27e303b8
QR000416,BAT000416,DRG0016,Metformin 500mg,bc81e4b7df176afbc1defd13bf65158b4546d8ea89e550960ab98a55910ebac5,v2,09-08-2025,Dr Reddy's Laboratories,11-02-2028,428,18-04-2026 04:22,Sterling Hospital Ahmedabad,Kiosk,382,46,89.3,0xfcbb7ea7c2423549ba2a1731df3defb8ec29f72f6d47ea0c09c79ac6e230e1,Active,No,https://verify.pharma.in/qr/bc81e4b7df176afb
QR000417,BAT000417,DRG0017,Glimepiride 2mg,65fcf3b725938bbc927c365ed6df0aa7030d982765a880e843c202ec17dc0d3c,v2,12-04-2026,Bharat Biotech,16-08-2027,88,20-04-2026 16:25,SMS Hospital Jaipur,Kiosk,78,10,88.6,0x2951546ded9206d88d582517005869df06857fb890dc5c9618f1b92f5244e7,Active,No,https://verify.pharma.in/qr/65fcf3b725938bbc
QR000418,BAT000418,DRG0018,Insulin Glargine,9306de533e5e7d5371487131cdff60174a623db570b9b3f1ba844f0498433b7f,v2,24-07-2025,Abbott Healthcare India,19-01-2027,110,28-04-2026 05:40,MGM Hospital Chennai,Web,109,1,99.1,0xc1906f755ce5f8abb316e497ffc02e9f5427c4dd54deb61005f509d82a9113,Active,No,https://verify.pharma.in/qr/9306de533e5e7d53
QR000419,BAT000419,DRG0019,Sitagliptin 100mg,da1daf8e67bc8f61a475bf26fae6d1ae19da8e52ce6bf38d01e2b7e954ea27c4,v2,13-10-2025,Sun Pharmaceutical Industries,31-07-2028,53,22-04-2026 01:48,KGMU Lucknow,Mobile,50,3,94.3,0xb78184d9af51e012c24e9438187e0d27b0a5c2bc57c3d1a8d3f567ef139b32,Active,No,https://verify.pharma.in/qr/da1daf8e67bc8f61
QR000420,BAT000420,DRG0020,Empagliflozin 10mg,5a5abbee166c6c092d06e333ab8f411f9455eb05e74c30a1b1c562c81d297b9f,v2,15-11-2025,Dr Reddy's Laboratories,15-03-2028,375,16-04-2026 01:44,KGMU Lucknow,Kiosk,352,23,93.9,0x18f939f8ce0c606e12f895d73bbcae71eff0bc9236c291d0c536199c70a160,Active,No,https://verify.pharma.in/qr/5a5abbee166c6c09
QR000421,BAT000421,DRG0021,Atorvastatin 20mg,616ca4c50e987efa9357f3c03d9f5833055c6f63a999805d65c60fc326026d0e,v2,29-03-2025,Serum Institute of India,27-09-2028,457,27-04-2026 15:14,Ruby Hall Clinic Pune,Kiosk,446,11,97.6,0xd106e7f949e6a946b25f3fe8e2a649f5925019e074c775066d71492ea8b13e,Active,No,https://verify.pharma.in/qr/616ca4c50e987efa
QR000422,BAT000422,DRG0022,Clopidogrel 75mg,70e7e17d4271dc0b0ba526bd357a2bbf9973f0a028fffb848825ac2e5c72e515,v2,09-09-2025,Wockhardt Ltd,31-05-2029,145,25-04-2026 08:33,Sterling Hospital Ahmedabad,Web,130,15,89.7,0x5f630f14e415822b7a2f879cdbfc9bdf8620969c8e618a033189bc2547a6a0,Active,No,https://verify.pharma.in/qr/70e7e17d4271dc0b
QR000423,BAT000423,DRG0023,Aspirin 75mg,9c79e366598d6351ac447802b677ee74b3367ff69e3316d9d1eb24362fb330e5,v2,08-02-2025,Alkem Laboratories,30-09-2026,426,12-05-2026 00:34,AIIMS Delhi,Kiosk,380,46,89.2,0xb3bddeaf41a1f2e89080f4a48b64c6260e3b96906673f8b256eb445932b24a,Active,No,https://verify.pharma.in/qr/9c79e366598d6351
QR000424,BAT000424,DRG0024,Warfarin 5mg,4a8a4799c711e36a860b9b45a9e90c8ddacba99ecd849a0dee79aad584cbf4f1,v2,30-04-2025,Abbott Healthcare India,09-04-2029,329,11-05-2026 13:32,Manipal Hospital Bengaluru,Kiosk,325,4,98.8,0xa1b247d6861cabe6bd749dd62ab1f88eba8d75f82a889bb6557d78fe87cb0b,Active,No,https://verify.pharma.in/qr/4a8a4799c711e36a
QR000425,BAT000425,DRG0025,Digoxin 0.25mg,9dee632f0e86c3ead8d06511782b147ce70b73f4c867144a83902062a4b948dc,v2,30-03-2025,Lupin Pharmaceuticals,14-01-2027,433,09-05-2026 05:15,SCB Medical Bhubaneswar,Mobile,394,39,91.0,0x308726addf3f7359b926acd74a0e04cc65ef525dc58fe0bda02b598cd719ea,Active,No,https://verify.pharma.in/qr/9dee632f0e86c3ea
QR000426,BAT000426,DRG0026,Salbutamol Inhaler,6a85deba72358774dbb54579ac29b40cbf6bc4478dbdcfdad68c4eba8e13acde,v2,20-01-2025,Cadila Healthcare,01-08-2026,24,05-05-2026 01:07,KEM Hospital Pune,Web,20,4,83.3,0xff61882f61b40f6a8fb9be7ef7c11f5ac3d3170eaddecaf28b7ab054cd5877,Active,Yes,https://verify.pharma.in/qr/6a85deba72358774
QR000427,BAT000427,DRG0027,Budesonide Inhaler,7d27b89bc9e3a45ffbf6f5a1f9227f6409ceab3607294fd4604a9bc55e4ee104,v2,07-05-2025,Novartis India,10-03-2029,404,28-04-2026 12:28,Ruby Hall Clinic Pune,Mobile,396,8,98.0,0x13cb632d8458d32a14dbd6db4e44fc3adde9644479ac8c5ed51ada6ec7bced,Active,No,https://verify.pharma.in/qr/7d27b89bc9e3a45f
QR000428,BAT000428,DRG0028,Montelukast 10mg,e3da89c6ba179233a39e021132f4d8236319065621cfff099fb013c859828f35,v2,31-03-2025,Biological E Ltd,09-03-2029,432,18-04-2026 23:02,PGIMER Chandigarh,Mobile,395,37,91.4,0x63df2d513efd6c325bd1acf4565566406b9de605fe52a0a83ba21baa444993,Active,No,https://verify.pharma.in/qr/e3da89c6ba179233
QR000429,BAT000429,DRG0029,Tiotropium Inhaler,7a535cf1549df33b2ab815ed2f8a27064291167e3ac51c2b48b545773431f9b0,v2,17-03-2025,AstraZeneca India,28-11-2026,348,19-04-2026 05:57,Yashoda Hospital Hyderabad,Web,298,50,85.6,0x27e78de21e320196b3ae94c362cf509dd79f1284a23e96f667bc8729c7b756,Active,No,https://verify.pharma.in/qr/7a535cf1549df33b
QR000430,BAT000430,DRG0030,Doxofylline 400mg,cc5e7856345cec94826786dba858bf47e1759967d9219c62b1628a185deeb75c,v2,12-01-2026,Aurobindo Pharma,04-09-2027,260,04-05-2026 12:22,MGM Hospital Chennai,Mobile,245,15,94.2,0x8ac645a0c2de265e8f32e25c88c3538cf2000c41e82a741896fbbacd2e47dd,Active,No,https://verify.pharma.in/qr/cc5e7856345cec94
QR000431,BAT000431,DRG0031,Omeprazole 20mg,e8cc58adc01af334d49d86c1c12fc7f170e5ccfe01528f861db6651871214d50,v2,30-01-2025,Novartis India,30-11-2028,419,15-04-2026 20:46,Yashoda Hospital Hyderabad,Web,380,39,90.7,0xd2a2dd3a160fbac70a4ed4b463bb3c1308b05b063a75575910adbd25b91310,Active,No,https://verify.pharma.in/qr/e8cc58adc01af334
QR000432,BAT000432,DRG0032,Pantoprazole 40mg,93c12a45b1244dec2f5b491c81b5b7667d5787b63545ef2f15a243b664c5e003,v2,29-03-2025,Cadila Healthcare,25-11-2029,180,09-05-2026 03:20,Apollo Hospital Mumbai,Web,155,25,86.1,0x9eefa6039f3673b4c405dc2b387aefff60889951a7120364bc9da797e0527a,Active,No,https://verify.pharma.in/qr/93c12a45b1244dec
QR000433,BAT000433,DRG0033,Ondansetron 4mg,df0fe60abf63cc715bbece1c6994ee1ec9511adf00492dfbdb58fc00553aad82,v2,04-01-2025,Abbott Healthcare India,07-10-2028,291,06-05-2026 00:54,AIIMS Delhi,Scanner,272,19,93.5,0x7862c44e3455d44607e9246d9ba38c3ade3a4ea17f62fdcf1b88d19b99cf56,Active,No,https://verify.pharma.in/qr/df0fe60abf63cc71
QR000434,BAT000434,DRG0034,Domperidone 10mg,ac07a467e3492942c927fbf31c35700f0067873987c28f8e3ff09db8115222a9,v2,17-03-2026,Wockhardt Ltd,07-08-2029,16,04-05-2026 16:04,Manipal Hospital Bengaluru,Web,15,1,93.8,0x602a63af3271aeacde1e7ccad97071c2b7f5ab1e483bb22d28ca4966da5a29,Active,No,https://verify.pharma.in/qr/ac07a467e3492942
QR000435,BAT000435,DRG0035,Metoclopramide 10mg,549e4772b7617839906ca3cff5cca31897ea5f30028e5eae8128769399479f91,v2,30-01-2025,Novartis India,09-12-2026,120,23-04-2026 03:20,Medanta Hospital Gurugram,Scanner,105,15,87.5,0xc25b5f52bffc32a2b9a8f4af3804dc22e0f8d4897fea5c1b41308f9d44e0c7,Active,No,https://verify.pharma.in/qr/549e4772b7617839
QR000436,BAT000436,DRG0036,Oseltamivir 75mg,6deb7548436aeb15cda45356cb0c476ba8085517340582c5e586180567ac8060,v2,18-05-2025,Sanofi India,17-04-2029,268,11-05-2026 21:38,Yashoda Hospital Hyderabad,Scanner,258,10,96.3,0x9061ff50b7c26d1e2dde1324c192044f1efec5280e2f604766abea9dc1b9af,Active,No,https://verify.pharma.in/qr/6deb7548436aeb15
QR000437,BAT000437,DRG0037,Acyclovir 400mg,66ae8434c6acec6f19a3c06c06f07ca8c9422d4eaa0499be594454f6a28dd26c,v2,21-04-2026,GlaxoSmithKline India,30-03-2029,55,12-05-2026 07:50,MGM Hospital Chennai,Web,46,9,83.6,0xaff6ed667d494f838b1a25619025470633805f7bc802cc046ab5898ba42f5a,Active,Yes,https://verify.pharma.in/qr/66ae8434c6acec6f
QR000438,BAT000438,DRG0038,Tenofovir 300mg,9aef0bdefaa9b1f104366b01267f21a4c66df7a66c9052751b26d5cbabd0217e,v2,01-02-2025,Abbott Healthcare India,30-03-2029,332,11-05-2026 08:36,KGMU Lucknow,Mobile,287,45,86.4,0x85653e19e0351068248ecb7c311cdadff73292c7bdf508148b7c95d1618818,Active,No,https://verify.pharma.in/qr/9aef0bdefaa9b1f1
QR000439,BAT000439,DRG0039,Remdesivir 100mg Inj,86d6fdfdd831cfd772cf0e22b530fb0c31b0916063af98c2fbead5b710f94e55,v2,15-04-2025,GlaxoSmithKline India,08-01-2027,459,08-05-2026 17:02,SMS Hospital Jaipur,Scanner,441,18,96.1,0xa28b6257fca14fa69c96ffd44d6d58fb05a80afc51addfd4fc1466db4732b6,Active,No,https://verify.pharma.in/qr/86d6fdfdd831cfd7
QR000440,BAT000440,DRG0040,Valacyclovir 500mg,8eb86623fe8f5df0898ed8ceaff101433efd01c0b93eac6949784a37829d0596,v2,25-10-2025,Pfizer India,14-02-2027,46,04-05-2026 22:35,Sterling Hospital Ahmedabad,Web,40,6,87.0,0xa53ef371fe23f491865cef3533899d867a706ae35a02cee6cd639ffcf1e415,Active,No,https://verify.pharma.in/qr/8eb86623fe8f5df0
QR000441,BAT000441,DRG0041,Fluconazole 150mg,f333b856856e26daab8f15065266ae520b124f1702aa617e9dd773adcec9c430,v2,13-09-2025,Lupin Pharmaceuticals,23-12-2026,45,05-05-2026 01:25,SMS Hospital Jaipur,Kiosk,39,6,86.7,0x08e42a304ab418db2f8092c1d8913161334df0b082f88cf61c076ef02a8097,Active,No,https://verify.pharma.in/qr/f333b856856e26da
QR000442,BAT000442,DRG0042,Itraconazole 100mg,b369cb6d2519827ddf561ff33c7ecccec88a8141bbd46f33cbf0ec3b8b43c6f5,v2,04-07-2025,Cadila Healthcare,15-01-2027,3,21-04-2026 04:28,MGM Hospital Chennai,Kiosk,2,1,66.7,0xd8565732628ffe9cabd356f50da6aacfc1a4ca8cc8046be2ad056fd89c0f96,Active,Yes,https://verify.pharma.in/qr/b369cb6d2519827d
QR000443,BAT000443,DRG0043,Amphotericin B Inj,5074af779ed9e6845ebcc81a3407b32307ed16d696c1dd1662264652668b7114,v2,26-08-2025,Abbott Healthcare India,25-09-2028,337,17-04-2026 08:59,Civil Hospital Surat,Scanner,314,23,93.2,0x66808e5e6d766de0df2285eabfd37bd757e6ec6bcbbad6d778c2002a434b2c,Active,No,https://verify.pharma.in/qr/5074af779ed9e684
QR000444,BAT000444,DRG0044,Voriconazole 200mg,3294062c585b45401c6d43029dace866e47e40badab4dcb7c201986941ebfa9c,v2,07-05-2025,AstraZeneca India,28-04-2027,50,21-04-2026 07:08,Sterling Hospital Ahmedabad,Kiosk,46,4,92.0,0xd99a5b84ffcafde1fc236941968387f36f0d51969d93e2dcb9177790ab2b71,Active,No,https://verify.pharma.in/qr/3294062c585b4540
QR000445,BAT000445,DRG0045,Terbinafine 250mg,cd2d8262125d9bc12610ce046f6a82bd3815f535485ffe2ad17a1c394cc6e258,v2,06-06-2025,Dr Reddy's Laboratories,11-06-2029,58,05-05-2026 05:26,Ruby Hall Clinic Pune,Scanner,54,4,93.1,0xc912d3a71d2570b398ba6aa25699317e1fc26514dc72513b4e1d1919a2eed5,Active,No,https://verify.pharma.in/qr/cd2d8262125d9bc1
QR000446,BAT000446,DRG0046,BCG Vaccine,290820c46de760cd1e9502e61dc9bf981918b7e373cc44768f64f811af19acd8,v2,09-03-2025,Serum Institute of India,24-01-2027,264,08-05-2026 01:26,SMS Hospital Jaipur,Kiosk,246,18,93.2,0x18c4711d1192a379a595d194938d45137bcd4ee80daa780735a8a3fdd398b8,Active,No,https://verify.pharma.in/qr/290820c46de760cd
QR000447,BAT000447,DRG0047,Hepatitis B Vaccine,6ab731aa35ecff9a8db1ce3fda0b8375ebbfabb4e4c38d7d8c9cc0a2e91342df,v2,31-10-2025,Biological E Ltd,21-12-2028,467,28-04-2026 11:54,KEM Hospital Pune,Web,418,49,89.5,0x3b5348502ba839c161fee0f44c020b9b459e4c9efde2b873c857a19e8eae97,Active,No,https://verify.pharma.in/qr/6ab731aa35ecff9a
QR000448,BAT000448,DRG0048,MMR Vaccine,c46a83bda1b317c5b11d2eb79f4025b5411521c22fc337fd0cf752c2cde9b560,v2,10-03-2025,Abbott Healthcare India,14-06-2028,297,05-05-2026 17:01,AIIMS Delhi,Scanner,295,2,99.3,0x862bd40d1979428f98745c9f2a6b2336396926533392e572788a086018601b,Active,No,https://verify.pharma.in/qr/c46a83bda1b317c5
QR000449,BAT000449,DRG0049,COVID-19 mRNA Vaccine,cdd441b429a5f77e2ce2602cf653f06c9ed922d9b300e5b664f506ea4fe0a428,v2,16-03-2025,Wockhardt Ltd,29-04-2028,76,29-04-2026 19:47,AMRI Hospital Kolkata,Web,72,4,94.7,0x6563baab454c8ce32098098dc9abbff4f0c822b88feaf4b1b8ff8252bdb639,Active,No,https://verify.pharma.in/qr/cdd441b429a5f77e
QR000450,BAT000450,DRG0050,Influenza Vaccine,a35ad83d4cdf99d345648865ed7c4b5be12986ba16ce5deebb5203f07b1e4d6a,v2,11-01-2025,Novartis India,01-06-2028,299,27-04-2026 07:48,Ruby Hall Clinic Pune,Web,292,7,97.7,0xc0b8b0505ba355f96d342082ce380cc26064790a867c993693d9df27d4f9af,Active,No,https://verify.pharma.in/qr/a35ad83d4cdf99d3
QR000451,BAT000451,DRG0051,Sertraline 50mg,01c24b7f427356d99df1462ff04156264dbab65df05b8ab2b5e5dde221dbba63,v2,06-05-2025,Zydus Cadila,16-07-2027,65,12-05-2026 18:23,Medanta Hospital Gurugram,Kiosk,63,2,96.9,0x0ee2565cfaddedf944ab09efa5f1befef68bc85cfbb8b21fecd0ba5770c059,Active,No,https://verify.pharma.in/qr/01c24b7f427356d9
QR000452,BAT000452,DRG0052,Escitalopram 10mg,341d50cf86c1a957681109bfe575649367f379fb6388d46d56a8bb7da6235edd,v2,24-12-2025,Zydus Cadila,31-10-2028,96,29-04-2026 03:20,Medanta Hospital Gurugram,Scanner,82,14,85.4,0x0dd4337160e1c66208c51ea924681efecc0962eaf70f7863f5006f6a742516,Active,No,https://verify.pharma.in/qr/341d50cf86c1a957
QR000453,BAT000453,DRG0053,Olanzapine 10mg,134189fbbd3172c5230f53fe3d5500084a9a61d439afa37ad4ce9e393cfce8ad,v2,05-02-2026,Abbott Healthcare India,25-09-2027,104,05-05-2026 23:31,Medanta Hospital Gurugram,Web,88,16,84.6,0x368885d9aa4e6fc737086518e5eba189f652370bf8bcc4fb2a390c6887bede,Active,Yes,https://verify.pharma.in/qr/134189fbbd3172c5
QR000454,BAT000454,DRG0054,Risperidone 2mg,9f50ec0a520a465f0be3fb5397178259b1a01476e2ab449211da7d2975b5c476,v2,17-04-2026,Torrent Pharmaceuticals,24-02-2029,353,14-05-2026 19:01,SMS Hospital Jaipur,Mobile,351,2,99.4,0x071fcf48118d276e001d3397fb19190e689a66275eb79ab8ff89ae498f4286,Active,No,https://verify.pharma.in/qr/9f50ec0a520a465f
QR000455,BAT000455,DRG0055,Diazepam 5mg,ee92b6333d49a7020693eec9fd42cb0a5ba6e2e0d23d0d094a83f7671a679cfd,v2,12-07-2025,Cipla Ltd,05-04-2028,477,05-05-2026 22:20,AIIMS Delhi,Web,426,51,89.3,0xb626e63cf8ae045fb5a844ac7658435fe956d25ccc9aa7db8e551ae99a031a,Active,No,https://verify.pharma.in/qr/ee92b6333d49a702
QR000456,BAT000456,DRG0056,Levetiracetam 500mg,6da9b33bd585a626fa4b5b50ce7d3d3acd82e1bf48f47393ffe7d26b2099caf7,v2,27-01-2026,IPCA Laboratories,01-03-2028,132,18-04-2026 10:36,AIIMS Delhi,Scanner,121,11,91.7,0xaf56bddfbb7dfc16490c25c27675dcbc4358d3df0b265e585f071933f3692d,Active,No,https://verify.pharma.in/qr/6da9b33bd585a626
QR000457,BAT000457,DRG0057,Carbamazepine 200mg,3149ae7807de74f1f0daa91a98c37887c911ba2374d48483775954e0ca5599dc,v2,06-03-2026,IPCA Laboratories,12-08-2027,471,24-04-2026 11:14,MGM Hospital Chennai,Kiosk,459,12,97.5,0xd5a4cc6a4cf4c5a197b865b5018e439ff4dca36f9a016925d1f01cadcfb9a6,Active,No,https://verify.pharma.in/qr/3149ae7807de74f1
QR000458,BAT000458,DRG0058,Pregabalin 75mg,c54c0afb71e826dd2c0f90633b3c1f3c0ac7ec4d2940b0f871da9336c5ff8352,v2,02-05-2026,Alkem Laboratories,09-08-2026,303,07-05-2026 08:05,Civil Hospital Surat,Kiosk,301,2,99.3,0xee6ee49d9ad1e40db5dfaea0010603c5afb3f366734259e00bb1de48a6ddf5,Active,No,https://verify.pharma.in/qr/c54c0afb71e826dd
QR000459,BAT000459,DRG0059,Donepezil 10mg,98cadd9f73b06bf6a6af6becd19a79e70090cf6b0eade3535aee111a56e10935,v2,08-09-2025,IPCA Laboratories,16-05-2029,363,05-05-2026 14:30,SCB Medical Bhubaneswar,Mobile,350,13,96.4,0xe9cce84722af7b35ca0ce9644c2ffd3dccd6f33d3e43bdab86bafe1ec8260f,Active,No,https://verify.pharma.in/qr/98cadd9f73b06bf6
QR000460,BAT000460,DRG0060,Valproate 500mg,a76db8fa463cbcca9ac21d958c4928d2c59ec7efc7e75d75949d87ade7b4cdb9,v2,11-08-2025,Novartis India,18-09-2028,25,04-05-2026 15:21,KGMU Lucknow,Mobile,23,2,92.0,0xade0dfa5aba98b535b30ca1e16bf2561b56b7f0ee2948ba3810a15af41e751,Active,No,https://verify.pharma.in/qr/a76db8fa463cbcca
QR000461,BAT000461,DRG0061,Levothyroxine 50mcg,bdea3f7a390af9ecd6e172fb92ab1052ae93ea01bda0e74735bf108a67cab655,v2,09-11-2025,Novartis India,30-09-2028,403,10-05-2026 16:23,SCB Medical Bhubaneswar,Kiosk,371,32,92.1,0xe15f43a64b184c2928b445df7e438a9cf1462669c5e2a8dbf3031e69a259a9,Active,No,https://verify.pharma.in/qr/bdea3f7a390af9ec
QR000462,BAT000462,DRG0062,Prednisolone 10mg,687b53a743d50a082698f7fdec6e1483b89710f461248f506dec52229bb38b84,v2,28-01-2026,Abbott Healthcare India,21-01-2027,330,13-05-2026 23:59,Medanta Hospital Gurugram,Web,307,23,93.0,0x4f2957496a80aee72dcaef317122543434172466ad7cbefd5a41c11a1f789f,Active,No,https://verify.pharma.in/qr/687b53a743d50a08
QR000463,BAT000463,DRG0063,Dexamethasone 4mg Inj,732b1f3ec86c9381273d0f7c6011d9b3b91fa4334c5320bfed02bff5b916988a,v2,26-01-2025,Novartis India,02-11-2029,255,01-05-2026 18:55,Apollo Hospital Mumbai,Scanner,246,9,96.5,0x4b9d31d55390bbb475a3b2321d8a8d71c7fecad453976beb4e45a10842038b,Active,No,https://verify.pharma.in/qr/732b1f3ec86c9381
QR000464,BAT000464,DRG0064,Hydrocortisone 100mg Inj,1cf4c9a1fe052e63c8dc0490a87434768a05c82906a8dd557bacdba75622f0ff,v2,20-03-2026,Alkem Laboratories,19-01-2029,342,20-04-2026 14:05,Civil Hospital Surat,Kiosk,293,49,85.7,0x3bb925543242b4751e4c53c0751219afded060d72bf642293195f51762f990,Active,No,https://verify.pharma.in/qr/1cf4c9a1fe052e63
QR000465,BAT000465,DRG0065,Insulin NPH,d17ccea61d069a4e46683db925570b178b17ade0e14c9196018d6d1c7387e3eb,v2,06-02-2025,Torrent Pharmaceuticals,04-02-2030,227,30-04-2026 04:04,SCB Medical Bhubaneswar,Mobile,199,28,87.7,0xe9fa6383a79c14462fa3d318c866570d0440fd61d780af0f719252bc54bc46,Active,No,https://verify.pharma.in/qr/d17ccea61d069a4e
QR000466,BAT000466,DRG0066,Methotrexate 2.5mg,9783a2254e859d7b75cc9e33c5bcc085717622d3a498f00d5f0c46c0c2e7ce91,v2,05-01-2025,Zydus Cadila,25-12-2029,240,24-04-2026 08:38,KEM Hospital Pune,Mobile,231,9,96.2,0x690cc9ff0ef30dd2075a85d5492e71d2a02bbcc949c0b8cb5817e1414e8c57,Active,No,https://verify.pharma.in/qr/9783a2254e859d7b
QR000467,BAT000467,DRG0067,Imatinib 400mg,64a6d1ca38ea24a19ae358a3e1ca94653f5d64416c9d7ffd3398001613dfe56b,v2,27-01-2025,Aurobindo Pharma,23-10-2029,232,16-04-2026 15:59,Apollo Hospital Mumbai,Kiosk,204,28,87.9,0xfa522ee30785464e7c9cc620e41fb3e56f5abcc952868085217fcba2916e2c,Active,No,https://verify.pharma.in/qr/64a6d1ca38ea24a1
QR000468,BAT000468,DRG0068,Paclitaxel Inj,6503fdcd6e17c6836e12d85e8a9b772783889c328c11fe93c51faca123e6e8d0,v2,13-05-2025,Novartis India,02-03-2027,102,15-04-2026 22:44,SCB Medical Bhubaneswar,Kiosk,91,11,89.2,0xa35b13a98259ce1ebc1856655f981e674d0c7bb3fc18885fbabe2cae51b851,Active,No,https://verify.pharma.in/qr/6503fdcd6e17c683
QR000469,BAT000469,DRG0069,Cisplatin Inj,e312d069283bf3ba62ca0895b06b3d1edcf06b297f6320373c5c9db89f7b1e03,v2,01-03-2025,Novartis India,06-08-2028,17,08-05-2026 02:16,Manipal Hospital Bengaluru,Web,16,1,94.1,0xea21f179b36651d3211588668f3a02897b8c929aeb48e780578f0f781dbab9,Active,No,https://verify.pharma.in/qr/e312d069283bf3ba
QR000470,BAT000470,DRG0070,Capecitabine 500mg,44ffd8a023b68fcf8c87a2c0a692b48337a2c3212ac7e1a076e604c61ced30bf,v2,27-11-2025,Biological E Ltd,29-03-2027,98,12-05-2026 15:13,SCB Medical Bhubaneswar,Scanner,96,2,98.0,0xd975704b87eab45f329544f519a4c864ed2b3682a6d9e761b1ade3eee34367,Active,No,https://verify.pharma.in/qr/44ffd8a023b68fcf
QR000471,BAT000471,DRG0071,Vitamin D3 60000IU,7e849340ab48d417d9464d8644b17bc43487e43547bf0694c0e1e0d07ce1f89b,v2,12-10-2025,Biological E Ltd,09-08-2026,29,15-05-2026 19:57,KGMU Lucknow,Scanner,28,1,96.6,0x8bbaeb9f6ee543b9ef1bcedb95a3a3756ef5a49c233da9e9137ef7fbd6e5b9,Active,No,https://verify.pharma.in/qr/7e849340ab48d417
QR000472,BAT000472,DRG0072,Vitamin B12 1mg Inj,248c45bb58c64cc755edca1a7bed3cac41de56b7083fa3081e2d008579a88cb2,v2,18-03-2026,Novartis India,12-01-2027,256,24-04-2026 02:46,Civil Hospital Surat,Kiosk,237,19,92.6,0xfd43017773b02ad5da8ffcd0f146742ed55081d42a14f8949d10cbd0d05016,Active,No,https://verify.pharma.in/qr/248c45bb58c64cc7
QR000473,BAT000473,DRG0073,Folic Acid 5mg,e4441e3dbba0c7fd2ca35a1d8c543a6ce3873e9b3cc4c765a85484a3c88d68b6,v2,08-11-2025,Aurobindo Pharma,11-03-2027,346,02-05-2026 12:42,MGM Hospital Chennai,Web,332,14,96.0,0xc95702b362811fd3fcf4594b27b00e1fa9170eb8c11592fc4685b401619a66,Active,No,https://verify.pharma.in/qr/e4441e3dbba0c7fd
QR000474,BAT000474,DRG0074,Iron 100mg Tablet,8f906c5e48b8a41d3f935e19338ff6076108464dedb9cad7eef11fbc783d30a3,v2,06-03-2026,AstraZeneca India,03-09-2029,110,25-04-2026 12:00,AIIMS Delhi,Web,101,9,91.8,0xa265dd3de61827ff5e9e840bb6ad144fe7a610f411f42b98dfb9b4d055fc18,Active,No,https://verify.pharma.in/qr/8f906c5e48b8a41d
QR000475,BAT000475,DRG0075,Calcium + Vit D3,9a7e4e87a1e93017f927aace7bd6972847da849ddcd2ce6a3d6bdcfb027c680b,v2,21-10-2025,Sun Pharmaceutical Industries,09-09-2026,428,17-04-2026 20:18,Yashoda Hospital Hyderabad,Mobile,399,29,93.2,0x738b9d8bf0cbe01a33bae79e05814b66ae9be5d7b1f56dfc4a3f8d569bb6d7,Active,No,https://verify.pharma.in/qr/9a7e4e87a1e93017
QR000476,BAT000476,DRG0076,Hydroxychloroquine 200mg,37398be64303f6397ca2dab5c9d3cbb9689cdf33fe7851529982fc790a4cb8e5,v2,26-10-2025,Cadila Healthcare,23-11-2027,160,17-04-2026 10:06,Medanta Hospital Gurugram,Kiosk,140,20,87.5,0x2dde287fa0c5efcb58345f2a1d5911faedad71966b0b760c4a3f34688bf844,Active,No,https://verify.pharma.in/qr/37398be64303f639
QR000477,BAT000477,DRG0077,Adalimumab 40mg Inj,ba6991bc1522aaf0bd8fb854c775e1d6d466483f94b66e7d347b2a0218ba24c6,v2,05-04-2026,Pfizer India,14-10-2028,298,24-04-2026 21:13,AMRI Hospital Kolkata,Scanner,276,22,92.6,0xcb403f5086526dc817baeed221f8ef7a36243cafb295d85200ea255687d4bc,Active,No,https://verify.pharma.in/qr/ba6991bc1522aaf0
QR000478,BAT000478,DRG0078,Tacrolimus 1mg,e49392895dc5c56b6b875951b7994468a01d81f0887e55d36fe16e14abec3387,v2,17-08-2025,Alkem Laboratories,28-04-2028,284,11-05-2026 14:13,SCB Medical Bhubaneswar,Kiosk,281,3,98.9,0xe9d009df9ad7872bee709e0826c181122a77f561ca19abe0b6afa031d847e3,Active,No,https://verify.pharma.in/qr/e49392895dc5c56b
QR000479,BAT000479,DRG0079,Azathioprine 50mg,13b897a4134c48ff4e009caad4c98ff3c35d25a1c0aa0dd2d571b847dcbad587,v2,09-09-2025,Alkem Laboratories,30-03-2027,201,20-04-2026 17:51,Sterling Hospital Ahmedabad,Kiosk,181,20,90.0,0x1bde4f57f1875d1d4547f54a6166389acb64bfb1a6ae1537e5d114a4caed9b,Active,No,https://verify.pharma.in/qr/13b897a4134c48ff
QR000480,BAT000480,DRG0080,Mycophenolate 500mg,83158e00f717d05fcff6d6811fc4c61ae153edef2fb149d3326b9d5b74927d0f,v2,18-04-2026,Lupin Pharmaceuticals,17-11-2028,365,01-05-2026 13:34,Medanta Hospital Gurugram,Web,357,8,97.8,0x6a8080a8464910546bacd5b7e5cecfc5113645fc5775f183b138cb8c2a7ff4,Active,No,https://verify.pharma.in/qr/83158e00f717d05f
QR000481,BAT000481,DRG0081,Albendazole 400mg,ecec9cce018bf58980ba45a93ed9a6b0ff2c8b14e42343810137ca11192693cf,v2,15-09-2025,Sanofi India,02-05-2028,257,13-05-2026 09:23,MGM Hospital Chennai,Scanner,243,14,94.6,0x08b86d19bb1c014290785b58e649f0b4f7d3b0213fbdfd28139d49c5fc7252,Active,No,https://verify.pharma.in/qr/ecec9cce018bf589
QR000482,BAT000482,DRG0082,Ivermectin 3mg,0f8403e1e6bcb0a66fc7bfe6a2da1a45d071f96202817f85a447b32f45bd69d2,v2,18-11-2025,Biological E Ltd,03-09-2029,351,27-04-2026 05:55,SMS Hospital Jaipur,Kiosk,298,53,84.9,0x571644920994b3ae3b1218da9e0aff1b1ac558adf1e112923e5b1d244c7ffb,Active,Yes,https://verify.pharma.in/qr/0f8403e1e6bcb0a6
QR000483,BAT000483,DRG0083,Artemether-Lumefantrine,981b13006fc3ad5625f4c08538c874620b82b108943e5a2972f393206502a021,v2,10-04-2025,Cadila Healthcare,06-11-2026,26,11-05-2026 14:09,Sterling Hospital Ahmedabad,Web,25,1,96.2,0x17fe3bb73948245a2328f66b6ad9a693c84380ce48d8592ab5b1e0b2c00f57,Active,No,https://verify.pharma.in/qr/981b13006fc3ad56
QR000484,BAT000484,DRG0084,Chloroquine 250mg,6a7b2f3089df78d0600d7690f15c3c6d40ac3c8acfaf6531573b69aef4d720e6,v2,08-05-2025,Bharat Biotech,29-05-2029,132,14-05-2026 18:37,PGIMER Chandigarh,Web,121,11,91.7,0x37deccfb3eff1c3be8c6fb6c9c277f0a68dd6f2a100fe4b3c7de39a205067b,Active,No,https://verify.pharma.in/qr/6a7b2f3089df78d0
QR000485,BAT000485,DRG0085,Primaquine 15mg,cd05273fb939758e47f22848553b621ba8b39987d5e3f9c72b52a1cdbf303e7c,v2,13-04-2025,Pfizer India,21-02-2030,277,10-05-2026 16:26,PGIMER Chandigarh,Mobile,244,33,88.1,0xf96cb7734995bb096db7ea94b6317b4bd8f66b163027e503ff77b7c43caa30,Active,No,https://verify.pharma.in/qr/cd05273fb939758e
QR000486,BAT000486,DRG0086,Adrenaline 1mg Inj,03a01e29577baf70a7a59bfb08b22e5c31bb4c740bc3bd93005f116f2d32f585,v2,03-01-2025,Cadila Healthcare,30-06-2027,497,17-04-2026 00:49,Civil Hospital Surat,Mobile,478,19,96.2,0xaea3c29abc484146c1b3f2235e978ee11f53ac384c3bc444603e79a3b73550,Active,No,https://verify.pharma.in/qr/03a01e29577baf70
QR000487,BAT000487,DRG0087,Dopamine 200mg Inj,4d93bb8db1c756712c4274d4ce8e975aff3b234315604ce0cbcace7cea2ccd19,v2,07-12-2025,Aurobindo Pharma,04-08-2029,42,06-05-2026 09:55,Manipal Hospital Bengaluru,Scanner,40,2,95.2,0xb7a8d9099a1b4b1901f0681062725a770449ca19ffcaa40573973b2683d71f,Active,No,https://verify.pharma.in/qr/4d93bb8db1c75671
QR000488,BAT000488,DRG0088,Heparin 5000IU Inj,c5274d640970ba309a95eed33e7def3c6f649dd1ece80760502c451b756fd428,v2,01-07-2025,IPCA Laboratories,24-04-2029,388,15-04-2026 11:25,Yashoda Hospital Hyderabad,Scanner,363,25,93.6,0xf83e29593aa16d957522a7b091c62f4569a7a8194c84a594bc991126477155,Active,No,https://verify.pharma.in/qr/c5274d640970ba30
QR000489,BAT000489,DRG0089,Naloxone 0.4mg Inj,479e2f2de3350bcb6e16468789ef16f49b8fa7d142ca8fa8add3e286e7323b9a,v2,01-02-2026,Serum Institute of India,14-08-2026,325,08-05-2026 20:09,Medanta Hospital Gurugram,Kiosk,316,9,97.2,0x43d44394457c218e2346ed55d4b540be751134562660f8d2b218d047a3095d,Active,No,https://verify.pharma.in/qr/479e2f2de3350bcb
QR000490,BAT000490,DRG0090,Alteplase 50mg Inj,dcee3c8c3802f7383ad30ea385458fea4fee81754bfc33718dc0b31ce1bf31d2,v2,18-09-2025,Lupin Pharmaceuticals,23-08-2029,211,22-04-2026 12:50,Yashoda Hospital Hyderabad,Web,189,22,89.6,0x2fb3ff658f7a944a82cfd733e5bd115f41640c88d9144d82292d3ca470e088,Active,No,https://verify.pharma.in/qr/dcee3c8c3802f738
QR000491,BAT000491,DRG0091,Betamethasone Cream,ea7169f6767e2b5e21a448ca41ba46dc78ce1b75d3df9d7257c076f5c967d01e,v2,19-09-2025,Sanofi India,02-11-2026,353,14-05-2026 22:15,Sterling Hospital Ahmedabad,Scanner,312,41,88.4,0xb2c1be1742c331c9aff50a5753cbb4aa8a2350ca5e8f82aa6a730c29209a3f,Active,No,https://verify.pharma.in/qr/ea7169f6767e2b5e
QR000492,BAT000492,DRG0092,Isotretinoin 20mg,fc77fd022a7b3d7ce6ee91eceb6a739657fe4e1f9bcb14187c88e27918258d0c,v2,19-01-2025,Sanofi India,07-01-2029,160,02-05-2026 03:18,Sterling Hospital Ahmedabad,Scanner,143,17,89.4,0x75b6700770a9050023e8bbc690b1c59d0378761e1ae450fc8c62282b9f5d21,Active,No,https://verify.pharma.in/qr/fc77fd022a7b3d7c
QR000493,BAT000493,DRG0093,Acitretin 10mg,24a1b1145520cf662b3fc874f9b154673e06a91bb5322d492355d854f226344b,v2,09-07-2025,Serum Institute of India,02-09-2026,79,13-05-2026 01:19,AIIMS Delhi,Web,69,10,87.3,0xa25a813a3c868656364169d63a2e4bca1eee3c2b9a8edcd594cd230d330fa5,Active,No,https://verify.pharma.in/qr/24a1b1145520cf66
QR000494,BAT000494,DRG0094,Clotrimazole Cream,f858a4af5cbb22e4fbe9e2fde4bba4d0a07408060ab294bc6a947932fe5e4ded,v2,04-08-2025,Lupin Pharmaceuticals,16-05-2028,497,17-04-2026 11:49,SMS Hospital Jaipur,Kiosk,425,72,85.5,0x7e9c1830b69167196ff7be23e318a28bb5f95828e12df62ede879549964ed5,Active,No,https://verify.pharma.in/qr/f858a4af5cbb22e4
QR000495,BAT000495,DRG0095,Silver Sulfadiazine Cream,53de38bb6f16282b3fd5b2830c251ebff9e94b564ae7102fb341fb4fc08afcd7,v2,06-03-2025,Cipla Ltd,02-03-2030,288,10-05-2026 13:21,Yashoda Hospital Hyderabad,Mobile,271,17,94.1,0xeaa7734e4e209af3be79f22a36646e0c02571dd2b9ffcd80dbaca8d4a49c15,Active,No,https://verify.pharma.in/qr/53de38bb6f16282b
QR000496,BAT000496,DRG0096,Latanoprost Eye Drops,f2260feae2fdadca9b3dcd5dca0768d3d0c7716ded1d3056d7dc7bb7320e8eea,v2,07-09-2025,Cipla Ltd,09-09-2029,459,06-05-2026 12:37,SCB Medical Bhubaneswar,Scanner,435,24,94.8,0xa775ab3e3a332886a4ff63a8c234435bfad6893234c5834b8a60a2f176bb08,Active,No,https://verify.pharma.in/qr/f2260feae2fdadca
QR000497,BAT000497,DRG0097,Ciprofloxacin Eye Drops,d54690c4062d1e8ac164ef469fbc8cd1ffd1027fe7026e5133eec3a53ebfbaae,v2,08-02-2026,Cipla Ltd,17-12-2029,307,25-04-2026 05:31,Apollo Hospital Mumbai,Kiosk,271,36,88.3,0xc3786891dfa8114bf0b4273f82d1880f3a9782894852c57cc01d40b9967a0f,Active,No,https://verify.pharma.in/qr/d54690c4062d1e8a
QR000498,BAT000498,DRG0098,Moxifloxacin Eye Drops,8fce384ba00a337a8cce81930108edd25fe3f26b25b548f9fbdd48f0eceadd96,v2,01-01-2025,GlaxoSmithKline India,09-01-2027,425,09-05-2026 15:41,Ruby Hall Clinic Pune,Web,413,12,97.2,0x5fdbd4a231eec0e4046f827eb3e9ac07814ae219373aee95f0c6dc910a0c56,Active,No,https://verify.pharma.in/qr/8fce384ba00a337a
QR000499,BAT000499,DRG0099,Timolol Eye Drops,70c0155f03c08ae40c560318b99f1315a8bdefec20efd2969945d809309ba428,v2,31-03-2025,Pfizer India,20-01-2027,61,22-04-2026 17:15,Manipal Hospital Bengaluru,Kiosk,54,7,88.5,0x97bbac1328a2eba8cdea7f82138d59674bc71948d6c4e13efd0257b8d4bd6c,Active,No,https://verify.pharma.in/qr/70c0155f03c08ae4
QR000500,BAT000500,DRG0100,Artificial Tears,1642454ea7fb86ae541acb255b185f5924e0bef63c68575bd918ee487dcb2d27,v2,14-09-2025,Torrent Pharmaceuticals,24-11-2029,96,20-04-2026 05:04,PGIMER Chandigarh,Mobile,90,6,93.8,0x2c9d2a1b15574aef05348ec0873f238147c3c65b293288032957a7b41b4faa,Active,No,https://verify.pharma.in/qr/1642454ea7fb86ae
QR000501,BAT000501,DRG0001,Amoxicillin 500mg,67ec0124ba9907d2bae099bb1b34d86c6985349ab19bcf945d9824fed4e509ef,v2,15-05-2026,Lupin Pharmaceuticals,03-02-2027,480,16-04-2026 21:23,Sterling Hospital Ahmedabad,Mobile,418,62,87.1,0xcaa750651d55cc90606ba420b03c3bf1a0a908bc053d169ce403a9fda9dcba,Active,No,https://verify.pharma.in/qr/67ec0124ba9907d2
QR000502,BAT000502,DRG0002,Azithromycin 250mg,98e9e9c232dfdce7dd3fb93c8d40bd65deda970a93f7ad9490b0a8b19c9630e5,v2,16-02-2026,Sun Pharmaceutical Industries,29-03-2027,197,20-04-2026 07:19,AMRI Hospital Kolkata,Mobile,195,2,99.0,0xc5e0765e0bab0ee4fca82670be961381514f26b8dd1a6e47fa35de75d578c6,Active,No,https://verify.pharma.in/qr/98e9e9c232dfdce7
QR000503,BAT000503,DRG0003,Ciprofloxacin 500mg,076ac1454ae3cc2181483b717aeccbae92dbcaa4658c24bbe6e47a0620575c9f,v2,12-02-2026,Sanofi India,13-03-2028,306,30-04-2026 20:00,Ruby Hall Clinic Pune,Mobile,292,14,95.4,0x4dca88f66723ec3ccd6e90ea70cd974d60c97425de088d08108c362513842c,Active,No,https://verify.pharma.in/qr/076ac1454ae3cc21
QR000504,BAT000504,DRG0004,Metronidazole 400mg,c0b25004aee6d406fb4a676c5e37adea945d981142f550c65b679209bf7788c7,v2,01-11-2025,Bharat Biotech,26-08-2029,60,14-05-2026 11:52,SMS Hospital Jaipur,Mobile,55,5,91.7,0xee5d262cdb4a2de12f5cbd62c75a5e15567efb9182ffec3e98155cef878739,Active,No,https://verify.pharma.in/qr/c0b25004aee6d406
QR000505,BAT000505,DRG0005,Ceftriaxone 1g Inj,e21d94f48081dbcdd440f9e547a25c6aa4b985bc4429ee5819993ba987a37518,v2,27-08-2025,Zydus Cadila,24-01-2027,327,15-05-2026 02:21,KEM Hospital Pune,Mobile,314,13,96.0,0x9ff336bf11df41343c51a5bb56c39697f1ae60d434d5719f9d645287578c4e,Active,No,https://verify.pharma.in/qr/e21d94f48081dbcd
QR000506,BAT000506,DRG0006,Paracetamol 500mg,a81a0617d163f2161480d01b542792a22cf39465d31ef2d734a8cd1a0963eb04,v2,05-03-2025,Abbott Healthcare India,25-02-2029,19,05-05-2026 21:21,Apollo Hospital Mumbai,Scanner,18,1,94.7,0xc11ba6bb3284fef27e0e8e53a9067c70c12a5b399e72c748225aa700888d0e,Active,No,https://verify.pharma.in/qr/a81a0617d163f216
QR000507,BAT000507,DRG0007,Ibuprofen 400mg,7133bbcf606ff06b998c738570435f7c8a5c9d3a978fd584f0efebf9ddcaef90,v2,12-02-2026,AstraZeneca India,10-06-2027,463,05-05-2026 15:48,PGIMER Chandigarh,Scanner,460,3,99.4,0x7889f3e0765ece038d28eed7a755eedb4dcaf701339d4d32a751fb51f4b1f8,Active,No,https://verify.pharma.in/qr/7133bbcf606ff06b
QR000508,BAT000508,DRG0008,Tramadol 50mg,2fee11c98fcda7095011cd75c149eba08da7c5da0949c40925088c7e04ba2972,v2,16-02-2025,Lupin Pharmaceuticals,09-02-2030,332,09-05-2026 05:55,MGM Hospital Chennai,Mobile,313,19,94.3,0x13201c36024065054c9820de9ab235fb39e6444d7e702e5ae66fb7475ac878,Active,No,https://verify.pharma.in/qr/2fee11c98fcda709
QR000509,BAT000509,DRG0009,Morphine 10mg Inj,36eba6898a69d13d100363c739a37b8bec0a86f5efd23777bb03410204176a75,v2,08-03-2025,Abbott Healthcare India,24-01-2030,326,05-05-2026 03:34,SCB Medical Bhubaneswar,Scanner,313,13,96.0,0x777293839d06f6a91f86fa48fc30651c35b93657b9312710d3026d578ecf20,Active,No,https://verify.pharma.in/qr/36eba6898a69d13d
QR000510,BAT000510,DRG0010,Diclofenac 50mg,08d4ef0d955a1b903cb848d49a23bbc4b0e1472c6926c0f2b8d7bc77a9ae9a0f,v2,22-04-2025,Torrent Pharmaceuticals,22-07-2028,495,04-05-2026 05:57,SMS Hospital Jaipur,Scanner,447,48,90.3,0x6f788693a900a85e9a1f9412bd0fca0aea790723929dc6862bf87bbb6d9b9e,Active,No,https://verify.pharma.in/qr/08d4ef0d955a1b90
QR000511,BAT000511,DRG0011,Amlodipine 5mg,3d27d236f483500211b42a23f17705dd1d20ad0adb9c8c27d8b952ecf04f2a46,v2,04-04-2025,Cipla Ltd,24-10-2027,140,21-04-2026 23:02,AIIMS Delhi,Web,134,6,95.7,0xecd27afd9fdfd7875af482318f5eb8a30927bd79fc1868d32b13d0cf024ad4,Active,No,https://verify.pharma.in/qr/3d27d236f4835002
QR000512,BAT000512,DRG0012,Losartan 50mg,50b8c110619a3da93c61dcc837cc567cb97bbadff40df7345e0ab0c8d7b7345f,v2,23-06-2025,Pfizer India,17-11-2028,355,12-05-2026 10:14,Yashoda Hospital Hyderabad,Mobile,302,53,85.1,0x6248b35b5ade4db9149d8dfa4a517cdf15a40c80dbc7528b7f4b03b29830ce,Active,No,https://verify.pharma.in/qr/50b8c110619a3da9
QR000513,BAT000513,DRG0013,Atenolol 50mg,ba66dc5e97083763c64ba920aea95baf4e271be2374e902e46937654b647556b,v2,28-07-2025,GlaxoSmithKline India,10-09-2026,416,08-05-2026 22:07,KGMU Lucknow,Kiosk,414,2,99.5,0x90136c1903cbddb6d302064bd3e729868a465d2d586521550beb6888b36a98,Active,No,https://verify.pharma.in/qr/ba66dc5e97083763
QR000514,BAT000514,DRG0014,Furosemide 40mg,ce0eea69e54992fd885a9f0652976be6a0b89fe77a198d4d693171ebbb22b672,v2,25-02-2026,Aurobindo Pharma,28-04-2027,196,27-04-2026 02:50,KGMU Lucknow,Mobile,182,14,92.9,0xfec10660c800fea7080452c1a79a7e96f2b2aa6af7cdbee821f029fe2eba85,Active,No,https://verify.pharma.in/qr/ce0eea69e54992fd
QR000515,BAT000515,DRG0015,Ramipril 5mg,2e587299a5624d6c587358775746d12e04f7430052caae6bace0fc99a6719672,v2,20-01-2025,Abbott Healthcare India,18-01-2029,455,11-05-2026 07:14,Apollo Hospital Mumbai,Web,439,16,96.5,0xf1dc3f0eab7aff7075ea01b8354761cbabaa4b79a45586c55252bfa1c1ef86,Active,No,https://verify.pharma.in/qr/2e587299a5624d6c
QR000516,BAT000516,DRG0016,Metformin 500mg,55c488951e62e97ed19128e021bac2be6d9ea953402e21f93f46e891972a8278,v2,13-03-2025,Alkem Laboratories,13-08-2029,147,23-04-2026 23:33,Manipal Hospital Bengaluru,Web,140,7,95.2,0x2d6cc1fc4dbdbadb54e7a473376c6122438af8fc6100c34bedf5d8cfb4e383,Active,No,https://verify.pharma.in/qr/55c488951e62e97e
QR000517,BAT000517,DRG0017,Glimepiride 2mg,ec0e449d24c9db4d6c5f4abfb592b0b38a5b84f9c25a2382fc04a41ed5ef2118,v2,24-01-2026,Cadila Healthcare,28-01-2030,67,05-05-2026 19:14,KGMU Lucknow,Web,61,6,91.0,0x701b7748ec15f2ded102f2d5deb51604492929be9e6c9fdf985faa27c02431,Active,No,https://verify.pharma.in/qr/ec0e449d24c9db4d
QR000518,BAT000518,DRG0018,Insulin Glargine,ae30e2b7de809d491ab4f05112f2572be382ed7f6cb77245a16753c0febf8a6f,v2,14-08-2025,Sun Pharmaceutical Industries,04-07-2028,269,26-04-2026 17:21,AIIMS Delhi,Scanner,259,10,96.3,0xe524ae39ee6eaef167bc4ed40e18459c347f022f888ba533708ba98585be73,Active,No,https://verify.pharma.in/qr/ae30e2b7de809d49
QR000519,BAT000519,DRG0019,Sitagliptin 100mg,08c7cb00f3f148f5d24cb55339902b0cf527dfde737e3738a2d84f7296ca8399,v2,18-02-2025,Cipla Ltd,18-03-2027,337,04-05-2026 01:02,Sterling Hospital Ahmedabad,Scanner,328,9,97.3,0x52a7669065ff2e0023deb348050452ae506a302c5f9ea9796eae1c93123dd5,Active,No,https://verify.pharma.in/qr/08c7cb00f3f148f5
QR000520,BAT000520,DRG0020,Empagliflozin 10mg,0c395d79c3c16db1ad65f39e4b766d3474a4c40a35763eb2dee469a35e338ad9,v2,14-10-2025,Abbott Healthcare India,23-12-2028,189,07-05-2026 08:17,Apollo Hospital Mumbai,Scanner,185,4,97.9,0x7669a1179ae371818c9f1f1a0f1d71aeda332a4f8d52a541fbce1c5a9bdf72,Active,No,https://verify.pharma.in/qr/0c395d79c3c16db1
QR000521,BAT000521,DRG0021,Atorvastatin 20mg,5be97013a521e8a3cac1b00d94668c4e79467c69aab971f4bc1b4936a56c65df,v2,03-02-2025,Zydus Cadila,20-05-2027,134,15-05-2026 13:05,AIIMS Delhi,Web,128,6,95.5,0xc3cb168732b28d1bcb901ac7472cac3f727ac8c846da80004559942c2a1a2a,Active,No,https://verify.pharma.in/qr/5be97013a521e8a3
QR000522,BAT000522,DRG0022,Clopidogrel 75mg,6ab17dc6d915c3bbb7194addb8df9371f81360220a4b0b0b28c389e85e0b7577,v2,06-02-2025,Lupin Pharmaceuticals,19-02-2030,201,25-04-2026 03:13,AMRI Hospital Kolkata,Web,185,16,92.0,0xbd738310307ae31374e0aac5b18555b911bc036865b7540481d3ed2e896359,Active,No,https://verify.pharma.in/qr/6ab17dc6d915c3bb
QR000523,BAT000523,DRG0023,Aspirin 75mg,91ced1085a3e162e20457201fe794f9c2f027b8f6761d89866d1f486f8d2c29c,v2,21-04-2026,Serum Institute of India,21-04-2027,445,22-04-2026 01:18,Apollo Hospital Mumbai,Kiosk,393,52,88.3,0xcfef0c8737b8aeac585120d51ff84b4d26dcc7f20754f97e1cf9ac6b4a0d02,Active,No,https://verify.pharma.in/qr/91ced1085a3e162e
QR000524,BAT000524,DRG0024,Warfarin 5mg,517c79c625050e9d8297e4b4f138a07741513b5baf0d998cb9c7638e8f04e6cb,v2,12-09-2025,Abbott Healthcare India,13-11-2027,354,28-04-2026 00:06,KEM Hospital Pune,Scanner,348,6,98.3,0x6ea2860a681a00d3e91950c16c07c57ef4e7bf04c90b4bc31676121158285a,Active,No,https://verify.pharma.in/qr/517c79c625050e9d
QR000525,BAT000525,DRG0025,Digoxin 0.25mg,390361bb009cf1f8c141f276bafd4ccacffc84cfc099436b602a78d65d1c8357,v2,13-03-2026,Novartis India,23-03-2027,364,08-05-2026 15:15,KGMU Lucknow,Kiosk,313,51,86.0,0xb5c8c53f94215a96e2041aaa4162e807e780ac4abd6c264f8cd44ee61d9b62,Active,No,https://verify.pharma.in/qr/390361bb009cf1f8
QR000526,BAT000526,DRG0026,Salbutamol Inhaler,71c6128a772e9f40d0339c574e1bfadf6fe2f428cf986c25ebba669848f5728d,v2,24-06-2025,Torrent Pharmaceuticals,04-08-2026,389,20-04-2026 12:21,KEM Hospital Pune,Scanner,335,54,86.1,0x3f5ff5f09dd445f9f0eac4fc29d55b76db0d7f1788c91cb467fa35d8e5bc0f,Active,No,https://verify.pharma.in/qr/71c6128a772e9f40
QR000527,BAT000527,DRG0027,Budesonide Inhaler,7848cf7041d17999fbdb97c6cf51f12614e4d63ff3d80b269353e2d1fa00d37f,v2,23-01-2026,Zydus Cadila,02-08-2028,231,23-04-2026 08:56,MGM Hospital Chennai,Scanner,210,21,90.9,0x35fd370a34b1aad8d20563256b49ca19589fdcd5ffce52531f224389f19265,Active,No,https://verify.pharma.in/qr/7848cf7041d17999
QR000528,BAT000528,DRG0028,Montelukast 10mg,47744f508760c206efc01563da331a16298b4ecf6b822202a4dc4fe991908608,v2,16-01-2026,Bharat Biotech,21-03-2030,479,13-05-2026 13:58,KEM Hospital Pune,Kiosk,463,16,96.7,0x890ae58469b3db840c87ff1843e22e2a9a26f1619f23559bc38653d0fcfba4,Active,No,https://verify.pharma.in/qr/47744f508760c206
QR000529,BAT000529,DRG0029,Tiotropium Inhaler,64a7eb34578303c86f6de05b0f1c06bf645c41a1dd08fb2db06d069d5f49eec1,v2,03-11-2025,GlaxoSmithKline India,13-01-2027,0,Never,Unknown,Unknown,0,0,0.0,0x8bcf1490b6a2d93619f112e0fefaad61c7f4a6a30f19cda538b3d281d6a375,Active,No,https://verify.pharma.in/qr/64a7eb34578303c8
QR000530,BAT000530,DRG0030,Doxofylline 400mg,8b6011cfb53cdac059c1d30ac39b4ec3b1e40dae304a8e535a60b13073a09ba2,v2,14-05-2026,Bharat Biotech,19-06-2027,74,28-04-2026 15:05,KEM Hospital Pune,Kiosk,69,5,93.2,0x2840bea861c4657fa317b1f9143a0a1154a7d76e46c0f215fa0ba4685f1187,Active,No,https://verify.pharma.in/qr/8b6011cfb53cdac0
QR000531,BAT000531,DRG0031,Omeprazole 20mg,5c06e712570266d26cd3a9fecd9c4f7c575d0bf0306cbefdc26e8f82d4f2c413,v2,10-09-2025,Sun Pharmaceutical Industries,22-12-2026,323,02-05-2026 16:04,Apollo Hospital Mumbai,Web,280,43,86.7,0x55ed444e146446c151f0b2acbfe702aa8d32cbd5c81593ab5c3fa3daae4c99,Active,No,https://verify.pharma.in/qr/5c06e712570266d2
QR000532,BAT000532,DRG0032,Pantoprazole 40mg,7afbafce3d5f29bd091e7a74f0efb5dc4c11e8d64728d9e7035e4808ae577c3c,v2,05-04-2025,IPCA Laboratories,09-10-2029,480,20-04-2026 21:38,Civil Hospital Surat,Web,432,48,90.0,0x3ea3e76abf678de2b109c41bf06a0079fd965d40b83c5a7b8fe75c765de91b,Active,No,https://verify.pharma.in/qr/7afbafce3d5f29bd
QR000533,BAT000533,DRG0033,Ondansetron 4mg,37e2965b72814927ae9a83cae1588c36ea8a4c8feff25935f491ed56fa76cc70,v2,17-08-2025,Aurobindo Pharma,17-09-2028,25,28-04-2026 09:41,AIIMS Delhi,Kiosk,24,1,96.0,0x02cbe30115aab626a4435917864e77cccbe2f9fe46ab451b57892b0630495e,Active,No,https://verify.pharma.in/qr/37e2965b72814927
QR000534,BAT000534,DRG0034,Domperidone 10mg,5001c359a26833ef6f3effa83c7468e24bfd95c16499ab933cc50f4b7ac0e55e,v2,04-03-2026,Lupin Pharmaceuticals,11-01-2029,272,20-04-2026 21:36,Yashoda Hospital Hyderabad,Web,237,35,87.1,0x20e95cd5f1037b733830433ccb7cff31ad3db0655d959f9f4a9a3ecc9d4ec3,Active,No,https://verify.pharma.in/qr/5001c359a26833ef
QR000535,BAT000535,DRG0035,Metoclopramide 10mg,457c6a4ca2ceef042e6b25365cc0821c45978e851fbf65c35ff81b829a9d3f8f,v2,15-09-2025,AstraZeneca India,19-12-2029,162,14-05-2026 16:52,AIIMS Delhi,Scanner,156,6,96.3,0x1ae1d6a060a6d019fd5c7d5d788e7a26a7c9dc2cafde227e91613959e45b1a,Active,No,https://verify.pharma.in/qr/457c6a4ca2ceef04
QR000536,BAT000536,DRG0036,Oseltamivir 75mg,b6c64dac26fe23b3458f02dd38b4ee21b057ae813419430b211b9e2d6daebbab,v2,17-06-2025,Novartis India,26-12-2028,375,22-04-2026 19:09,Ruby Hall Clinic Pune,Mobile,368,7,98.1,0xe9ec802e93ba7487eebe31bf690081e5e7c5dffef2db711a514e239706d494,Active,No,https://verify.pharma.in/qr/b6c64dac26fe23b3
QR000537,BAT000537,DRG0037,Acyclovir 400mg,07af84fbc6c4369499e9adf448066336dc5bcda19c00cb8df1452f36d6a862ea,v2,24-04-2025,Biological E Ltd,13-03-2027,267,16-05-2026 00:27,Medanta Hospital Gurugram,Kiosk,254,13,95.1,0x017926ff519f6eab1bfb431b5c0b85157c78806be8ee55734983062acf91d2,Active,No,https://verify.pharma.in/qr/07af84fbc6c43694
QR000538,BAT000538,DRG0038,Tenofovir 300mg,6fae8cef20cf6318887b471b73a9d7e04ee80fd578618dc07648ba846108bff5,v2,24-03-2025,Alkem Laboratories,14-04-2030,389,20-04-2026 09:53,KEM Hospital Pune,Kiosk,343,46,88.2,0x4a0177ac033eaa0a34928b47a825b257459bdb140bc90ec0971a433bf532a0,Active,No,https://verify.pharma.in/qr/6fae8cef20cf6318
QR000539,BAT000539,DRG0039,Remdesivir 100mg Inj,fcf4ab38b0876da7ebc6e62d502d9ed96cbad7eced0fbce863cdf773116f22d3,v2,10-12-2025,Cipla Ltd,14-04-2030,129,11-05-2026 17:38,Sterling Hospital Ahmedabad,Mobile,119,10,92.2,0xa6ff40140d15ba2a02aa39da2c0e0eb14912f9731d3c3f682c469033da6741,Active,No,https://verify.pharma.in/qr/fcf4ab38b0876da7
QR000540,BAT000540,DRG0040,Valacyclovir 500mg,e1428b3694d7dbfd644948ed0f9772fc5594f02e6334b506b95ed7cad54abea0,v2,23-01-2026,Dr Reddy's Laboratories,23-04-2027,420,28-04-2026 06:20,PGIMER Chandigarh,Scanner,417,3,99.3,0xf53833de9752948c1a33167a9316b4711dc43738adbd534caaacdaa0b89474,Active,No,https://verify.pharma.in/qr/e1428b3694d7dbfd
QR000541,BAT000541,DRG0041,Fluconazole 150mg,16263005aa39ca54b93524bbedea4ad22956ed2aa9a36624cac2e9ee168bcb0b,v2,03-01-2026,Biological E Ltd,16-09-2026,228,12-05-2026 07:01,Sterling Hospital Ahmedabad,Scanner,207,21,90.8,0x4334b289db636caed67bb59e7caf4e8917e5fe615299740fb13a5abb848903,Active,No,https://verify.pharma.in/qr/16263005aa39ca54
QR000542,BAT000542,DRG0042,Itraconazole 100mg,66e84bddd9cbc5114918c35bfcf0ce7e932a3890a070ddd57e9e60afb56b3496,v2,17-06-2025,IPCA Laboratories,20-12-2029,464,13-05-2026 13:11,KEM Hospital Pune,Scanner,408,56,87.9,0x1f788992cad0d7d255757ec716f2405de7c5527c27f1b413c6db44538fc4ac,Active,No,https://verify.pharma.in/qr/66e84bddd9cbc511
QR000543,BAT000543,DRG0043,Amphotericin B Inj,a5f1c72f42bd4bc462358c0800645571d09728483877c2e1e3b4698e96dbad3f,v2,12-03-2025,Pfizer India,23-01-2027,384,04-05-2026 23:28,MGM Hospital Chennai,Kiosk,363,21,94.5,0xf00b667ce16a176dadd4e75797532ee0b395c4f597ae64805b2b7602773dd7,Active,No,https://verify.pharma.in/qr/a5f1c72f42bd4bc4
QR000544,BAT000544,DRG0044,Voriconazole 200mg,352b71a292110c6b46295c3176fc6cf9e75df0f336f15e86341242ad73e91686,v2,20-07-2025,Dr Reddy's Laboratories,29-12-2029,311,07-05-2026 10:09,KEM Hospital Pune,Scanner,289,22,92.9,0x55121b3d0b81d5a35c8aa87bdc94eddd04c18c6b43da0c177242326124e2a3,Active,No,https://verify.pharma.in/qr/352b71a292110c6b
QR000545,BAT000545,DRG0045,Terbinafine 250mg,969fb45697fbb47dd9a55688835115d24347315f9a9f1ec0e6b6b85f80e36ddc,v2,21-02-2025,Sanofi India,04-01-2028,104,30-04-2026 10:27,Civil Hospital Surat,Web,95,9,91.3,0xf1f3d0534749c5f50f6e043385874d14130e6e31500c84e13b98cc2617e5e0,Active,No,https://verify.pharma.in/qr/969fb45697fbb47d
QR000546,BAT000546,DRG0046,BCG Vaccine,14f572bc37d9895a47b8e567b122fca93f9e79592fdb07be5c0f39d055357848,v2,12-03-2026,Zydus Cadila,18-02-2029,106,19-04-2026 01:15,Yashoda Hospital Hyderabad,Web,92,14,86.8,0x92f118d3e65a8f2810c5dbd69b86fa05482aa27ba1fde50212f1f2bd2f4e48,Active,No,https://verify.pharma.in/qr/14f572bc37d9895a
QR000547,BAT000547,DRG0047,Hepatitis B Vaccine,87ff38c4e0e2e39582b6b99aca44d27c4efb7d4dfe375eab506bed1da2e0da82,v2,08-05-2026,Cipla Ltd,22-09-2028,271,20-04-2026 15:32,PGIMER Chandigarh,Mobile,256,15,94.5,0xb510abef3d13e72a539649e85a67504e0352339239d43696020d9a0e6e6a4c,Active,No,https://verify.pharma.in/qr/87ff38c4e0e2e395
QR000548,BAT000548,DRG0048,MMR Vaccine,039b87828019986892abe2fc2594022fad8069a72f122475d51ce62ae8baeb59,v2,09-02-2026,AstraZeneca India,23-12-2028,287,20-04-2026 19:00,SCB Medical Bhubaneswar,Web,250,37,87.1,0x6db092decf049ea74e3e66d3fd7d792ca8af1fdf872e7b706574fbfbb2c321,Active,No,https://verify.pharma.in/qr/039b878280199868
QR000549,BAT000549,DRG0049,COVID-19 mRNA Vaccine,03dba3583f241f7b346125592b775a9dd572991179ed3bab92eeae42bd976ae8,v2,29-10-2025,Wockhardt Ltd,14-04-2030,375,30-04-2026 13:12,Manipal Hospital Bengaluru,Mobile,338,37,90.1,0x3b4209010ce99ebd521c8f81b239d92550f12380558ffb6ce32aa5319f3b8e,Active,No,https://verify.pharma.in/qr/03dba3583f241f7b
QR000550,BAT000550,DRG0050,Influenza Vaccine,cdad3196af7363c68fc0bca284d304cffbc06bd040b1a2afe933296e4eac73a1,v2,24-10-2025,Dr Reddy's Laboratories,05-03-2029,169,01-05-2026 12:05,AMRI Hospital Kolkata,Web,148,21,87.6,0xc81d081cf9ceccb6b5d1799c3d133d301b18c9638c7a4086cae59670a19608,Active,No,https://verify.pharma.in/qr/cdad3196af7363c6
QR000551,BAT000551,DRG0051,Sertraline 50mg,fc5319d044d4f9384eb9fca55e0e44c6fb36b10ae261816438c00f4cadd27884,v2,07-07-2025,Abbott Healthcare India,21-04-2028,179,29-04-2026 17:33,Manipal Hospital Bengaluru,Kiosk,162,17,90.5,0xbe2c312aeed9339e01e1cb58a575f0332bdc1b609dadec55110407864e0190,Active,No,https://verify.pharma.in/qr/fc5319d044d4f938
QR000552,BAT000552,DRG0052,Escitalopram 10mg,4b64956fa9402691135fd3560c694b3166f0ad92247e0b079fe7c81066e94651,v2,24-01-2026,Wockhardt Ltd,19-10-2028,34,22-04-2026 21:46,KEM Hospital Pune,Web,31,3,91.2,0x17f3328cf280695b326f6a2a3339001689116bc1b81ce00fe4789e343c579b,Active,No,https://verify.pharma.in/qr/4b64956fa9402691
QR000553,BAT000553,DRG0053,Olanzapine 10mg,2b97005e1e993de5d5b8ed4d23610554da70cfc307858cc509c14a2cb4b80668,v2,24-06-2025,Lupin Pharmaceuticals,06-11-2028,338,19-04-2026 20:01,KGMU Lucknow,Mobile,299,39,88.5,0x8cc13eb73e2ce08c3bd988ae2adcea7761850884f07a6d938facd5f0de810c,Active,No,https://verify.pharma.in/qr/2b97005e1e993de5
QR000554,BAT000554,DRG0054,Risperidone 2mg,101d1994800a68404f3f487699008f4b82b6f0173166aa9d40eb1cfd23a368b0,v2,01-11-2025,Novartis India,20-07-2026,384,10-05-2026 20:30,KGMU Lucknow,Web,357,27,93.0,0x1dc928783d5cb63fea7089f4aba215b6403ea77e79a27b7332ab1062299896,Active,No,https://verify.pharma.in/qr/101d1994800a6840
QR000555,BAT000555,DRG0055,Diazepam 5mg,dc69a4d8323eb7881f843a8447428f1ab31d45a8f09a4d76f17a200134477ab6,v2,01-03-2026,Lupin Pharmaceuticals,16-01-2029,57,23-04-2026 20:45,PGIMER Chandigarh,Kiosk,49,8,86.0,0x70aa358040b767415f072bd98f260901c3ea1043d371b5520ddbe575ba7797,Active,No,https://verify.pharma.in/qr/dc69a4d8323eb788
QR000556,BAT000556,DRG0056,Levetiracetam 500mg,3033daee88144b0873377df3f991cf64aec12db20aff4b35bd112760fabc163e,v2,29-05-2025,AstraZeneca India,19-05-2027,161,27-04-2026 13:29,MGM Hospital Chennai,Web,154,7,95.7,0x680a42be094bf4b77edc8f98f3e927841828511e0694ce6a158e739a7daaeb,Active,No,https://verify.pharma.in/qr/3033daee88144b08
QR000557,BAT000557,DRG0057,Carbamazepine 200mg,96a85c3706367696dec16762533e0adc22d294a6f9ab357938ba7d7be4488aa1,v2,04-12-2025,Dr Reddy's Laboratories,30-05-2029,71,04-05-2026 16:20,Sterling Hospital Ahmedabad,Web,63,8,88.7,0x89e47995196ae03cd88a7bcc99c43b296b9992995a0df990da2045d2bb160b,Active,No,https://verify.pharma.in/qr/96a85c3706367696
QR000558,BAT000558,DRG0058,Pregabalin 75mg,0c40afd1528af457d3652149b639c0aa885bfd600cb32b1c7291b6a009550294,v2,30-03-2026,Lupin Pharmaceuticals,14-08-2028,45,21-04-2026 00:27,SMS Hospital Jaipur,Scanner,42,3,93.3,0x194a9d90cfd19887212e2e7a3b073e33e51e41783ad77cf6cd46ed7ab81f50,Active,No,https://verify.pharma.in/qr/0c40afd1528af457
QR000559,BAT000559,DRG0059,Donepezil 10mg,aa3e8c3e002813116e46ca99a49f5da7503208665d5dd2cbabe715bb78d14615,v2,23-02-2025,Biological E Ltd,16-11-2029,154,14-05-2026 22:04,AIIMS Delhi,Scanner,148,6,96.1,0x68cb6deacdf88c7c2b52338e063c1c8b4e36eaa4c602b40d4d8dad1b1954fa,Active,No,https://verify.pharma.in/qr/aa3e8c3e00281311
QR000560,BAT000560,DRG0060,Valproate 500mg,1a40ec838476f67485f7aac31e236f9e3f3924f7a91954c1054cde8ab2ab8ff1,v2,10-04-2026,Novartis India,26-05-2027,449,27-04-2026 09:17,Apollo Hospital Mumbai,Kiosk,435,14,96.9,0x7522476bd9299f4453691a37e6a09dd4c0fe1ef968e6809f0405157b95ae84,Active,No,https://verify.pharma.in/qr/1a40ec838476f674
QR000561,BAT000561,DRG0061,Levothyroxine 50mcg,7351f80b59946d66703dc68b57cfc7c9f810e6d1b7aa3b30fc7bb8c641e9a3ed,v2,21-08-2025,Aurobindo Pharma,29-09-2028,50,28-04-2026 18:41,PGIMER Chandigarh,Web,46,4,92.0,0x1e4d0ee535cd041d23cc7ad5af613e89c35ce2248616efa5b597ebedb94d47,Active,No,https://verify.pharma.in/qr/7351f80b59946d66
QR000562,BAT000562,DRG0062,Prednisolone 10mg,3e700c27645841d191f6d5d4e60b4152b32767952408a2d321bc28551c4bcd24,v2,03-02-2026,Abbott Healthcare India,25-07-2028,160,16-04-2026 08:29,Sterling Hospital Ahmedabad,Kiosk,157,3,98.1,0xdb48797b1d21e0e8924fd84e06f15bd7385776c151973dc2a80880718646d1,Active,No,https://verify.pharma.in/qr/3e700c27645841d1
QR000563,BAT000563,DRG0063,Dexamethasone 4mg Inj,d4343d9bb2925658c75eeb808cfd7a5077574ce43221ebf639db96497892cf28,v2,04-01-2025,Zydus Cadila,26-08-2026,483,16-04-2026 00:26,KGMU Lucknow,Web,424,59,87.8,0x42b6d7ec5ee96974e0addf797c3c7ed6caed954542ee763b2a1c597da4dfd1,Active,No,https://verify.pharma.in/qr/d4343d9bb2925658
QR000564,BAT000564,DRG0064,Hydrocortisone 100mg Inj,e0235c4d973a172f2eb79e28cde89323f663ab6d502647f79a1fa6608400b955,v2,02-12-2025,Biological E Ltd,30-01-2030,187,27-04-2026 21:38,AMRI Hospital Kolkata,Scanner,177,10,94.7,0x08b4bed4208a33c5f4a08d799c03bc1e5ca3a929ba8a93c18ad2dfc6f7707e,Active,No,https://verify.pharma.in/qr/e0235c4d973a172f
QR000565,BAT000565,DRG0065,Insulin NPH,96c82b36fa65061061a90611e9eaee916e7afa20d170680921be19d6165c8288,v2,14-02-2026,Novartis India,28-11-2028,174,29-04-2026 03:23,Sterling Hospital Ahmedabad,Scanner,149,25,85.6,0x4d695bc15d600b3028b6cf213fb34eb9a54aa51e5de5a3b44094362d09f422,Active,No,https://verify.pharma.in/qr/96c82b36fa650610
QR000566,BAT000566,DRG0066,Methotrexate 2.5mg,753af277c9223c8d6188f6c942ca44561fe53acc35195b72ee2bf58967e00fb3,v2,03-07-2025,Serum Institute of India,04-08-2028,291,20-04-2026 22:56,Civil Hospital Surat,Web,261,30,89.7,0x5198f6bf053051c780fb7dd7f266d03cf0a5784b468fe51c722d626270727b,Active,No,https://verify.pharma.in/qr/753af277c9223c8d
QR000567,BAT000567,DRG0067,Imatinib 400mg,3b1afcaecc187725c903f5a44d2ce2a323a948afb21f723c5707dbee16704b62,v2,24-07-2025,Cipla Ltd,07-03-2028,77,03-05-2026 03:04,Manipal Hospital Bengaluru,Scanner,71,6,92.2,0x4ede5f616093e08a23051860a41a739278a1de517d18fdae99bf711fd48527,Active,No,https://verify.pharma.in/qr/3b1afcaecc187725
QR000568,BAT000568,DRG0068,Paclitaxel Inj,1e3981b9cddda1476d4e63528a67b914ea50c895b690d6668d9d269c39d2f10e,v2,21-03-2025,AstraZeneca India,03-08-2028,72,28-04-2026 05:20,SCB Medical Bhubaneswar,Kiosk,61,11,84.7,0xf9c73862333af6ffcae906f5617db8fa3a404d8f64fb6f2927141a03e207dc,Active,Yes,https://verify.pharma.in/qr/1e3981b9cddda147
QR000569,BAT000569,DRG0069,Cisplatin Inj,7c4b8b4d1667ef9c9c55b65e1b378427ad464decdea298044502700161a71a3f,v2,11-03-2025,Biological E Ltd,31-10-2026,424,11-05-2026 04:09,Sterling Hospital Ahmedabad,Web,422,2,99.5,0x2e9e0f3a9d4f50871e02eaaff12c44aa518460fd8db0aa8edcfa7e2b8b7ae0,Active,No,https://verify.pharma.in/qr/7c4b8b4d1667ef9c
QR000570,BAT000570,DRG0070,Capecitabine 500mg,dcc2ddaf8e1876ed3a70fcec5c754410ab0ec9743489ebffeee17c8308651718,v2,23-12-2025,Wockhardt Ltd,10-07-2026,138,17-04-2026 07:59,AMRI Hospital Kolkata,Web,128,10,92.8,0x42caafc1ee5a2de4fd67ed48399ea1adeb524a0bcf402b5a8508ce49bf391b,Active,No,https://verify.pharma.in/qr/dcc2ddaf8e1876ed
QR000571,BAT000571,DRG0071,Vitamin D3 60000IU,32abccc03a753686c5fd1775cf961319c171c908248f08ea9175f123523007d4,v2,09-12-2025,Lupin Pharmaceuticals,28-06-2027,212,04-05-2026 01:33,AMRI Hospital Kolkata,Scanner,208,4,98.1,0x9ab0a182bb5ba0c677eb54d4c8f9d76d4fc03f53bdfcf50b323aa13b112676,Active,No,https://verify.pharma.in/qr/32abccc03a753686
QR000572,BAT000572,DRG0072,Vitamin B12 1mg Inj,e19dcce36a57b472159c4d663603e03b70eb9a20b7ff0f58814d8276a11bac42,v2,15-05-2026,Cadila Healthcare,26-03-2028,330,26-04-2026 04:10,Ruby Hall Clinic Pune,Mobile,299,31,90.6,0x9ef769182d4bdecf32e791a83045d082e4c4870f0bbd345386aafaefe276c2,Active,No,https://verify.pharma.in/qr/e19dcce36a57b472
QR000573,BAT000573,DRG0073,Folic Acid 5mg,f943b7d5efda702da8357014dacdfa6f21d0d5d62753bb69a0be5e86220919e3,v2,17-02-2025,Alkem Laboratories,20-12-2026,157,16-04-2026 22:01,AIIMS Delhi,Web,143,14,91.1,0x61412fa456263bd6d07028229e6c51a0eb0fb833a731066c585f9bdb44715b,Active,No,https://verify.pharma.in/qr/f943b7d5efda702d
QR000574,BAT000574,DRG0074,Iron 100mg Tablet,d19386507af00258ccad3177c1b8e1f9768170d4f3ffb5ef627197c492596d61,v2,28-03-2026,Novartis India,04-01-2027,289,01-05-2026 22:36,Civil Hospital Surat,Mobile,276,13,95.5,0x29a92be9d55a53149da57dc669b07dc52112e62b71b3a14794a14741b0bd0d,Active,No,https://verify.pharma.in/qr/d19386507af00258
QR000575,BAT000575,DRG0075,Calcium + Vit D3,dd464e007082d657b1d5719bf744db451bc6d8bf82fa0b698e27fba652964db9,v2,28-02-2026,Bharat Biotech,10-04-2029,69,14-05-2026 17:08,KEM Hospital Pune,Web,65,4,94.2,0x06642c0bd52d7327caeb258e137a90912f8b1b18ad50efeb3aa0387ee399bf,Active,No,https://verify.pharma.in/qr/dd464e007082d657
QR000576,BAT000576,DRG0076,Hydroxychloroquine 200mg,62e53305c0cac6320ca6aff055ec2771ea2828ce859c6dd8918820af98f58dda,v2,27-09-2025,Cadila Healthcare,12-04-2030,258,07-05-2026 04:33,MGM Hospital Chennai,Scanner,245,13,95.0,0xe229c2fa7ae108b789321c9a91de4b0dfc75e6c7e39c4a960d7dbc31c75343,Active,No,https://verify.pharma.in/qr/62e53305c0cac632
QR000577,BAT000577,DRG0077,Adalimumab 40mg Inj,c663b40ff6ab8316db3aeebbbe4dfa31abecc9bffea1ff19bdf4da20f7bdcf31,v2,01-06-2025,Sanofi India,20-02-2029,362,13-05-2026 12:01,PGIMER Chandigarh,Mobile,340,22,93.9,0x9c0f0366c4244aeccd945d794f190e28a8fbbeb7e290a46c74bbfbe54e5f88,Active,No,https://verify.pharma.in/qr/c663b40ff6ab8316
QR000578,BAT000578,DRG0078,Tacrolimus 1mg,c84d265a0a6a4ad1ce1ad415dd03052587e658db251651a262da21e271b65b7c,v2,23-02-2025,Cadila Healthcare,28-11-2026,11,25-04-2026 04:35,Yashoda Hospital Hyderabad,Web,10,1,90.9,0x2ec7007cd203a1bde86e40762007d9f7979e8653cf307e08a09eb0132e8eb7,Active,No,https://verify.pharma.in/qr/c84d265a0a6a4ad1
QR000579,BAT000579,DRG0079,Azathioprine 50mg,9210c7e76cba4c4b3ca661dca21712039c9663ebfd6ecf579d9b12e5ce696dbe,v2,24-06-2025,Novartis India,16-01-2027,10,16-04-2026 17:42,SCB Medical Bhubaneswar,Web,8,2,80.0,0x2f1e20ba491d678a0eeedae295a8fff7869ec2709786c05bf27f383be1b638,Active,Yes,https://verify.pharma.in/qr/9210c7e76cba4c4b
QR000580,BAT000580,DRG0080,Mycophenolate 500mg,e7c8f15e6020f4d42f7f7770f72e229fd3fc895429486f3fbe7ea7cf75af71ca,v2,06-02-2026,Pfizer India,08-05-2028,143,16-04-2026 21:31,PGIMER Chandigarh,Mobile,131,12,91.6,0xbbf8dd62ccda6b00c79c9fb96e910661a62e2a71f77f446bdda2dc893ef240,Active,No,https://verify.pharma.in/qr/e7c8f15e6020f4d4
QR000581,BAT000581,DRG0081,Albendazole 400mg,dcf28287624f72d37349e623bde32d63dc330d57725a3adce7b0cb57f2b59950,v2,21-03-2025,AstraZeneca India,09-07-2029,87,23-04-2026 02:56,Medanta Hospital Gurugram,Mobile,77,10,88.5,0x15128fe72f1a6b27cbb9b393f5b684a4b01fdcacd35b96db07a43d84506d7e,Active,No,https://verify.pharma.in/qr/dcf28287624f72d3
QR000582,BAT000582,DRG0082,Ivermectin 3mg,acebe2d3b86007d359c33e71fff59d1d601705fccd175998729b828de2f4e096,v2,26-06-2025,Bharat Biotech,12-05-2027,114,03-05-2026 04:55,AMRI Hospital Kolkata,Web,107,7,93.9,0xe7d935f12eb0286997aa7bd1c778b3bbf87839f4a4967304e117a158d96f28,Active,No,https://verify.pharma.in/qr/acebe2d3b86007d3
QR000583,BAT000583,DRG0083,Artemether-Lumefantrine,34e66f1d8bca89d8e147536553b0a66bbc8b5615af5e3f4a43fce8446fa9ecb5,v2,18-11-2025,Biological E Ltd,27-07-2028,91,30-04-2026 20:19,Sterling Hospital Ahmedabad,Web,90,1,98.9,0x592e02ca5a402b27b83bbf974d3e4e3d754d79f2e00a2d619061044af041b5,Active,No,https://verify.pharma.in/qr/34e66f1d8bca89d8
QR000584,BAT000584,DRG0084,Chloroquine 250mg,ba637548f4bfe2834e61b6f32e6eae5e57018482e625a4ab9eaad13cfc3883fe,v2,24-12-2025,Dr Reddy's Laboratories,20-06-2028,279,17-04-2026 05:27,KEM Hospital Pune,Kiosk,264,15,94.6,0x7d1274bd4d0befea1ec6729df693a1a302dbd8b436fd74fc5cd6214ea9e8ad,Active,No,https://verify.pharma.in/qr/ba637548f4bfe283
QR000585,BAT000585,DRG0085,Primaquine 15mg,89ea628467866af03f275af399900cb3856145c70a8179639d4ea5c0a492db3d,v2,28-02-2025,Novartis India,19-04-2030,192,11-05-2026 17:14,Apollo Hospital Mumbai,Scanner,190,2,99.0,0x186c6527a92ca2e418c46022b7b05bfa41ca8c2ce923bf93f18774c913e800,Active,No,https://verify.pharma.in/qr/89ea628467866af0
QR000586,BAT000586,DRG0086,Adrenaline 1mg Inj,88a4f49518e5dccd086af1f8be0b26e12c9a17d5e4ff66d3f957b943dff024de,v2,30-06-2025,AstraZeneca India,22-03-2030,39,15-05-2026 16:46,Apollo Hospital Mumbai,Kiosk,34,5,87.2,0x0f97eb9d8ef9af3b7b24b0952d72ee9d7122aa5271339aa152be1d282cdf96,Active,No,https://verify.pharma.in/qr/88a4f49518e5dccd
QR000587,BAT000587,DRG0087,Dopamine 200mg Inj,b0372ba369932d1552a80cb8b0b7c73875be07fd81248bd6dd1c02b600258932,v2,17-12-2025,Biological E Ltd,10-09-2026,442,11-05-2026 06:19,SCB Medical Bhubaneswar,Mobile,380,62,86.0,0x34755ed017bde123dfd40f174e2e5442b23c650f9881295155991ade058e65,Active,No,https://verify.pharma.in/qr/b0372ba369932d15
QR000588,BAT000588,DRG0088,Heparin 5000IU Inj,70a6342ea6825a74d1e5404a75114732cf9acc5491c3f93f7e51f2d366d6a108,v2,12-05-2026,GlaxoSmithKline India,16-11-2027,370,04-05-2026 07:36,SCB Medical Bhubaneswar,Web,339,31,91.6,0xcc3ae8fdccb791399ae032f611fcd8539789ab86cff763ac5501c315f117cc,Active,No,https://verify.pharma.in/qr/70a6342ea6825a74
QR000589,BAT000589,DRG0089,Naloxone 0.4mg Inj,77ba135702b78545469f641d4a906863d317d4f8d0b6513c0d12777f5d064833,v2,19-09-2025,AstraZeneca India,19-05-2027,429,01-05-2026 14:23,SCB Medical Bhubaneswar,Web,383,46,89.3,0xc8919f065dcebdc8364087a844932c0439ffc2923fe8b2db1d1b7da4be7a22,Active,No,https://verify.pharma.in/qr/77ba135702b78545
QR000590,BAT000590,DRG0090,Alteplase 50mg Inj,189196ad72f1011e62ce41203c619132234bbf29b8bd9633e7b8626c5a005d2b,v2,15-12-2025,Zydus Cadila,11-09-2026,37,10-05-2026 09:14,Apollo Hospital Mumbai,Scanner,33,4,89.2,0x916b05492c9c2839fa0dd8db70d29d45ec10abe2639d27a7bdf2615c0fd8f6,Active,No,https://verify.pharma.in/qr/189196ad72f1011e
QR000591,BAT000591,DRG0091,Betamethasone Cream,c74a795892edbb11bdd76fe69d7c1a66693b1f570f93f6fb7ea04b6a2f116391,v2,27-01-2025,Aurobindo Pharma,21-02-2029,263,15-05-2026 17:35,MGM Hospital Chennai,Kiosk,243,20,92.4,0xae0516c7048d6dfa94cc5809965923efc22b7d45c014db0ffeead53c06dfb6,Active,No,https://verify.pharma.in/qr/c74a795892edbb11
QR000592,BAT000592,DRG0092,Isotretinoin 20mg,60ce61cb57075fa58a7eca72c126e96145d19455b0d4f71c6da9b9bac7a6a364,v2,22-01-2026,Alkem Laboratories,12-01-2027,123,20-04-2026 12:12,MGM Hospital Chennai,Scanner,110,13,89.4,0x03f47a9b9f65795c0e3c52c705e9855b37d0cfcf603256b58f7753f1634bce,Active,No,https://verify.pharma.in/qr/60ce61cb57075fa5
QR000593,BAT000593,DRG0093,Acitretin 10mg,e70a7f9bc224409877722e4a29ddc3ed06d70f386716fc959df8199741152e1a,v2,03-07-2025,Torrent Pharmaceuticals,23-12-2026,122,28-04-2026 12:09,Manipal Hospital Bengaluru,Web,115,7,94.3,0x98923e12ccfedf234f31b53a773aebfd8f47a3c2a4257215426332c1964adc,Active,No,https://verify.pharma.in/qr/e70a7f9bc2244098
QR000594,BAT000594,DRG0094,Clotrimazole Cream,96b62b7f39fa9e3c376b54806ed88efb6776ccb086cbf4014843bc76ec715e31,v2,02-10-2025,AstraZeneca India,09-02-2027,224,18-04-2026 14:16,MGM Hospital Chennai,Kiosk,198,26,88.4,0x8850255f711a02b8424e46b9addcf21c65a8ad307b61f3cdaf6309b109e148,Active,No,https://verify.pharma.in/qr/96b62b7f39fa9e3c
QR000595,BAT000595,DRG0095,Silver Sulfadiazine Cream,4dd87760fe7a254e6501fcd8ffe64fd0821b0058ed64dcec130e1b701ca81ba1,v2,22-01-2025,Biological E Ltd,23-07-2028,164,21-04-2026 02:30,KEM Hospital Pune,Scanner,151,13,92.1,0xb8a228ae207c2c5c730cc032dab6e907a0594a31e7a14a99af11910705a737,Active,No,https://verify.pharma.in/qr/4dd87760fe7a254e
QR000596,BAT000596,DRG0096,Latanoprost Eye Drops,54c43c3c1cadb6e310bb8168082bf7406a62f2816797e378a1eb626a7947c344,v2,30-01-2026,Torrent Pharmaceuticals,17-01-2027,74,20-04-2026 06:06,Sterling Hospital Ahmedabad,Mobile,70,4,94.6,0x441d349dcf2c0a086c27ccb8f391779b965be39021552d1de6fd2b32e1a006,Active,No,https://verify.pharma.in/qr/54c43c3c1cadb6e3
QR000597,BAT000597,DRG0097,Ciprofloxacin Eye Drops,0e629253c67e919378313cae99bf9610afd97721d2c1f4d8942d31dcdf20efa9,v2,29-03-2026,IPCA Laboratories,05-06-2027,282,18-04-2026 12:24,AIIMS Delhi,Web,270,12,95.7,0x493255fee74494a9e1aa9534e4866f2a67344847d4f5cb4a0b1e4613227b06,Active,No,https://verify.pharma.in/qr/0e629253c67e9193
QR000598,BAT000598,DRG0098,Moxifloxacin Eye Drops,226802ff25fb427179e06d77dc3817af7bcd0a83b75dc7e365aaf348410a24c9,v2,30-03-2026,Serum Institute of India,22-03-2030,266,23-04-2026 07:32,AMRI Hospital Kolkata,Web,230,36,86.5,0x85939dbad0c84a0bf3d7e9ebb138585c69b411ecfa7c4bf14fa42088240a1d,Active,No,https://verify.pharma.in/qr/226802ff25fb4271
QR000599,BAT000599,DRG0099,Timolol Eye Drops,0a6f306142248edf0d6e004975ccdcf4808f564e7a0748ac3e2fb0aac33cd79f,v2,03-02-2025,Biological E Ltd,30-06-2028,44,16-04-2026 09:23,Apollo Hospital Mumbai,Mobile,40,4,90.9,0xe39e7a18eddb2d2465f7fa1e9ed3560d78557f367335cb6e89728534d440ed,Active,No,https://verify.pharma.in/qr/0a6f306142248edf
QR000600,BAT000600,DRG0100,Artificial Tears,eb087d60ba1beb42e16ab849efdb802dcbddcb888f7001aa141fe8032b8b7e8c,v2,19-09-2025,AstraZeneca India,30-06-2026,105,19-04-2026 10:31,PGIMER Chandigarh,Mobile,97,8,92.4,0x64756ba1285d50721e720f729732f968f4b21026c386f52ec4f85b5f5a36fd,Active,No,https://verify.pharma.in/qr/eb087d60ba1beb42
QR000601,BAT000601,DRG0001,Amoxicillin 500mg,48b79f7081f44f8cebc102a3a3b561c0125f1e7b7838cff5b6d69f82fad8105c,v2,06-02-2026,Aurobindo Pharma,19-02-2030,323,02-05-2026 07:06,Ruby Hall Clinic Pune,Web,305,18,94.4,0xe8d3f0049ccffcf2f5677463db8e2a3a2478039f911ad029a8877d22ca8f55,Active,No,https://verify.pharma.in/qr/48b79f7081f44f8c
QR000602,BAT000602,DRG0002,Azithromycin 250mg,3f21b5cf27a04a81f7b4bf436467c915d075ccc336d2d7e65791019477735b4c,v2,20-05-2025,Cipla Ltd,21-11-2026,303,21-04-2026 11:30,PGIMER Chandigarh,Scanner,296,7,97.7,0x467bc772df3c7b6678ab539391bb666bfa04132eff7a00ba6cb9c4b2dd79ca,Active,No,https://verify.pharma.in/qr/3f21b5cf27a04a81
QR000603,BAT000603,DRG0003,Ciprofloxacin 500mg,3303e2821160177b0304ef4eb539da4b0465884f5d41f0eb23f28f3198198776,v2,04-11-2025,Zydus Cadila,09-05-2029,484,27-04-2026 14:47,KGMU Lucknow,Mobile,434,50,89.7,0xc842e9247ed7b508eb2f44c09e3a2b82a2d614b5a61e292dbf7e398337f478,Active,No,https://verify.pharma.in/qr/3303e2821160177b
QR000604,BAT000604,DRG0004,Metronidazole 400mg,61f469cc4b3d6f67549ae9af9a6f478dd0a3a8372825a00889df9226bda8c99e,v2,03-05-2025,Wockhardt Ltd,01-12-2028,439,12-05-2026 22:40,KGMU Lucknow,Mobile,395,44,90.0,0xc773fa172bcb912900bf91a068ff699afdb134b23e23cec2729d5900189049,Active,No,https://verify.pharma.in/qr/61f469cc4b3d6f67
QR000605,BAT000605,DRG0005,Ceftriaxone 1g Inj,42f0365efae7037951dbfb50ab59a95cd7384f3f3ba0eef1fc60051c26b5bce0,v2,06-06-2025,Wockhardt Ltd,30-12-2026,306,18-04-2026 02:16,PGIMER Chandigarh,Kiosk,266,40,86.9,0x8a1e07a9f0bff6079571a65da2b56e96c9c1208b5e499c5bad37aff61f3100,Active,No,https://verify.pharma.in/qr/42f0365efae70379
QR000606,BAT000606,DRG0006,Paracetamol 500mg,ec9e5ed00237433786b415d0ff616172b5fdde184f8944bea4a734f0b0da9087,v2,20-01-2025,Biological E Ltd,01-07-2028,455,10-05-2026 14:54,Civil Hospital Surat,Scanner,393,62,86.4,0x758e721acb832793fba7adf5204febe4cfa1deb2378b413efe6fb490e81a0b,Active,No,https://verify.pharma.in/qr/ec9e5ed002374337
QR000607,BAT000607,DRG0007,Ibuprofen 400mg,1572c03e5622773f338fb7b667e460659b262cc0a4871a2aa693ed9425b862e8,v2,20-03-2026,Aurobindo Pharma,13-07-2026,265,28-04-2026 15:43,KEM Hospital Pune,Scanner,244,21,92.1,0xa1ee7a6d92a8c85081eaf72fc0812fd51c3273a4a7604b6bdbc9c5ffb4d551,Active,No,https://verify.pharma.in/qr/1572c03e5622773f
QR000608,BAT000608,DRG0008,Tramadol 50mg,02346e10a3769e72aa13e49f9b3b68a71ce728d6e8031cc19a27df76dff201ac,v2,19-04-2026,Zydus Cadila,16-10-2028,80,28-04-2026 01:04,AIIMS Delhi,Mobile,76,4,95.0,0x0619652e15a96f20c99b128e6796724abf1380c119e127c984fe2acb62fa9c,Active,No,https://verify.pharma.in/qr/02346e10a3769e72
QR000609,BAT000609,DRG0009,Morphine 10mg Inj,8b6ece9958fc35f1e0bc8e6e4ddf076ba56cd8fb5a4be56085d054d19b71ddfe,v2,01-02-2026,Biological E Ltd,29-08-2028,471,28-04-2026 20:05,AIIMS Delhi,Web,462,9,98.1,0x5d57fd5a8a73beed46337b610ca6ffc9f3691831cc0a8c5143d606d0926673,Active,No,https://verify.pharma.in/qr/8b6ece9958fc35f1
QR000610,BAT000610,DRG0010,Diclofenac 50mg,cecd6cd2d7b5768477feb0f88250923617a38e6585ea18af99273eaf818a02a6,v2,15-12-2025,Dr Reddy's Laboratories,25-10-2026,302,26-04-2026 23:34,Ruby Hall Clinic Pune,Web,270,32,89.4,0xc787bb1ac5c787630c31712371c990a02b2dbca0542982da71ce33abc48eda,Active,No,https://verify.pharma.in/qr/cecd6cd2d7b57684
QR000611,BAT000611,DRG0011,Amlodipine 5mg,f2b8df526f6982038d38ce72e493e37851c0f95ee1abd918065136fbfd75d00c,v2,20-03-2026,Pfizer India,20-01-2028,369,29-04-2026 05:41,Civil Hospital Surat,Kiosk,330,39,89.4,0xac48fa60301c1b9b2e7c4de18ccb8b45c8aacce1bd9a0e2f661f3f93fe7ac4,Active,No,https://verify.pharma.in/qr/f2b8df526f698203
QR000612,BAT000612,DRG0012,Losartan 50mg,c03418738427611b6b077dbab589531d00443eabf7a7d600ca3c9ee044e6280d,v2,17-11-2025,Wockhardt Ltd,03-02-2030,97,01-05-2026 09:24,Medanta Hospital Gurugram,Web,96,1,99.0,0x6047138d97008465ba38a0724c3046fc29987c7ce8020bb141089a9871a408,Active,No,https://verify.pharma.in/qr/c03418738427611b
QR000613,BAT000613,DRG0013,Atenolol 50mg,f071acb9cc923b202eb5f19b6e9c562a0f82e939fd6c349c18f39a3f2690b5fe,v2,11-03-2025,Alkem Laboratories,23-09-2026,207,14-05-2026 09:57,Manipal Hospital Bengaluru,Web,184,23,88.9,0x14ff9791f37b06339597f965655114740363d633d447a09788966e8318bc8a,Active,No,https://verify.pharma.in/qr/f071acb9cc923b20
QR000614,BAT000614,DRG0014,Furosemide 40mg,b6e9d23aee0a360c62c66d7434c4e25214af31f5d68473805af689af2ccd12fa,v2,21-07-2025,Aurobindo Pharma,03-11-2029,184,04-05-2026 15:36,KEM Hospital Pune,Kiosk,165,19,89.7,0x29eb5628aac916ea81141a4cc8e7bdbf39242b469a96b82d651ebf50c390cc,Active,No,https://verify.pharma.in/qr/b6e9d23aee0a360c
QR000615,BAT000615,DRG0015,Ramipril 5mg,7723108f22fbc53e6babcdbd130f78ac7cc2fdafd585e77f8cd499d68163a833,v2,10-08-2025,IPCA Laboratories,11-02-2029,375,19-04-2026 22:36,AMRI Hospital Kolkata,Web,369,6,98.4,0x207decb3c205122248b74ed141a1a6fbc07a0db3d1d0e0dc7553adffaffe23,Active,No,https://verify.pharma.in/qr/7723108f22fbc53e
QR000616,BAT000616,DRG0016,Metformin 500mg,ada1dd51e09043fceceb5d51b8fb8c19321d3eca6acb27116e7218908c67df03,v2,06-02-2025,Pfizer India,11-05-2030,71,24-04-2026 19:47,Ruby Hall Clinic Pune,Kiosk,67,4,94.4,0x6ff417b5099005e383b397dab3af2aa1b8c387d676976d7f9cd02c8d55d47b,Active,No,https://verify.pharma.in/qr/ada1dd51e09043fc
QR000617,BAT000617,DRG0017,Glimepiride 2mg,c1b26fa6ece8fa7abd425cdf2352bf843ca68079e99e21dfbf6c85dde4f174fc,v2,09-04-2025,Cadila Healthcare,13-05-2029,190,06-05-2026 06:43,SMS Hospital Jaipur,Mobile,176,14,92.6,0x799124b6f58957dd9a8f04d0bd2c4090e2e55c7b3fc1b1c1a12270e2e8dd03,Active,No,https://verify.pharma.in/qr/c1b26fa6ece8fa7a
QR000618,BAT000618,DRG0018,Insulin Glargine,7f7308d788c0ef0b749deb9855ced7f20eb74a03bc0a3effb199cb0a086c786c,v2,08-07-2025,GlaxoSmithKline India,04-11-2026,216,22-04-2026 20:39,AIIMS Delhi,Kiosk,199,17,92.1,0xfdc6542663b43395b3fcde3ac78daf941f22ed69510cea87309cfdc6a20fc5,Active,No,https://verify.pharma.in/qr/7f7308d788c0ef0b
QR000619,BAT000619,DRG0019,Sitagliptin 100mg,90da93a7e5d30485bcfcdb9bc82e60bc594d15791d7daed28722db10f6d2d981,v2,26-07-2025,IPCA Laboratories,12-06-2028,202,30-04-2026 15:50,KEM Hospital Pune,Mobile,177,25,87.6,0x0a13e7995e4810ffe41869107273e2f51a3a845f2059761ad1a456ef591d64,Active,No,https://verify.pharma.in/qr/90da93a7e5d30485
QR000620,BAT000620,DRG0020,Empagliflozin 10mg,6c94b5a74fb909ce293d362a56164c3204b3af556da547b582080e2680e1780b,v2,21-10-2025,Biological E Ltd,03-10-2026,365,03-05-2026 17:57,SCB Medical Bhubaneswar,Kiosk,322,43,88.2,0x9996b997eb18b7bcb3ba04741481cd4691e0269511aeaee5bf81423fcbd317,Active,No,https://verify.pharma.in/qr/6c94b5a74fb909ce
QR000621,BAT000621,DRG0021,Atorvastatin 20mg,32fb97cbd356f04d391eff3c1844bf46b74489e9f6a9fb3048878c20f8413e95,v2,26-03-2025,Lupin Pharmaceuticals,28-12-2027,397,23-04-2026 12:57,SMS Hospital Jaipur,Web,339,58,85.4,0x18398a1d2e445d29e367261ff3dfa4f7effe707c6194742e3bd7bbebfd324b,Active,No,https://verify.pharma.in/qr/32fb97cbd356f04d
QR000622,BAT000622,DRG0022,Clopidogrel 75mg,aa69d6cd69dd34d12a271a172d92b5396477b9db0a7e2c88956e0a68d3c68198,v2,26-12-2025,Lupin Pharmaceuticals,04-12-2027,72,13-05-2026 14:11,SMS Hospital Jaipur,Scanner,69,3,95.8,0x2911877f9bf02e817bab59c4cc14791ca6fe3d43b46786323abac9c179def4,Active,No,https://verify.pharma.in/qr/aa69d6cd69dd34d1
QR000623,BAT000623,DRG0023,Aspirin 75mg,bc731e722edc69c05301dd780b019f4bb0b1ada7b5931dd152a7344d9fab5982,v2,03-08-2025,Wockhardt Ltd,21-07-2028,133,16-05-2026 01:09,SCB Medical Bhubaneswar,Mobile,116,17,87.2,0xdefc7f6105061f1c286b1c7b0bde0faee6855d292f9e59a36bca0c4f04810b,Active,No,https://verify.pharma.in/qr/bc731e722edc69c0
QR000624,BAT000624,DRG0024,Warfarin 5mg,67f76b3d84582f2402c70facdedf72f39a0a9e0dcb9c56292d841e8ce9df5c52,v2,25-02-2026,Wockhardt Ltd,24-11-2029,500,30-04-2026 22:52,Ruby Hall Clinic Pune,Kiosk,498,2,99.6,0xda894445c539e73266bfa0d0effc0106ab38c8783cff9d57c6f950f73ba7b5,Active,No,https://verify.pharma.in/qr/67f76b3d84582f24
QR000625,BAT000625,DRG0025,Digoxin 0.25mg,4ee276267f3a297fb4af9ca578052c0df2cee66db5b9323ea91288ed404eef61,v2,07-11-2025,IPCA Laboratories,12-04-2027,60,12-05-2026 21:46,AIIMS Delhi,Mobile,52,8,86.7,0x16e8b427d3650810c48cc74a1aacdf82ea9e572b0644b1a525ab4cae93b48b,Active,No,https://verify.pharma.in/qr/4ee276267f3a297f
QR000626,BAT000626,DRG0026,Salbutamol Inhaler,f0108f8d9ac3d42eb9c17ddb96eeb902fb3510f94a1b88840e83b16c5b04ce9b,v2,11-06-2025,Cipla Ltd,06-04-2028,35,06-05-2026 17:08,KEM Hospital Pune,Kiosk,30,5,85.7,0xa0f6dbe6901211c0216a8169ce0d578f9c2edb81a5a764da3311e35debab33,Active,No,https://verify.pharma.in/qr/f0108f8d9ac3d42e
QR000627,BAT000627,DRG0027,Budesonide Inhaler,90acfd31c7be47a15522c82dea4932801dbe7765b10a174756bacee62607912a,v2,14-12-2025,Torrent Pharmaceuticals,23-04-2030,181,15-05-2026 05:15,KEM Hospital Pune,Scanner,180,1,99.4,0xb724819306268c4ebdc1e036a5f5a505cc3e7398b28651a613d17621d0c1cc,Active,No,https://verify.pharma.in/qr/90acfd31c7be47a1
QR000628,BAT000628,DRG0028,Montelukast 10mg,b21dd9bbccc45047355f735b016d89a176a082eac4a152770943ca4ec31ac734,v2,15-09-2025,Pfizer India,03-03-2029,462,10-05-2026 03:18,Apollo Hospital Mumbai,Kiosk,430,32,93.1,0x310ca707b5a827cad53fbf54eca653c53de56a796039723658e72a7302f305,Active,No,https://verify.pharma.in/qr/b21dd9bbccc45047
QR000629,BAT000629,DRG0029,Tiotropium Inhaler,6f39375514c379abc67d4ad374dcdda4b759540352c94eb31f03fcc145f4c6b1,v2,08-02-2025,Alkem Laboratories,21-01-2027,485,21-04-2026 09:26,AMRI Hospital Kolkata,Mobile,451,34,93.0,0x8cbc3ca27d8db87ce9b3c357ba96b0d98fbd2d42a5be8cc7099a76d847663d,Active,No,https://verify.pharma.in/qr/6f39375514c379ab
QR000630,BAT000630,DRG0030,Doxofylline 400mg,4d72a84c1dc8d572ef7abc45a8fbc5278f72bc2715cb3e44788d6575a26a8dd2,v2,21-01-2025,Novartis India,11-08-2027,78,26-04-2026 20:02,AMRI Hospital Kolkata,Web,72,6,92.3,0x2458262b796f6b0400638d5aa30f1979da8bf87725d2c176d00642f4ae993f,Active,No,https://verify.pharma.in/qr/4d72a84c1dc8d572
QR000631,BAT000631,DRG0031,Omeprazole 20mg,6a12c6002b96d03bcefa7d8037c658163ef7057620c098a891a6ec66f7eb637c,v2,16-05-2026,Pfizer India,08-03-2030,340,02-05-2026 20:02,SCB Medical Bhubaneswar,Web,330,10,97.1,0x08f4564f26e58699fa5617702ed521d33fb8a8deac2030383dc4e30251c687,Active,No,https://verify.pharma.in/qr/6a12c6002b96d03b
QR000632,BAT000632,DRG0032,Pantoprazole 40mg,6f9515f40b05fc5a0ff11cb66ecb5fea0bc4a85db5c98f4b519be3b17c390e58,v2,07-09-2025,IPCA Laboratories,21-06-2026,404,30-04-2026 07:16,Medanta Hospital Gurugram,Scanner,359,45,88.9,0x13802a7f0871fc14e1ce0cd2f69f3dfc9dc5a35ab6d7f8a0db14ba3b6a3027,Active,No,https://verify.pharma.in/qr/6f9515f40b05fc5a
QR000633,BAT000633,DRG0033,Ondansetron 4mg,60719459ce4a8411c518693cebdf3dfa5422a8c2aef12846dd7e6b6b16fb42a4,v2,02-05-2026,Cipla Ltd,22-03-2027,435,06-05-2026 08:09,Manipal Hospital Bengaluru,Mobile,424,11,97.5,0x3489738b147325fba452a887f617f88517db09420312d4f9209f65198fabc2,Active,No,https://verify.pharma.in/qr/60719459ce4a8411
QR000634,BAT000634,DRG0034,Domperidone 10mg,d19867b805a75d7d8216e615259bd0c69eda5cdd65d46dba6c65658645412c80,v2,19-02-2026,Sanofi India,06-06-2027,179,20-04-2026 09:59,Civil Hospital Surat,Kiosk,157,22,87.7,0x5c6b59cb21f90369c0fbe015f5c19f5eaf7bdf95a715c203c8483e0899d0c2,Active,No,https://verify.pharma.in/qr/d19867b805a75d7d
QR000635,BAT000635,DRG0035,Metoclopramide 10mg,115d133f53929661038c0dfe69b733046023e3fb20883b455a6bac0347a82e51,v2,15-03-2025,Wockhardt Ltd,12-05-2030,23,15-04-2026 15:25,Manipal Hospital Bengaluru,Kiosk,22,1,95.7,0x5d9a7eccea08abe4897ebf8cf56a632da9c586d1b3644c30ddafdac5c6d449,Active,No,https://verify.pharma.in/qr/115d133f53929661
QR000636,BAT000636,DRG0036,Oseltamivir 75mg,2acf31ede946ad139ff856cb1df49924b4a4e41bee077d5a84643148aa928ab1,v2,12-02-2026,IPCA Laboratories,20-09-2026,378,06-05-2026 13:10,SCB Medical Bhubaneswar,Web,331,47,87.6,0x6a48014005e92322915cb6223d26b2c41a9eac35ad8a1dd1f092f6d23ad1fc,Active,No,https://verify.pharma.in/qr/2acf31ede946ad13
QR000637,BAT000637,DRG0037,Acyclovir 400mg,dfc1076a3ab55f202f29f631a17181946e8a64f2d5a08ca3c9d081a3f25a3d60,v2,24-09-2025,GlaxoSmithKline India,11-02-2027,59,16-04-2026 05:28,KEM Hospital Pune,Kiosk,57,2,96.6,0xea7c3a2a58157de31232bf1a9b0357bdb03a7b68b097f0f6bd3abfd68c47ef,Active,No,https://verify.pharma.in/qr/dfc1076a3ab55f20
QR000638,BAT000638,DRG0038,Tenofovir 300mg,b2a9dae736a0cdc8b976bd35dca8343986168b505fa428841bff977697ae9c43,v2,08-01-2025,GlaxoSmithKline India,03-07-2027,306,18-04-2026 07:39,KGMU Lucknow,Kiosk,280,26,91.5,0xb7ef4e45efce8e97ca0f678e787033e471a1a0e77d73cd9f3139a84b1cb301,Active,No,https://verify.pharma.in/qr/b2a9dae736a0cdc8
QR000639,BAT000639,DRG0039,Remdesivir 100mg Inj,d8d9877624748a6e4ba3d24fcfb5bc044a97f4220ca4c0676eb88a8ec45c08ac,v2,11-02-2025,Pfizer India,24-01-2027,67,27-04-2026 19:27,Ruby Hall Clinic Pune,Web,58,9,86.6,0xdb621e25fb837b694ce62eb507eb55a8017ea64a54d981355f93452e67f636,Active,No,https://verify.pharma.in/qr/d8d9877624748a6e
QR000640,BAT000640,DRG0040,Valacyclovir 500mg,7c84708fdbfc536f9b1649cd6881c781495b2c236ce8160921a251a138b3dcbf,v2,03-02-2026,Torrent Pharmaceuticals,08-09-2028,389,27-04-2026 04:08,Medanta Hospital Gurugram,Kiosk,355,34,91.3,0xf7104f6a7a3c093f9682d6bf0ea2f64f0bb86cec73ed238f871a5d704ed653,Active,No,https://verify.pharma.in/qr/7c84708fdbfc536f
QR000641,BAT000641,DRG0041,Fluconazole 150mg,6df261994bb9b8314ba2a4ef78cd713f7ce7427639d4ba4e492eb04ec7f92c54,v2,02-01-2025,Alkem Laboratories,13-10-2028,270,25-04-2026 23:10,AIIMS Delhi,Web,255,15,94.4,0x33fe1f50adf15877205dd01c72b6736998fa77b3d711b0a5714a11cbab7cb3,Active,No,https://verify.pharma.in/qr/6df261994bb9b831
QR000642,BAT000642,DRG0042,Itraconazole 100mg,c0a6dc24d334d79017f29f119327c0c4ba2cb34a715a7755622f9088beebda8c,v2,29-03-2026,IPCA Laboratories,15-03-2029,141,16-04-2026 20:33,SMS Hospital Jaipur,Scanner,134,7,95.0,0xf99125191c861095f8826a449c4364f4645ca25bcfc9f7c2c1861588367055,Active,No,https://verify.pharma.in/qr/c0a6dc24d334d790
QR000643,BAT000643,DRG0043,Amphotericin B Inj,6b03d66a8261dc662d76e959fa21fbcac2761d31c093b52ecb919476227c6cee,v2,17-02-2026,Biological E Ltd,27-05-2029,118,15-05-2026 18:11,KEM Hospital Pune,Scanner,113,5,95.8,0x9760b2994f7a49622755705fa91065724ababbf91542e18bb34ae350c92462,Active,No,https://verify.pharma.in/qr/6b03d66a8261dc66
QR000644,BAT000644,DRG0044,Voriconazole 200mg,edd55af0211d1122f047507b08650b59b23f2516a3da2c88786eed62cd6b2aab,v2,13-01-2025,Alkem Laboratories,24-06-2029,415,16-04-2026 08:31,MGM Hospital Chennai,Web,381,34,91.8,0xdbf85a1cbde0b30c55f371070e37b9bcb6cbd86c3284c34e7ea26cc8cc359a,Active,No,https://verify.pharma.in/qr/edd55af0211d1122
QR000645,BAT000645,DRG0045,Terbinafine 250mg,ab6405f54edce0f7d4e6add6a10a8a5709c50eab1c46f644be06fb39c65ff655,v2,28-06-2025,GlaxoSmithKline India,11-04-2027,216,08-05-2026 05:48,Manipal Hospital Bengaluru,Scanner,189,27,87.5,0x9fb0ebc20b5f4ade001a7ba1eb6692e5e77cf51a19d09c38416b9a419a02d2,Active,No,https://verify.pharma.in/qr/ab6405f54edce0f7
QR000646,BAT000646,DRG0046,BCG Vaccine,ad790a442fd6b8de246d5b49d1a06224b364048aaa6703ad53512137c7e26559,v2,01-10-2025,Bharat Biotech,23-09-2029,258,23-04-2026 09:59,Apollo Hospital Mumbai,Scanner,250,8,96.9,0xbde39bcd1f04b7875cab2358c4d985d33bc6a6b38c8a077f9559774f031fd9,Active,No,https://verify.pharma.in/qr/ad790a442fd6b8de
QR000647,BAT000647,DRG0047,Hepatitis B Vaccine,88c2c554ca8e2b6758a747f0658fa2dd18e3b6727960a93773c55a2fc3816d1a,v2,20-04-2025,Alkem Laboratories,13-05-2029,463,27-04-2026 19:25,Apollo Hospital Mumbai,Scanner,434,29,93.7,0xc935b2828067c405eba7e3a1888401a130c1e9a7d6ebbf37bfa3d91e1bcc2a,Active,No,https://verify.pharma.in/qr/88c2c554ca8e2b67
QR000648,BAT000648,DRG0048,MMR Vaccine,04d68cbaad7138618978a27eabc9b247c706a82e6afa640375f5533d5ffc206a,v2,21-01-2026,Biological E Ltd,27-04-2027,181,30-04-2026 22:03,AMRI Hospital Kolkata,Kiosk,167,14,92.3,0x2174d9082a6f1c476224fa40efa8f394686de96ba3ff195228363a19c87955,Active,No,https://verify.pharma.in/qr/04d68cbaad713861
QR000649,BAT000649,DRG0049,COVID-19 mRNA Vaccine,f1d063fc58d2180f13728e5216928e83cb4a1b846d4de83f57cd98851b8ff80e,v2,28-01-2026,Torrent Pharmaceuticals,02-11-2027,439,25-04-2026 13:49,Civil Hospital Surat,Scanner,428,11,97.5,0x6c733e3e57207859f00d3dbb9fc4da43ef1af711fee97cef56a7ff8fe63c64,Active,No,https://verify.pharma.in/qr/f1d063fc58d2180f
QR000650,BAT000650,DRG0050,Influenza Vaccine,9c0bda5912b78a73fb8d8eceb3a8a0cb97b6ea284440833c34f3303a35e99f22,v2,27-04-2026,Aurobindo Pharma,20-09-2028,62,27-04-2026 11:35,Manipal Hospital Bengaluru,Mobile,54,8,87.1,0xd8fc87593439cfe81a24fe3b83e4052165472bc0acbba021f590d259cb046f,Active,No,https://verify.pharma.in/qr/9c0bda5912b78a73
QR000651,BAT000651,DRG0051,Sertraline 50mg,daabaf2b327507fe2bcc1b1a5f230eae5f2df2cc469dc2fb91c93eec37e7dbd2,v2,02-09-2025,Wockhardt Ltd,25-08-2026,262,20-04-2026 02:40,Apollo Hospital Mumbai,Web,226,36,86.3,0x5484cde0842beb54c4ee513e498987912af6f669c870b1265b3af59fca2467,Active,No,https://verify.pharma.in/qr/daabaf2b327507fe
QR000652,BAT000652,DRG0052,Escitalopram 10mg,13d5511ecd23599c1e03fb1d0b7c1ec80e7916a41e7b041f9dfba15aa9c58158,v2,27-08-2025,Zydus Cadila,10-11-2026,261,19-04-2026 08:02,SCB Medical Bhubaneswar,Mobile,239,22,91.6,0x53202fb3630040d4b3106508ce7c778addb034ef5359c050bbb8b3ffe80715,Active,No,https://verify.pharma.in/qr/13d5511ecd23599c
QR000653,BAT000653,DRG0053,Olanzapine 10mg,dbed0eab4ad08b3ece891079a0784938f0e593c89dfad4e9b6771104cd7ca8c3,v2,31-03-2025,Aurobindo Pharma,02-04-2029,394,14-05-2026 22:36,SMS Hospital Jaipur,Mobile,364,30,92.4,0xce2b4020082a44f409616f4bf37bfd26cc2470902cccf9bac709a4178ccf78,Active,No,https://verify.pharma.in/qr/dbed0eab4ad08b3e
QR000654,BAT000654,DRG0054,Risperidone 2mg,1b09a53918eb11dc14bb4f8361a7da01e5dad5c819f7306173e1c187347edc09,v2,15-05-2026,Cadila Healthcare,10-01-2029,93,19-04-2026 18:08,Ruby Hall Clinic Pune,Scanner,90,3,96.8,0x920f498a273669d9c97fa72d22109804e0cafda9cca2c77e798e3e36900a56,Active,No,https://verify.pharma.in/qr/1b09a53918eb11dc
QR000655,BAT000655,DRG0055,Diazepam 5mg,f9a3c8ee3b2dc32159ee9f6fffb8751e58e4398eeb6e393b29116a62647b5bf9,v2,24-02-2026,Cadila Healthcare,04-01-2030,337,29-04-2026 22:33,Yashoda Hospital Hyderabad,Scanner,314,23,93.2,0xcc116c3cd18756add93e04c345767f02805ca2c59198659436c1e2fd8e428f,Active,No,https://verify.pharma.in/qr/f9a3c8ee3b2dc321
QR000656,BAT000656,DRG0056,Levetiracetam 500mg,45da81a3c0863ac2ec2c3b2b61c33429005e4d0ffc6ed826d8bad647f29eae76,v2,12-09-2025,Sanofi India,26-08-2029,494,19-04-2026 11:46,PGIMER Chandigarh,Mobile,458,36,92.7,0x0ed6d4e8bd075ebcb9d2beb23bf2b1ace6ac0d2ea594dc27b74e3ebb415ca9,Active,No,https://verify.pharma.in/qr/45da81a3c0863ac2
QR000657,BAT000657,DRG0057,Carbamazepine 200mg,07f5aed3f4280237774b31d48ad144e5a054620e57dfbf3ea4c9d39b22ef9de4,v2,15-12-2025,Lupin Pharmaceuticals,09-08-2027,445,16-04-2026 03:39,SCB Medical Bhubaneswar,Mobile,435,10,97.8,0x7660e88e7497aa17c1ef83d5ada762839757e19c18b6de8b2f9095e6abaefe,Active,No,https://verify.pharma.in/qr/07f5aed3f4280237
QR000658,BAT000658,DRG0058,Pregabalin 75mg,fd65514de66aa2795047dcb53e7681de7f2a84e40d3cdbe52be83990d0010286,v2,24-09-2025,Biological E Ltd,04-10-2026,387,24-04-2026 07:22,Ruby Hall Clinic Pune,Mobile,354,33,91.5,0xb86ed41edf4ba6ab689547478830129dbdb95073654a89292bf8f14b7e10a2,Active,No,https://verify.pharma.in/qr/fd65514de66aa279
QR000659,BAT000659,DRG0059,Donepezil 10mg,18f97af0a9903e92f4d2f71440fb72a3276498b94de9303b9889c1255f1d6ada,v2,30-06-2025,Serum Institute of India,09-11-2026,273,06-05-2026 08:58,AMRI Hospital Kolkata,Web,236,37,86.4,0x9515865d67030a32d0077a4c74d451095318820ef538ef1a8fd6063b4cd88e,Active,No,https://verify.pharma.in/qr/18f97af0a9903e92
QR000660,BAT000660,DRG0060,Valproate 500mg,1541b171a15d92754eb5d371117ed6c60cd83ac25476ff1df3462fc67a9bc214,v2,24-02-2025,Sun Pharmaceutical Industries,02-03-2029,67,04-05-2026 11:47,AMRI Hospital Kolkata,Mobile,65,2,97.0,0x5f16762424ef8a2626f833fda4979c668516e2ec7afbb9928073ffcad47844,Active,No,https://verify.pharma.in/qr/1541b171a15d9275
QR000661,BAT000661,DRG0061,Levothyroxine 50mcg,f0fff7895b776c8d414ab86a2b8e8adbd9b3b2f369c078ad0356ce09918eb3f1,v2,28-06-2025,Alkem Laboratories,04-11-2027,97,09-05-2026 10:13,KEM Hospital Pune,Mobile,91,6,93.8,0xaf20464feebdfaae4932695a41718b1a9d4300af7e4481d36137f0f4b28eae,Active,No,https://verify.pharma.in/qr/f0fff7895b776c8d
QR000662,BAT000662,DRG0062,Prednisolone 10mg,7b4be846ec0d7c7999f93f798ed26802c0dcef7bbf7f735cc4ee2c8f6d8640ca,v2,07-04-2025,Bharat Biotech,26-07-2029,481,13-05-2026 00:30,Manipal Hospital Bengaluru,Scanner,452,29,94.0,0xde50ac335d328293828d9bb8bb34ffcf940e95bbcf4135131edbb352514820,Active,No,https://verify.pharma.in/qr/7b4be846ec0d7c79
QR000663,BAT000663,DRG0063,Dexamethasone 4mg Inj,7002f3d8c38ebd9214a2a6cd07010c433fef6345ef65884ca13559c29db4b2fb,v2,17-01-2025,Pfizer India,05-10-2026,153,20-04-2026 01:19,SCB Medical Bhubaneswar,Scanner,137,16,89.5,0x99c9ba9c855f94f09c690bf6a155e19674591308de2fb07695280f4b12d6bf,Active,No,https://verify.pharma.in/qr/7002f3d8c38ebd92
QR000664,BAT000664,DRG0064,Hydrocortisone 100mg Inj,b708dbc8428e6d86572c30ac6116adeebe511419ac5edd886a1ef6c3c0c88e19,v2,04-04-2026,Torrent Pharmaceuticals,22-03-2030,342,06-05-2026 03:41,AMRI Hospital Kolkata,Web,340,2,99.4,0x0c2878dadce86df2aea682f3971dd5492900daef3811db199c6e2f95f326e3,Active,No,https://verify.pharma.in/qr/b708dbc8428e6d86
QR000665,BAT000665,DRG0065,Insulin NPH,6ede2b42edb7b4d23781625b16dbc357045cd922cd68d64e6581b8ed8d2d565a,v2,25-05-2025,Zydus Cadila,04-04-2030,207,29-04-2026 09:12,Manipal Hospital Bengaluru,Kiosk,198,9,95.7,0xe2765695270986970a0868927ed542b245755a1a0ce5fd38629b378f89d95b,Active,No,https://verify.pharma.in/qr/6ede2b42edb7b4d2
QR000666,BAT000666,DRG0066,Methotrexate 2.5mg,e5867f09b48d3ce210a3ef3151599e65f40466dbe2e3f1b29e8f83545bef8140,v2,26-07-2025,GlaxoSmithKline India,15-06-2026,154,22-04-2026 11:11,Yashoda Hospital Hyderabad,Scanner,144,10,93.5,0xbb611970ac85f8ed209d76c3c791f3ec52bce76c7a6ab23195e76dbb54802a,Active,No,https://verify.pharma.in/qr/e5867f09b48d3ce2
QR000667,BAT000667,DRG0067,Imatinib 400mg,485fbdb16d9fa11808dbf8a0ccb470bf8330a4c12a82b6d462ae06d81fc928f8,v2,23-12-2025,Lupin Pharmaceuticals,26-09-2028,59,15-04-2026 15:32,Medanta Hospital Gurugram,Web,56,3,94.9,0x641cff899201d950495d946db3aaea589e49063f1af70678ae4d1e686cf6f2,Active,No,https://verify.pharma.in/qr/485fbdb16d9fa118
QR000668,BAT000668,DRG0068,Paclitaxel Inj,f4764d0fa7085dd1ecd1f40a5ad8f228e51677c3fd77a820ea1feea733ad6f03,v2,03-02-2025,Serum Institute of India,22-02-2029,300,24-04-2026 12:35,PGIMER Chandigarh,Kiosk,292,8,97.3,0xbb527393b23a880f95beb4ec43d38a4cd4fad814660d546c2564b34f75b038,Active,No,https://verify.pharma.in/qr/f4764d0fa7085dd1
QR000669,BAT000669,DRG0069,Cisplatin Inj,2624e152b4301b685854f01c718a7fc583293de9ea74f2b339370c01bac97584,v2,28-02-2026,Wockhardt Ltd,06-12-2027,353,19-04-2026 18:08,SCB Medical Bhubaneswar,Mobile,309,44,87.5,0xf3ba0286fab87423d5ecf4afff63ebfebe52365f7acf43b41795f8beb5d7d2,Active,No,https://verify.pharma.in/qr/2624e152b4301b68
QR000670,BAT000670,DRG0070,Capecitabine 500mg,82691ebaa93793c4cdecae98ae025dc0982b2dcae3731f002e379e8205ca3624,v2,29-03-2025,Lupin Pharmaceuticals,23-06-2026,164,20-04-2026 17:01,AMRI Hospital Kolkata,Mobile,156,8,95.1,0x7b2c733dd1d258043eb8eb3d416511c21b735d405d26a991ffb211915149b6,Active,No,https://verify.pharma.in/qr/82691ebaa93793c4
QR000671,BAT000671,DRG0071,Vitamin D3 60000IU,4fb78f81cb0574fb2484e42354f5358b985db113d51d0e1b041fbdc0b6236dff,v2,28-11-2025,IPCA Laboratories,13-03-2030,30,18-04-2026 07:20,Yashoda Hospital Hyderabad,Mobile,27,3,90.0,0xfef12f25e33352b1f66b9d6411b573ecdece21f00acca2639807cdecbfc0fb,Active,No,https://verify.pharma.in/qr/4fb78f81cb0574fb
QR000672,BAT000672,DRG0072,Vitamin B12 1mg Inj,13219219f78d2214130e8a2fa7a875925562367979826c18f6e845d82c9f806d,v2,06-05-2025,Wockhardt Ltd,06-03-2029,154,16-04-2026 12:18,KGMU Lucknow,Web,143,11,92.9,0x94db2f41d564feb98e82e1a39d8659495415450656613ce6472bf2d1899ecf,Active,No,https://verify.pharma.in/qr/13219219f78d2214
QR000673,BAT000673,DRG0073,Folic Acid 5mg,efed4922e32a569f1ad92700e6975d96a8110497f93bce31550dc9019ac9c5e2,v2,18-03-2026,Sun Pharmaceutical Industries,22-01-2029,340,01-05-2026 20:34,SMS Hospital Jaipur,Scanner,290,50,85.3,0xd7b04b83203438b14acd5339c399dc3c23dc17cfe03c78d3f0cdb6a516623e,Active,No,https://verify.pharma.in/qr/efed4922e32a569f
QR000674,BAT000674,DRG0074,Iron 100mg Tablet,cdb5f7d47059e5b47e5af7cbd8996f4a15a32dba7f56ac5384b0e935091d4bb3,v2,15-01-2025,AstraZeneca India,04-07-2026,200,15-05-2026 10:47,Yashoda Hospital Hyderabad,Mobile,194,6,97.0,0x8eefc360c9349a02bafedd6c7087c1df317d528bbe348d54b2944af33906c1,Active,No,https://verify.pharma.in/qr/cdb5f7d47059e5b4
QR000675,BAT000675,DRG0075,Calcium + Vit D3,da2443fd32a77d577a9511ae1d2b80081706315415eb785c361e0ff92d113cff,v2,16-12-2025,Zydus Cadila,05-03-2030,3,17-04-2026 10:12,AIIMS Delhi,Scanner,2,1,66.7,0xe45acf42872374b864e2d5f963b1392489417c59647610d77b84a6c65a6996,Active,Yes,https://verify.pharma.in/qr/da2443fd32a77d57
QR000676,BAT000676,DRG0076,Hydroxychloroquine 200mg,1da6479fc968cd966831b39c2bb2faa85c8c99fe01597f8314404d9318c0e840,v2,26-04-2026,Bharat Biotech,10-12-2026,436,26-04-2026 06:15,Yashoda Hospital Hyderabad,Scanner,379,57,86.9,0x834a51b425c5bf715a42b0a1293d8c214e5ad72798a2d31227241cb16c0e30,Active,No,https://verify.pharma.in/qr/1da6479fc968cd96
QR000677,BAT000677,DRG0077,Adalimumab 40mg Inj,b0813d9a7400178690f0d48368d48d4f3c9da63b737336e1ab20300e19ef4f04,v2,08-05-2026,Wockhardt Ltd,08-09-2026,396,02-05-2026 10:29,Yashoda Hospital Hyderabad,Scanner,386,10,97.5,0xf286983cd60f8898e17f02a2a93ff4a0e6e87ebce883056b8339d6169189ab,Active,No,https://verify.pharma.in/qr/b0813d9a74001786
QR000678,BAT000678,DRG0078,Tacrolimus 1mg,fa24c0bd822458cda716016387f70dec909ffe05567326ba9da2bd59bcf129ee,v2,30-05-2025,Biological E Ltd,23-02-2030,254,08-05-2026 08:21,Sterling Hospital Ahmedabad,Web,217,37,85.4,0xc360b10e9ded6b8ea5ec09ac3b58d6169b75b75e42fb91079d8492ba63b0e2,Active,No,https://verify.pharma.in/qr/fa24c0bd822458cd
QR000679,BAT000679,DRG0079,Azathioprine 50mg,ec3813b11f1898f5d0787f23e2f0af87d1fdab79ac14e1be78fe55dd4f0935aa,v2,22-11-2025,Cadila Healthcare,15-06-2026,243,20-04-2026 11:04,Medanta Hospital Gurugram,Web,234,9,96.3,0x6a65508a041920908200cec5e49ea71ec0662010c8eeafe96243b1e9079efe,Active,No,https://verify.pharma.in/qr/ec3813b11f1898f5
QR000680,BAT000680,DRG0080,Mycophenolate 500mg,000f2380c47a9334ccf1522c7f44db6a9af8b2aeed17d28d4aa05ceb9df4d881,v2,08-03-2026,Pfizer India,20-11-2026,387,29-04-2026 17:38,Ruby Hall Clinic Pune,Kiosk,370,17,95.6,0xbc71fe9d8d2256ca85f61dd9bb09728f089350c4e22b8cd559a11be7642fdc,Active,No,https://verify.pharma.in/qr/000f2380c47a9334
QR000681,BAT000681,DRG0081,Albendazole 400mg,168c0e2f0bd2e62657c6718075701560c88ce782e13e37428aa5e571b8acfef7,v2,21-08-2025,Sanofi India,11-03-2029,0,Never,Unknown,Unknown,0,0,0.0,0xd4b1d62cbe67e51ad9d4a66ed6cb93e112edc174b0e1636ada604b3b542b9e,Active,No,https://verify.pharma.in/qr/168c0e2f0bd2e626
QR000682,BAT000682,DRG0082,Ivermectin 3mg,ec40f299a2c8cd24c1ff1dddacd93114e89d405cb9ad7abfe72442f9d00dadf9,v2,26-01-2026,Lupin Pharmaceuticals,13-12-2028,233,10-05-2026 14:37,Civil Hospital Surat,Mobile,200,33,85.8,0x13018848291a09922e58b489b79b0a7c05af5fd402bbada4235e3df042ce1a,Active,No,https://verify.pharma.in/qr/ec40f299a2c8cd24
QR000683,BAT000683,DRG0083,Artemether-Lumefantrine,a94b9fd4eda49bf9c576324dd316b9b4c2d3fa193b8740e966343b5e83f1b6de,v2,17-03-2026,Cipla Ltd,29-03-2030,290,08-05-2026 12:56,Yashoda Hospital Hyderabad,Mobile,264,26,91.0,0x03305474c14b72cb621c683df872054b8567e10292f1057e3b1d0d7e0a7b7a,Active,No,https://verify.pharma.in/qr/a94b9fd4eda49bf9
QR000684,BAT000684,DRG0084,Chloroquine 250mg,40c8b69611ad975e6364180e3a9f5d7d75f43f13cf5e41e7e17947c76e476793,v2,23-10-2025,Torrent Pharmaceuticals,27-12-2028,476,30-04-2026 21:28,AMRI Hospital Kolkata,Kiosk,416,60,87.4,0x0999217e47913ddf2e6ab3bb47c522ec38628c4b7fbb50825ef26fe0c9f425,Active,No,https://verify.pharma.in/qr/40c8b69611ad975e
QR000685,BAT000685,DRG0085,Primaquine 15mg,c437653a5c4860a16061333054bd464a3d0fc58fefc186cc6e89f4810b523fae,v2,19-04-2025,Sun Pharmaceutical Industries,21-11-2026,125,20-04-2026 19:28,Ruby Hall Clinic Pune,Web,110,15,88.0,0x7a610514c23c2e44d8780ab09ec6ee51d6ecd2f66a3db7a142ba9e71f2eb02,Active,No,https://verify.pharma.in/qr/c437653a5c4860a1
QR000686,BAT000686,DRG0086,Adrenaline 1mg Inj,af38130657d9bf10b19c8033e14f7f7fca6c4cbf897554d1f70da19d73ba856e,v2,08-01-2026,Cipla Ltd,28-03-2030,153,04-05-2026 15:23,KGMU Lucknow,Mobile,152,1,99.3,0xe53669c2e6bca41d13feb3a42bfc2f035f9a43d4edd5fc3a44a3a533368f04,Active,No,https://verify.pharma.in/qr/af38130657d9bf10
QR000687,BAT000687,DRG0087,Dopamine 200mg Inj,bacca243c6103010ea999d52b00be9ae3603b1c3099495f0252bb42d7849efd7,v2,22-02-2026,Wockhardt Ltd,07-08-2027,452,05-05-2026 21:53,Civil Hospital Surat,Scanner,422,30,93.4,0xf286cea973347090c5a858f55eb03d80fa2f8b1bb3d0d7319e350b478965c1,Active,No,https://verify.pharma.in/qr/bacca243c6103010
QR000688,BAT000688,DRG0088,Heparin 5000IU Inj,79553163d06abba31e542bffe9e04a4c63fdd82cb3027732232e8ce743de0d2e,v2,04-10-2025,IPCA Laboratories,16-11-2026,447,23-04-2026 19:54,SMS Hospital Jaipur,Kiosk,432,15,96.6,0x9f1ccd6faabc46edeb8a2420a2b665b541a018e87417d7f3b583072c424dbb,Active,No,https://verify.pharma.in/qr/79553163d06abba3
QR000689,BAT000689,DRG0089,Naloxone 0.4mg Inj,5afc73437f98e07bc0df8167028ea6f4a759ca097ff8090328e0935babdd118d,v2,07-04-2026,GlaxoSmithKline India,26-09-2027,401,01-05-2026 23:04,AIIMS Delhi,Scanner,389,12,97.0,0xb6e9cac52941edce1a0b80b0b88638b1afd20421c99328dc0e5485c466e4d1,Active,No,https://verify.pharma.in/qr/5afc73437f98e07b
QR000690,BAT000690,DRG0090,Alteplase 50mg Inj,297af6737d7de50586da196c0849451f724dbca755313049e891be72b2b0b3aa,v2,12-04-2025,Torrent Pharmaceuticals,06-10-2026,485,10-05-2026 10:32,KGMU Lucknow,Web,440,45,90.7,0x70cc5486782d69a92deccc841b2cf981d76feef1d8a1e21e5f27b95455b60f,Active,No,https://verify.pharma.in/qr/297af6737d7de505
QR000691,BAT000691,DRG0091,Betamethasone Cream,2f44021f91f472ed2f0028e961d79a129f575ec001dbb84865d9406bf6558132,v2,06-06-2025,Lupin Pharmaceuticals,13-12-2029,21,15-04-2026 22:31,PGIMER Chandigarh,Mobile,19,2,90.5,0x5f8be11a5e3ebfe05b9b015a603f3025e144f860e7faa1ebc9567f9c52bc4c,Active,No,https://verify.pharma.in/qr/2f44021f91f472ed
QR000692,BAT000692,DRG0092,Isotretinoin 20mg,a85dc8d7c376c41b04e15d0699a49778019d9fc39b859e202f5c90074d9ef791,v2,08-02-2025,Cadila Healthcare,21-01-2030,248,01-05-2026 03:29,Medanta Hospital Gurugram,Mobile,212,36,85.5,0x808183407e478f0d2ee97c8a65cd8dc95e3dab9bf2eec89b356380986b3f1c,Active,No,https://verify.pharma.in/qr/a85dc8d7c376c41b
QR000693,BAT000693,DRG0093,Acitretin 10mg,78f6ffcb476f8816abeff2b6a57ab49404f6b7a8c70e9659713e16d512acc0d2,v2,14-05-2025,Zydus Cadila,05-03-2028,430,03-05-2026 16:44,Yashoda Hospital Hyderabad,Kiosk,365,65,84.9,0xec8af94dfcb7b07f4e48260413aeda430d19ae3972270f216251c303d506dc,Active,Yes,https://verify.pharma.in/qr/78f6ffcb476f8816
QR000694,BAT000694,DRG0094,Clotrimazole Cream,742fa0b5711efd1d84f9e969a27af362b88707823269561c36476d00bce0b4b6,v2,09-04-2025,Aurobindo Pharma,26-11-2029,107,15-04-2026 14:15,AMRI Hospital Kolkata,Kiosk,98,9,91.6,0x1309ab08752eebf550732354bd8e6e1cfded35acd5aeffe0d04c1ca3ae2fcb,Active,No,https://verify.pharma.in/qr/742fa0b5711efd1d
QR000695,BAT000695,DRG0095,Silver Sulfadiazine Cream,80883383779e56aa7427ad2c1a1b3e7d0b3f350e69574b38ae0ad42cfd6abc32,v2,17-07-2025,Wockhardt Ltd,27-11-2029,186,19-04-2026 00:52,KEM Hospital Pune,Scanner,164,22,88.2,0x11ee5746e78cd6c4ad21c8530d919dc0820cb34c3afa826c5d21a4b4c86077,Active,No,https://verify.pharma.in/qr/80883383779e56aa
QR000696,BAT000696,DRG0096,Latanoprost Eye Drops,26818977a4248829fda947f5df2c90d1031638bb6ac9dbac45ed15180749f238,v2,10-10-2025,Cadila Healthcare,30-05-2029,377,26-04-2026 08:07,Sterling Hospital Ahmedabad,Kiosk,369,8,97.9,0x8f3e189dbc3710d5c22c733fca11902f5ef7bdc8b39054594a52425e35f422,Active,No,https://verify.pharma.in/qr/26818977a4248829
QR000697,BAT000697,DRG0097,Ciprofloxacin Eye Drops,1b039107e5b7c2271fdd6dfda73922d884910ed4f3b3671d217aa5ecf98ad96d,v2,17-01-2025,Cadila Healthcare,16-10-2027,349,11-05-2026 14:07,KGMU Lucknow,Kiosk,336,13,96.3,0x58100cd8f85fad30e4b2bb98c74883054d044eea6f780254d7bf1bfb754aad,Active,No,https://verify.pharma.in/qr/1b039107e5b7c227
QR000698,BAT000698,DRG0098,Moxifloxacin Eye Drops,79559cbe2b88573b70c9953db6df914ab50931d770c8fc02000d94fa5701bae7,v2,29-10-2025,AstraZeneca India,17-01-2029,441,22-04-2026 04:27,PGIMER Chandigarh,Kiosk,427,14,96.8,0x558d65d072a8f52f0f2b01447e1828b43e35d0f6130012ead2ca34fa880fe1,Active,No,https://verify.pharma.in/qr/79559cbe2b88573b
QR000699,BAT000699,DRG0099,Timolol Eye Drops,5e911396e50c329ae1acf43955136c02f19f77f49c86df500a7f3b8ef3c2496c,v2,04-02-2025,Alkem Laboratories,11-10-2029,6,24-04-2026 03:57,Ruby Hall Clinic Pune,Mobile,5,1,83.3,0x1f5dbfa4800418514ba61a5bc636e607760ae2e66c23b2e323d50dcd12ed1a,Active,Yes,https://verify.pharma.in/qr/5e911396e50c329a
QR000700,BAT000700,DRG0100,Artificial Tears,f9bf60af8e492a4933efc0f1024681a68e7863a2d0c1011381d6cc8402e32e0c,v2,02-11-2025,Zydus Cadila,15-11-2026,308,27-04-2026 22:06,Apollo Hospital Mumbai,Scanner,275,33,89.3,0xdf7281fd44bf6fbc7b43dbd197a06ebddb1d8421347632fe4e5f5061bd02fb,Active,No,https://verify.pharma.in/qr/f9bf60af8e492a49
QR000701,BAT000701,DRG0001,Amoxicillin 500mg,a1f7d0b52c9a180368d06826efb2cb2824b64dd9398e2a417358bc2cce860a38,v2,22-05-2025,Sun Pharmaceutical Industries,13-10-2029,82,21-04-2026 18:24,KEM Hospital Pune,Scanner,70,12,85.4,0xe798fa7831e8071442b099188e54061b67d30410dd9a1b214319128e8161df,Active,No,https://verify.pharma.in/qr/a1f7d0b52c9a1803
QR000702,BAT000702,DRG0002,Azithromycin 250mg,7b096bc96b0fc6b97cf1e93505a4794ca1131112988e20be8c4b92fafeb44b5f,v2,31-10-2025,Alkem Laboratories,20-08-2026,428,23-04-2026 19:25,AIIMS Delhi,Kiosk,373,55,87.1,0x3301a1bd7d20f569b0616af261aa6b0288889ec4d0e56faf48afc7604d00a4,Active,No,https://verify.pharma.in/qr/7b096bc96b0fc6b9
QR000703,BAT000703,DRG0003,Ciprofloxacin 500mg,59344bc6c3fbb35ce0df652b562e1aeeadbe4dded76d24e6950bf5cc5dc42ae5,v2,22-03-2026,AstraZeneca India,28-07-2027,22,20-04-2026 13:28,Yashoda Hospital Hyderabad,Mobile,20,2,90.9,0xab7ad0c3f1ad22f49533969886532259bf20e0ff2b8c5882ccbf8ec5de94f6,Active,No,https://verify.pharma.in/qr/59344bc6c3fbb35c
QR000704,BAT000704,DRG0004,Metronidazole 400mg,ccae15ac91d2863ee8e37a48d6cde7f64101e37531de4f4888f762aef6200afe,v2,19-04-2025,Bharat Biotech,14-08-2028,123,16-05-2026 05:54,AMRI Hospital Kolkata,Scanner,105,18,85.4,0x08260e36eef181676f0e950f8f2fe082df10721b1f3b24477a8e5034089ae7,Active,No,https://verify.pharma.in/qr/ccae15ac91d2863e
QR000705,BAT000705,DRG0005,Ceftriaxone 1g Inj,05e2d66971baaee3075ad8028ac3d2b16be66732d694ec61d89c3218e0340059,v2,13-06-2025,Sun Pharmaceutical Industries,21-06-2027,178,10-05-2026 07:31,AMRI Hospital Kolkata,Kiosk,169,9,94.9,0xe7489209b244cc8dd4b0b9ee07780ab8c49ae60e9c43ff5340d3dc654e0aca,Active,No,https://verify.pharma.in/qr/05e2d66971baaee3
QR000706,BAT000706,DRG0006,Paracetamol 500mg,602485fccdebf0b73a1fb3f7bacf65633ae4405adb9a1ae109af05bafd400b61,v2,23-09-2025,Sanofi India,13-09-2027,433,21-04-2026 20:21,Civil Hospital Surat,Kiosk,369,64,85.2,0xe5a7bf9be14da3790ca291f139006e25c55b078ef4934a757f7b88745cd34b,Active,No,https://verify.pharma.in/qr/602485fccdebf0b7
QR000707,BAT000707,DRG0007,Ibuprofen 400mg,eda909b14e4479aabbc74d7e53224687d6f82380e44137d76ac46684af9baea2,v2,11-02-2025,Lupin Pharmaceuticals,27-12-2027,183,20-04-2026 03:28,SCB Medical Bhubaneswar,Web,180,3,98.4,0x87b5a671396c4c34e13de3ea6484eb9e3fc75dc7c52592cdbffc51bcff9719,Active,No,https://verify.pharma.in/qr/eda909b14e4479aa
QR000708,BAT000708,DRG0008,Tramadol 50mg,c4b1c589dfce658018652800528c66d09b5144153b562c6d5e37534235bf3882,v2,22-03-2026,Sanofi India,16-02-2027,133,20-04-2026 00:44,MGM Hospital Chennai,Web,120,13,90.2,0xde07e63e9a32c4c7a9ba0162a56b3d042be360bf9be0ee331afd31e09ba35d,Active,No,https://verify.pharma.in/qr/c4b1c589dfce6580
QR000709,BAT000709,DRG0009,Morphine 10mg Inj,e99dd8bb2530d624ad60fc8b890c7b1fe2af498f471ecf77be67901a5ea723b0,v2,04-03-2026,Torrent Pharmaceuticals,04-09-2027,485,24-04-2026 02:02,Yashoda Hospital Hyderabad,Scanner,477,8,98.4,0xa6f1338ac907093cdc8e29269fdeaa3e17ebd3c886d78ec80cbd40ae96a9a0,Active,No,https://verify.pharma.in/qr/e99dd8bb2530d624
QR000710,BAT000710,DRG0010,Diclofenac 50mg,c44f50193415a7db9ed126bd75c84a45198993ef991f80d17756a05a2f022828,v2,24-01-2026,AstraZeneca India,30-08-2028,383,10-05-2026 03:41,Manipal Hospital Bengaluru,Kiosk,329,54,85.9,0xda700e6c6c936998f69944f0f8f3778911c9a5365b0b233b9ea409c211d1ce,Active,No,https://verify.pharma.in/qr/c44f50193415a7db
QR000711,BAT000711,DRG0011,Amlodipine 5mg,752612d514c2626b3e75b5dc5e3db976a62ae537d9af7192f03b689b935e53ca,v2,15-04-2025,Biological E Ltd,02-09-2027,494,08-05-2026 13:32,AIIMS Delhi,Web,455,39,92.1,0xee7045d9de24abfd4693fe59e943a10ed4a801f2e24cc0017c1fb053ae1075,Active,No,https://verify.pharma.in/qr/752612d514c2626b
QR000712,BAT000712,DRG0012,Losartan 50mg,4cf17179015b928d17d0bcc58249b871bca6af3fd76554403c6341028ba31653,v2,01-12-2025,Alkem Laboratories,08-11-2026,33,16-04-2026 23:50,SMS Hospital Jaipur,Mobile,30,3,90.9,0xaee647b42fd04f33c46baf1827bde4aedf015ca08f71599955435f87ad96cd,Active,No,https://verify.pharma.in/qr/4cf17179015b928d
QR000713,BAT000713,DRG0013,Atenolol 50mg,9cdc00f094032102cec61b1ab88006f603163e1e871189b53c16348958436fa4,v2,23-09-2025,Zydus Cadila,20-01-2029,13,23-04-2026 07:52,Apollo Hospital Mumbai,Scanner,11,2,84.6,0xcbf566517746bbebe6c3760987dddd4de8ad6bd0a20c451b0f8327961f4acc,Active,Yes,https://verify.pharma.in/qr/9cdc00f094032102
QR000714,BAT000714,DRG0014,Furosemide 40mg,ff2aff07728bf93365128d7898d1f3229e86fc367f2c27ede4c510b91cea0521,v2,11-08-2025,Sanofi India,01-09-2029,134,10-05-2026 15:32,AMRI Hospital Kolkata,Kiosk,128,6,95.5,0x7106a8a522a97686b5d098531d3a01588601c34eb3c8aa9cd05d15f371036c,Active,No,https://verify.pharma.in/qr/ff2aff07728bf933
QR000715,BAT000715,DRG0015,Ramipril 5mg,8a43205e6eae69b91b91cd2ab36eea585f799e2084430092d004701ffa1fe4f0,v2,13-08-2025,Cipla Ltd,27-08-2027,75,06-05-2026 05:19,SCB Medical Bhubaneswar,Scanner,64,11,85.3,0xd44f134f36658f9e2c64f51100c1abefeea58b577ff5bc687179e8ece73552,Active,No,https://verify.pharma.in/qr/8a43205e6eae69b9
QR000716,BAT000716,DRG0016,Metformin 500mg,e69a2e50c4e4ba84b25a5a1c54e82ff0bcc2d023ee0c4fe9447454c39254ea5b,v2,16-07-2025,Biological E Ltd,19-01-2029,160,18-04-2026 17:44,PGIMER Chandigarh,Mobile,158,2,98.8,0x1b3fa838a6ece3c663d496dd8895856fb9b891c61901e8fe1216e4688fe9ea,Active,No,https://verify.pharma.in/qr/e69a2e50c4e4ba84
QR000717,BAT000717,DRG0017,Glimepiride 2mg,ebd425a44a04ad9705f8c45117623f81de225d5b37b3b6e68df7fd990ce1ab6c,v2,24-09-2025,Biological E Ltd,20-08-2028,74,19-04-2026 18:18,PGIMER Chandigarh,Kiosk,70,4,94.6,0xc720c2b35cde69f8de4944d3f03bf907549332e92bf580539bf924a4d37a0e,Active,No,https://verify.pharma.in/qr/ebd425a44a04ad97
QR000718,BAT000718,DRG0018,Insulin Glargine,961bb6ba4d78b4543ae177fa4ba806c785709f5e4234327f04b5e8f1bdb4b7f6,v2,05-06-2025,Serum Institute of India,08-02-2027,39,13-05-2026 04:10,SCB Medical Bhubaneswar,Scanner,38,1,97.4,0x7abd3ee820914557796502d3e124cd6fb770bf9b4f581d712249fa2382a68b,Active,No,https://verify.pharma.in/qr/961bb6ba4d78b454
QR000719,BAT000719,DRG0019,Sitagliptin 100mg,379e5b452c840f76806797aa90d4da064cb6a62804db966376b29518f152e323,v2,21-01-2026,AstraZeneca India,13-11-2029,275,12-05-2026 13:24,Apollo Hospital Mumbai,Mobile,234,41,85.1,0x9bef77632b83cc7698b6ecb3d299ce651fe03b2f303b4f012213b75f00f4c9,Active,No,https://verify.pharma.in/qr/379e5b452c840f76
QR000720,BAT000720,DRG0020,Empagliflozin 10mg,2843b6bf18afc797cb253d912068f1c66e6c5fe388f06a9123b5ebbe147b6a9b,v2,01-02-2026,IPCA Laboratories,03-02-2030,219,19-04-2026 11:16,MGM Hospital Chennai,Kiosk,214,5,97.7,0xe570b59b57784b36557ee8746b8be7026827f765ba9423fc5d4c71f004b570,Active,No,https://verify.pharma.in/qr/2843b6bf18afc797
QR000721,BAT000721,DRG0021,Atorvastatin 20mg,b942c8e1f7cdc4d53672a78703704bc0371ed570914d04b9352f0acf60506cfb,v2,27-04-2026,Sun Pharmaceutical Industries,19-11-2028,102,05-05-2026 15:15,AMRI Hospital Kolkata,Scanner,97,5,95.1,0xb1f7dd194805b6adce1580f2fa63d7594812e8058aecc083e85a958a67313f,Active,No,https://verify.pharma.in/qr/b942c8e1f7cdc4d5
QR000722,BAT000722,DRG0022,Clopidogrel 75mg,28599cfdded4e9c55a87bca700e1535001f64e3cafc55c0358652bb677e96f93,v2,24-04-2025,Sanofi India,18-02-2029,182,04-05-2026 11:58,KGMU Lucknow,Scanner,172,10,94.5,0x2af4818ed4266eb2f4c15379db39cfa2cf95f7394a15e0c0962210cebeffd6,Active,No,https://verify.pharma.in/qr/28599cfdded4e9c5
QR000723,BAT000723,DRG0023,Aspirin 75mg,e98e87494a9d577e3e5c10c1fe96ae9d64f8d6aaaa8b288667d109b198fa3f4a,v2,15-01-2025,Dr Reddy's Laboratories,03-04-2028,184,17-04-2026 14:18,SCB Medical Bhubaneswar,Scanner,168,16,91.3,0xbde6baf962b29e72163f370fe1457389b8fe2147d13e2dc8e2f6fdd794f9ef,Active,No,https://verify.pharma.in/qr/e98e87494a9d577e
QR000724,BAT000724,DRG0024,Warfarin 5mg,386a3c0f61f0447e66d9da2c6794d6788ee1556d6c194014696bfe7b3bc0d733,v2,12-12-2025,Biological E Ltd,26-02-2028,401,18-04-2026 15:54,KEM Hospital Pune,Kiosk,342,59,85.3,0xb10bb44a59219f2d5b8873ae6ed0b5216ad4a69d604755120aec2c5e227fb8,Active,No,https://verify.pharma.in/qr/386a3c0f61f0447e
QR000725,BAT000725,DRG0025,Digoxin 0.25mg,d03f03c35fbc32b5e349a2bd9dbca41635ba2332d08a24dee7152c1777d1f06f,v2,06-10-2025,GlaxoSmithKline India,26-08-2027,11,11-05-2026 19:03,SMS Hospital Jaipur,Scanner,9,2,81.8,0xa5b110a0b3cb46c3b41dd45b6821256acbacb08b65efc26b47897cf2455151,Active,Yes,https://verify.pharma.in/qr/d03f03c35fbc32b5
QR000726,BAT000726,DRG0026,Salbutamol Inhaler,502aae6912c950906e52ff44363c118db04421731dabfc5a2edcc5e89ba6828b,v2,16-01-2026,Novartis India,20-05-2028,183,19-04-2026 09:05,KEM Hospital Pune,Kiosk,162,21,88.5,0xbbae92cb513ec597af4cc970c1254b254b33b3d5146305aaeef5706dd494d6,Active,No,https://verify.pharma.in/qr/502aae6912c95090
QR000727,BAT000727,DRG0027,Budesonide Inhaler,99c879a4f15d5dcb89380a8c1ea58874b0b649d2d39689af4be5897618beccab,v2,10-07-2025,Bharat Biotech,21-10-2028,463,24-04-2026 01:24,Civil Hospital Surat,Mobile,454,9,98.1,0xda3d66ef50613a721b58c20bce0e788c2206038449a119ff03928893088d69,Active,No,https://verify.pharma.in/qr/99c879a4f15d5dcb
QR000728,BAT000728,DRG0028,Montelukast 10mg,aee01c508eda1e35556b94f0760d7388ac8d9a7071b1ca43fc4fba092f9cffe4,v2,07-01-2025,Torrent Pharmaceuticals,09-03-2030,485,07-05-2026 01:21,Manipal Hospital Bengaluru,Kiosk,463,22,95.5,0xea453e1b1298d97ac24061f5a6be78cb99a29a3fc5c3ad7283e88ca1effaef,Active,No,https://verify.pharma.in/qr/aee01c508eda1e35
QR000729,BAT000729,DRG0029,Tiotropium Inhaler,864668e4b96f6fbff95e6d3a2466147b4efcab242ce219b405ea83e91059c078,v2,28-04-2025,GlaxoSmithKline India,11-11-2028,418,09-05-2026 04:01,Civil Hospital Surat,Mobile,393,25,94.0,0xcd4f376b96491220e2da57dd80e0d75b09ff8a745b109c3ee4429a0091a7a6,Active,No,https://verify.pharma.in/qr/864668e4b96f6fbf
QR000730,BAT000730,DRG0030,Doxofylline 400mg,8dc31110365101d9c1da2ae7f77a62e923b899c5be29169791ad1d5c4ef2feda,v2,08-07-2025,Abbott Healthcare India,14-05-2027,483,15-05-2026 05:04,MGM Hospital Chennai,Scanner,441,42,91.3,0x15dab7cfecc7aa9d6d4d6c02e3eceabf98d765bc5465949e90b343be078b4f,Active,No,https://verify.pharma.in/qr/8dc31110365101d9
QR000731,BAT000731,DRG0031,Omeprazole 20mg,33e8dc35d9e7a78ea8bfddb7067254e304c50d8beccff220ae14cfcd944cd860,v2,08-08-2025,GlaxoSmithKline India,13-05-2030,114,18-04-2026 09:38,KEM Hospital Pune,Mobile,112,2,98.2,0xac07dcd017baa2cf579e35e76743fe7d0216c695271d819902658397d1b9f4,Active,No,https://verify.pharma.in/qr/33e8dc35d9e7a78e
QR000732,BAT000732,DRG0032,Pantoprazole 40mg,0c4fa124f1bc6573ba63d449410b45b6a01406b924c65487642744e8ee66cac0,v2,06-10-2025,Zydus Cadila,22-12-2027,116,21-04-2026 11:36,AIIMS Delhi,Mobile,100,16,86.2,0xd4dee9d6b9b6d77f908900ca956e2c53c10b597009d34e5a7b3bb43b2f9045,Active,No,https://verify.pharma.in/qr/0c4fa124f1bc6573
QR000733,BAT000733,DRG0033,Ondansetron 4mg,6d2a87bdcf5291000026661eff927b78d0156a0e3e2ac9e34fe2f2412e66ac86,v2,16-04-2025,Serum Institute of India,21-01-2029,26,28-04-2026 21:46,SCB Medical Bhubaneswar,Kiosk,24,2,92.3,0xcc4955714ff311a9fd506291735a4378d86eadcc6129610d9fb4bbf312e003,Active,No,https://verify.pharma.in/qr/6d2a87bdcf529100
QR000734,BAT000734,DRG0034,Domperidone 10mg,2f98763ac425d15db3a25e3308e75fcd08b8d61998efabc6d8442e63b4450ffa,v2,12-08-2025,Abbott Healthcare India,01-02-2030,271,22-04-2026 18:14,Ruby Hall Clinic Pune,Mobile,255,16,94.1,0x181a97e19b38259d18d22a153876ce4c915dfc135c64945148a99ce4690780,Active,No,https://verify.pharma.in/qr/2f98763ac425d15d
QR000735,BAT000735,DRG0035,Metoclopramide 10mg,4bf168dabedd0897acd1dd7abb3c83d54b8926e6d6fa504b2ee2e6f61523224d,v2,09-06-2025,Lupin Pharmaceuticals,07-09-2026,259,20-04-2026 20:05,Medanta Hospital Gurugram,Kiosk,236,23,91.1,0x9aeb5cf1473bf7c3095cfeef65e49e9050fd980c77247fc6db87e904e7b423,Active,No,https://verify.pharma.in/qr/4bf168dabedd0897
QR000736,BAT000736,DRG0036,Oseltamivir 75mg,352d02a794fc33e2c83e33de3fadea8e07b81413b1c717f4cf16f814f9587f66,v2,08-10-2025,GlaxoSmithKline India,23-01-2028,447,27-04-2026 15:36,Medanta Hospital Gurugram,Web,432,15,96.6,0x112a5ac16b5a860150e0b3927b7e9744d220312ff708322043ffaf06f0b50f,Active,No,https://verify.pharma.in/qr/352d02a794fc33e2
QR000737,BAT000737,DRG0037,Acyclovir 400mg,48926aeeb1c16745e1214955938d676155236c0e354b1d3c1f68fe84194b7bb4,v2,10-05-2025,Sun Pharmaceutical Industries,23-12-2027,0,Never,Unknown,Unknown,0,0,0.0,0xb7a2155f9a6ca8de76ca40c5df3fbe37d06f76b94358e3e5f5dcf00ace5ad8,Active,No,https://verify.pharma.in/qr/48926aeeb1c16745
QR000738,BAT000738,DRG0038,Tenofovir 300mg,ff611ea6302845ef7f52988a6f40ef1c5d4706b71640f9ad7d7d45e558dd022b,v2,03-05-2025,Aurobindo Pharma,28-08-2028,7,30-04-2026 21:41,Manipal Hospital Bengaluru,Scanner,6,1,85.7,0xa332e549e0ed38adf449b21aa94f47abc14195b72706020d4306770ed952b6,Active,No,https://verify.pharma.in/qr/ff611ea6302845ef
QR000739,BAT000739,DRG0039,Remdesivir 100mg Inj,cfa09937109e7d8b87c3a5fa90ee027ced4a5ca7eb07c5cddfcdd64f8a5492b0,v2,21-06-2025,Dr Reddy's Laboratories,02-08-2029,441,28-04-2026 15:14,KGMU Lucknow,Web,421,20,95.5,0xfc8efd9f57454f0c251db6b378ec807439fb91c82e286db5da7467fd295007,Active,No,https://verify.pharma.in/qr/cfa09937109e7d8b
QR000740,BAT000740,DRG0040,Valacyclovir 500mg,63f33544548455bde004fbd5017b94a8c91c593428bf4ce26397b99413e89f50,v2,01-04-2025,Sun Pharmaceutical Industries,18-08-2027,177,24-04-2026 20:36,PGIMER Chandigarh,Kiosk,160,17,90.4,0xc952533c03c2e976ce3c07c1a60fb09ed5f1664320b9572f92c5321d33ad88,Active,No,https://verify.pharma.in/qr/63f33544548455bd
QR000741,BAT000741,DRG0041,Fluconazole 150mg,ced72b065f2c174dbb4795ccf01bef66e590d94b98b3e25b8781bd22c125644d,v2,23-12-2025,Torrent Pharmaceuticals,15-04-2029,155,28-04-2026 08:54,Yashoda Hospital Hyderabad,Scanner,144,11,92.9,0x05c80479bff261914efa24d25cde0589493e8adaadf59f221395130d05410e,Active,No,https://verify.pharma.in/qr/ced72b065f2c174d
QR000742,BAT000742,DRG0042,Itraconazole 100mg,52f40fa43a9712de1e0cd6bd0d635295741a21d44d31ff12a5430e00b8503159,v2,20-01-2026,Torrent Pharmaceuticals,26-03-2027,394,17-04-2026 16:01,PGIMER Chandigarh,Mobile,341,53,86.5,0xdba280efa44726aaae7e482de296f15ae0461b42bfca0de4e6733a2f143ba2,Active,No,https://verify.pharma.in/qr/52f40fa43a9712de
QR000743,BAT000743,DRG0043,Amphotericin B Inj,73d759c709519c733d4dd409b88ab9a0cdd2ae5afe7a50605d5602bed64f66d9,v2,07-12-2025,Aurobindo Pharma,06-08-2029,195,11-05-2026 20:49,SMS Hospital Jaipur,Mobile,181,14,92.8,0xf4f76ee1e990f18e41d8d8e18f08c68ecc53c06cff5bb9e12528c4985ff63c,Active,No,https://verify.pharma.in/qr/73d759c709519c73
QR000744,BAT000744,DRG0044,Voriconazole 200mg,e6dad6931db86ac9f7e0f8e3c01330d952cffab452fabea7c53065390a81687a,v2,12-05-2025,Dr Reddy's Laboratories,22-06-2027,400,09-05-2026 08:57,SMS Hospital Jaipur,Mobile,385,15,96.2,0x6f82ee139b3c2c2c71756bd759b2a0b09444cf0198d663b72611df198b8b4c,Active,No,https://verify.pharma.in/qr/e6dad6931db86ac9
QR000745,BAT000745,DRG0045,Terbinafine 250mg,d41c8f0251f579f656a3a1fe04c09e2ddf680a7fd75e2e69e4146f7f267aa050,v2,01-08-2025,Zydus Cadila,19-04-2028,5,15-05-2026 20:20,SCB Medical Bhubaneswar,Web,4,1,80.0,0x5683c99a63d91c91333bca5a98f5cfee343c73902df38b6e6522a78ccdf0d4,Active,Yes,https://verify.pharma.in/qr/d41c8f0251f579f6
QR000746,BAT000746,DRG0046,BCG Vaccine,c837e4af58090b818cf4ddf72510e4030cc82f4aae4a403b32b71f9f6eb2067c,v2,07-03-2026,Lupin Pharmaceuticals,03-09-2026,355,27-04-2026 21:40,Yashoda Hospital Hyderabad,Mobile,311,44,87.6,0x61b5abab6462ff862ffc67765830a88c829d7ee344ffef00ea02436fd75557,Active,No,https://verify.pharma.in/qr/c837e4af58090b81
QR000747,BAT000747,DRG0047,Hepatitis B Vaccine,da2b042c47fe48e9fb9c5a82151a8bc62133c06c72703a4183d2aace0db911f5,v2,01-02-2026,AstraZeneca India,19-10-2027,131,17-04-2026 15:57,Sterling Hospital Ahmedabad,Kiosk,117,14,89.3,0xb2dac033c54dd939dfe4b1d4832f0c0303b2a13e3f9960d92a821fd39774ca,Active,No,https://verify.pharma.in/qr/da2b042c47fe48e9
QR000748,BAT000748,DRG0048,MMR Vaccine,793e77c3d9a33788a145dae77d3dfa164590fbcba90fa1735b05f05e9474e417,v2,05-07-2025,Abbott Healthcare India,31-10-2028,125,19-04-2026 22:03,Sterling Hospital Ahmedabad,Scanner,123,2,98.4,0x2705b6170b3310b9fc288d6939c045d6609cf0adbe55ec624df3eeb6164763,Active,No,https://verify.pharma.in/qr/793e77c3d9a33788
QR000749,BAT000749,DRG0049,COVID-19 mRNA Vaccine,0b71456175679f69e29a02aac10c1c2b51d5ba6857242dea649e2cc6e00d028a,v2,08-12-2025,Alkem Laboratories,12-06-2029,76,08-05-2026 03:15,AIIMS Delhi,Scanner,69,7,90.8,0x101c8bbd03861032c2fc6d5ae19e67ec688cf584d0ab118bdeaebf764aa695,Active,No,https://verify.pharma.in/qr/0b71456175679f69
QR000750,BAT000750,DRG0050,Influenza Vaccine,02084af639e988166b96442e54c00c0a3c63584b91f57c2115e358fd7625ce9b,v2,05-02-2026,Biological E Ltd,08-03-2030,223,28-04-2026 05:48,AIIMS Delhi,Kiosk,211,12,94.6,0x5c891f447ed57e6729b373ac132a0eda430e588759d9ec4732d98d08aa3e03,Active,No,https://verify.pharma.in/qr/02084af639e98816
QR000751,BAT000751,DRG0051,Sertraline 50mg,faa32d30fa944325c8a234427c0d0749f9907c04485a890268403120cff520d8,v2,23-01-2025,Cipla Ltd,08-05-2029,414,20-04-2026 08:34,SCB Medical Bhubaneswar,Scanner,369,45,89.1,0x890a584a8607f85b1de1934f84ceb1df762a934ad7b8f02b64272ef12ad429,Active,No,https://verify.pharma.in/qr/faa32d30fa944325
QR000752,BAT000752,DRG0052,Escitalopram 10mg,d30333478d82799147026c5776fe9623ff6d05e57178484119fa610a0cd9634e,v2,14-03-2026,Aurobindo Pharma,03-01-2029,266,05-05-2026 01:44,AMRI Hospital Kolkata,Scanner,239,27,89.8,0x6f1dd3ff9890ed731aa4ead8665fb2dcded566c2c87311d46a9f7eb936bee3,Active,No,https://verify.pharma.in/qr/d30333478d827991
QR000753,BAT000753,DRG0053,Olanzapine 10mg,09606062ed03be1a3afba9e398962374a8bd5335523196880954a61031fb3855,v2,14-05-2025,Alkem Laboratories,30-04-2027,486,10-05-2026 06:28,Medanta Hospital Gurugram,Kiosk,427,59,87.9,0xc47510a4ef97480a584db1b71d24917fb249a7fd69896c86ba808d6ed3c3ef,Active,No,https://verify.pharma.in/qr/09606062ed03be1a
QR000754,BAT000754,DRG0054,Risperidone 2mg,2583375b1fdc394bdadd1cca64c3eefdb9fb1320cd93ba200fe37b3474763f28,v2,06-03-2025,Zydus Cadila,12-08-2028,374,16-04-2026 12:38,MGM Hospital Chennai,Kiosk,333,41,89.0,0x7c7aed6696404fa1211f90fe35b4b4edde914d350513b9709035c2ace74d9d,Active,No,https://verify.pharma.in/qr/2583375b1fdc394b
QR000755,BAT000755,DRG0055,Diazepam 5mg,5878d15ce7af652061d36a47e8c68b669cd03afecfa51cbd6a4c10e96f12535e,v2,12-09-2025,Pfizer India,09-05-2030,150,29-04-2026 12:47,Yashoda Hospital Hyderabad,Web,133,17,88.7,0x92fef40543d9c05f0ca5f27425ff8896ca611f605163de5e9c4bd747b7d356,Active,No,https://verify.pharma.in/qr/5878d15ce7af6520
QR000756,BAT000756,DRG0056,Levetiracetam 500mg,0ceaf348e028c27331bf2bf2a5b46d09578bc1a737fdd31dbaca66875dbe737b,v2,12-04-2026,AstraZeneca India,30-11-2026,395,25-04-2026 06:19,Civil Hospital Surat,Kiosk,383,12,97.0,0xcb1c06df9988454d60213e3451c1071b43664f21587d7cdb963d5b4d0e0fc0,Active,No,https://verify.pharma.in/qr/0ceaf348e028c273
QR000757,BAT000757,DRG0057,Carbamazepine 200mg,821e2368d575e2d69511d47ad2751876b1d40d6108829dc98a1e7211d4158e0a,v2,01-10-2025,Dr Reddy's Laboratories,03-11-2027,286,04-05-2026 06:42,Manipal Hospital Bengaluru,Mobile,268,18,93.7,0x595e3ed122abba89491a57d8bb63ba88b1f6e0981d5acf8cbccc2180a07188,Active,No,https://verify.pharma.in/qr/821e2368d575e2d6
QR000758,BAT000758,DRG0058,Pregabalin 75mg,2b2ef6ae0c72c41da3dfbcaa05f01bbb9be620b67cfea0dc5452b73cf72903d0,v2,11-07-2025,Serum Institute of India,31-01-2027,102,23-04-2026 12:29,Apollo Hospital Mumbai,Web,89,13,87.3,0x8cdbeec0d2e26a2361e44c1f082021b6ff033b19fc02dc834b98735104713a,Active,No,https://verify.pharma.in/qr/2b2ef6ae0c72c41d
QR000759,BAT000759,DRG0059,Donepezil 10mg,ea2580660081940906265bd91786db994b396c1108a48eb992c536e2b7657d85,v2,27-10-2025,Cipla Ltd,14-08-2029,496,25-04-2026 18:15,AMRI Hospital Kolkata,Scanner,457,39,92.1,0x6893a8a7c3866057b0bc8c95bc0ce735d9ce9395ebf3427d704f7c1a9550f6,Active,No,https://verify.pharma.in/qr/ea25806600819409
QR000760,BAT000760,DRG0060,Valproate 500mg,954e14d59acade0ae759c273262dd1af072a366f115aebc0023077bf434368cf,v2,31-03-2026,Cipla Ltd,29-11-2029,76,14-05-2026 15:30,Civil Hospital Surat,Kiosk,72,4,94.7,0x12b3902c39d393113f2159d49e142872a58a104440915a22f8b4012ef2898d,Active,No,https://verify.pharma.in/qr/954e14d59acade0a
QR000761,BAT000761,DRG0061,Levothyroxine 50mcg,ccfb354dfd1190724daf1cc95ece828e648b733d5c35a304e9609d786fe7474f,v2,18-06-2025,Sun Pharmaceutical Industries,25-09-2029,382,11-05-2026 20:18,Yashoda Hospital Hyderabad,Web,349,33,91.4,0xddab290abac681eb30f2b6844b1c1c2770ff0d8c49b4b7a47f7436dc8cda88,Active,No,https://verify.pharma.in/qr/ccfb354dfd119072
QR000762,BAT000762,DRG0062,Prednisolone 10mg,3f0229dd68bfaa7d58efc7fcf2372ef2ea3074038a027facaa1021acb962f6a4,v2,28-02-2025,Sun Pharmaceutical Industries,08-04-2028,54,12-05-2026 02:40,Manipal Hospital Bengaluru,Kiosk,48,6,88.9,0x82a56370ec7a7b3323b6501ff271791f5bbb082067b4b6af856b0962fafdf0,Active,No,https://verify.pharma.in/qr/3f0229dd68bfaa7d
QR000763,BAT000763,DRG0063,Dexamethasone 4mg Inj,31f3640884c82790498828b6bbac0f28d81a5679ac0ad7c49f90d1be61642da2,v2,15-07-2025,Lupin Pharmaceuticals,21-01-2027,232,28-04-2026 02:47,MGM Hospital Chennai,Kiosk,230,2,99.1,0x426a1e01845c2b138d63f29ba769bbe2d6ce562e0c87a2b58f66131e8cbbcc,Active,No,https://verify.pharma.in/qr/31f3640884c82790
QR000764,BAT000764,DRG0064,Hydrocortisone 100mg Inj,2a8f39f785ea573086df56e4738d1e40aa699e86fee6adb47f866cc8bed4eedd,v2,04-06-2025,Lupin Pharmaceuticals,21-09-2028,253,19-04-2026 12:09,KGMU Lucknow,Kiosk,220,33,87.0,0x1a453c36dbcec7b56050d8e98bbe9b894b3f56dfb56fb3e4630c15f6eac90e,Active,No,https://verify.pharma.in/qr/2a8f39f785ea5730
QR000765,BAT000765,DRG0065,Insulin NPH,eb24a8f08da4c5cf6c321c92383e42d58f84cbd45317256de88ff3cabfc78372,v2,06-01-2026,Sanofi India,19-05-2029,50,06-05-2026 04:22,AMRI Hospital Kolkata,Web,43,7,86.0,0xfedbf3401b8b3d9756442b6e08bf199703290f63d4bf977c490caf1e970c4c,Active,No,https://verify.pharma.in/qr/eb24a8f08da4c5cf
QR000766,BAT000766,DRG0066,Methotrexate 2.5mg,96bdfe56e6429bcc90a17cb5f6c623d13158cc1ef3609594864d6df6e0c2d2a1,v2,03-04-2026,Abbott Healthcare India,31-10-2027,283,21-04-2026 18:44,Civil Hospital Surat,Web,272,11,96.1,0xb911c22a9b41310378e008523c65b84a13a3c4e4572dd141532d6b339a416e,Active,No,https://verify.pharma.in/qr/96bdfe56e6429bcc
QR000767,BAT000767,DRG0067,Imatinib 400mg,235c2c03147da85fd8f3f881d6186d5ff18f84d8946d2b902559a2f772dc6851,v2,31-08-2025,Torrent Pharmaceuticals,10-03-2029,405,12-05-2026 01:57,MGM Hospital Chennai,Kiosk,402,3,99.3,0xaf9921c43c47928c13eebbb1e20391c487b2ff9d14f0711ef04bf02669fea8,Active,No,https://verify.pharma.in/qr/235c2c03147da85f
QR000768,BAT000768,DRG0068,Paclitaxel Inj,c8a4d11b23f0e5fae285b623afa764ab3e4e5b9ef0d53f4520422902c9bf14eb,v2,26-08-2025,Alkem Laboratories,16-08-2027,396,22-04-2026 03:34,PGIMER Chandigarh,Kiosk,368,28,92.9,0xd735d8dfc2fcefa84b95952a79ce9b1d12f78cc38f5c350c7e8c4057d25c7b,Active,No,https://verify.pharma.in/qr/c8a4d11b23f0e5fa
QR000769,BAT000769,DRG0069,Cisplatin Inj,9c7b6628c50bcedce823ffb170b68415921ebf5060a8a84ddc0c0e9079c65c2d,v2,17-08-2025,IPCA Laboratories,18-11-2026,357,11-05-2026 09:51,Sterling Hospital Ahmedabad,Scanner,330,27,92.4,0x37c55c1611d4c1898e5433c8b62304efd458ae9c900c9623a5b256082373c5,Active,No,https://verify.pharma.in/qr/9c7b6628c50bcedc
QR000770,BAT000770,DRG0070,Capecitabine 500mg,226da72a9e6e70eefd111061acb6a078ec20d1d644af3195164f80139f4656e3,v2,02-04-2025,AstraZeneca India,05-03-2027,353,09-05-2026 01:29,Manipal Hospital Bengaluru,Web,323,30,91.5,0xef79be2493bc7946631066e39d6d42cb5094d7be45f5a38ca3782da35c4728,Active,No,https://verify.pharma.in/qr/226da72a9e6e70ee
QR000771,BAT000771,DRG0071,Vitamin D3 60000IU,97277425d06284689895fa4edbb6d6e1af4d36d3da56ea3b5a3f6144ddeea8cd,v2,02-03-2026,Biological E Ltd,15-04-2028,352,13-05-2026 00:02,MGM Hospital Chennai,Mobile,322,30,91.5,0x4c4bb0a0beb76f6965e79156e449cc12df63670e4637da39d3cb40a8a1dafc,Active,No,https://verify.pharma.in/qr/97277425d0628468
QR000772,BAT000772,DRG0072,Vitamin B12 1mg Inj,fde252e509f2d8cb1218941b34f01367749f79bd0e85a0e21abffe6f0c02753c,v2,01-05-2026,Novartis India,21-12-2028,254,06-05-2026 01:36,SMS Hospital Jaipur,Scanner,222,32,87.4,0x5957468c2f76156653521a6d97dd8ac8203daf8e0f400e33ff35b783343f2f,Active,No,https://verify.pharma.in/qr/fde252e509f2d8cb
QR000773,BAT000773,DRG0073,Folic Acid 5mg,1b8180dcad114ae46151de8171fb62a6018f498425e764ccb54c684d5e8db118,v2,11-03-2026,Sun Pharmaceutical Industries,22-07-2029,331,08-05-2026 18:19,MGM Hospital Chennai,Kiosk,305,26,92.1,0xa09823bad70098c513513d8ae5023b09468ef267a78c4061e3b42880c9b10c,Active,No,https://verify.pharma.in/qr/1b8180dcad114ae4
QR000774,BAT000774,DRG0074,Iron 100mg Tablet,274fa9ba8501f818b2ceb45da872fb7343f3b58d44e1e6ec7dee6665a86fa18e,v2,31-01-2025,Pfizer India,10-02-2027,383,23-04-2026 14:14,AMRI Hospital Kolkata,Mobile,372,11,97.1,0x39aa2d1bf03598c128e06a7f6c0f96fe58800f69a3b7a4ec94de2bc74c9500,Active,No,https://verify.pharma.in/qr/274fa9ba8501f818
QR000775,BAT000775,DRG0075,Calcium + Vit D3,1ebfd6527015b3c53af99796de217cb3ad0f65424e0e92b23d1f2a13f2400952,v2,01-07-2025,Zydus Cadila,01-09-2027,95,04-05-2026 12:22,MGM Hospital Chennai,Mobile,87,8,91.6,0x97dee1ca25ce0578e15280cc5d9568f76a2ca7a18788970f15f053949ea292,Active,No,https://verify.pharma.in/qr/1ebfd6527015b3c5
QR000776,BAT000776,DRG0076,Hydroxychloroquine 200mg,c2e26722b059402a6f4118d47b0eff5f0e94e3ea6a374d7c3d05312888adc9a7,v2,27-04-2025,IPCA Laboratories,03-06-2027,289,07-05-2026 04:21,PGIMER Chandigarh,Scanner,256,33,88.6,0x79a1cdf29a7a5f5cac8056509199f0b6e22b2b8979b5a0c60c840d49de5079,Active,No,https://verify.pharma.in/qr/c2e26722b059402a
QR000777,BAT000777,DRG0077,Adalimumab 40mg Inj,e543799e597fc34bc86b44709874f966f63a76421cfc5facd8644a9a069fb7f3,v2,21-07-2025,Aurobindo Pharma,22-01-2029,195,20-04-2026 15:25,Manipal Hospital Bengaluru,Mobile,178,17,91.3,0xd61b3837ef680142355bce379b46779d6b397697e00353dff849744f688262,Active,No,https://verify.pharma.in/qr/e543799e597fc34b
QR000778,BAT000778,DRG0078,Tacrolimus 1mg,25acf38de57aa20fb61c9ed89e2ee213a893fa7dea31e7a990fd94b6030c02b1,v2,30-01-2025,IPCA Laboratories,12-07-2028,436,21-04-2026 18:10,Civil Hospital Surat,Web,381,55,87.4,0xf7c51850d257479ddf8daa44d91d32471199db38a4e282ff706e097add900c,Active,No,https://verify.pharma.in/qr/25acf38de57aa20f
QR000779,BAT000779,DRG0079,Azathioprine 50mg,dd8dcfa633053f53a861d5047d0163e31bf160208fb3bcb5f627bea657f7ad08,v2,13-07-2025,Zydus Cadila,07-11-2028,113,29-04-2026 00:12,AMRI Hospital Kolkata,Mobile,108,5,95.6,0xcdf4e7436ecb02462eedbc5b78cbd99cc2736f8744a68c12709122bdd4812a,Active,No,https://verify.pharma.in/qr/dd8dcfa633053f53
QR000780,BAT000780,DRG0080,Mycophenolate 500mg,8749d8ffb1796a95eb829401ad467c4ea3daa9398501ed83bcd783e3a4a42846,v2,03-05-2026,Biological E Ltd,04-12-2028,48,07-05-2026 02:53,KEM Hospital Pune,Web,46,2,95.8,0x30436c63c21112dbc537afd32a25264fa8d9540308b8959c08a3a11fea969c,Active,No,https://verify.pharma.in/qr/8749d8ffb1796a95
QR000781,BAT000781,DRG0081,Albendazole 400mg,1bff7730691d2de0feb6f19e5654e2625d9006b027c2f449e765954ed1a6d63c,v2,27-07-2025,Bharat Biotech,06-11-2029,441,18-04-2026 18:15,AMRI Hospital Kolkata,Scanner,376,65,85.3,0x911a139bde694ced05266f500b5fc0839a4f494c7b36fcaeca3fec07e8c7f4,Active,No,https://verify.pharma.in/qr/1bff7730691d2de0
QR000782,BAT000782,DRG0082,Ivermectin 3mg,469bf32871e1b81f672bc663685f49576eec578e6bc91aa75c1433a07ce5ea53,v2,29-09-2025,Alkem Laboratories,08-08-2028,455,04-05-2026 01:53,Manipal Hospital Bengaluru,Scanner,406,49,89.2,0xdee093b2fa73621a2bfc0c7ce0c6b48a089b6d249fd197f530f6a1e6b14b39,Active,No,https://verify.pharma.in/qr/469bf32871e1b81f
QR000783,BAT000783,DRG0083,Artemether-Lumefantrine,1247bf8f69093e15787612c6a2e879aa9233d931bc3c5c57d0acfcb75525aaa5,v2,29-04-2026,Torrent Pharmaceuticals,22-11-2028,159,14-05-2026 03:43,SMS Hospital Jaipur,Mobile,136,23,85.5,0xa8c3115173a925c4cde75d4c5dc42643d3e0e1911c3597ec61c4455d983346,Active,No,https://verify.pharma.in/qr/1247bf8f69093e15
QR000784,BAT000784,DRG0084,Chloroquine 250mg,9acfba768e3cafb634050b8b4426d87dd93058a461774cb321061f253cfe5d73,v2,24-02-2025,Pfizer India,12-05-2029,166,12-05-2026 15:24,Manipal Hospital Bengaluru,Mobile,150,16,90.4,0x94e5505ade135d6303db93c4556024279c38baa23a93c50747bd308d87bafd,Active,No,https://verify.pharma.in/qr/9acfba768e3cafb6
QR000785,BAT000785,DRG0085,Primaquine 15mg,a1e0e9d0e82db5593af6c79a6d889af7f254831b12d5ff8d8ef6754e8ec3f23f,v2,25-05-2025,Lupin Pharmaceuticals,04-08-2028,348,19-04-2026 06:46,SCB Medical Bhubaneswar,Kiosk,316,32,90.8,0x75a569278a870c6e1bd6c7ea0bc087e3eb4031c8c41f533c7d960892a802c1,Active,No,https://verify.pharma.in/qr/a1e0e9d0e82db559
QR000786,BAT000786,DRG0086,Adrenaline 1mg Inj,6b4ba09755fe28515dc999503a8855e2eda58a03979ce404a8644bd44bf13ed0,v2,05-09-2025,Cadila Healthcare,14-05-2027,308,18-04-2026 21:33,Ruby Hall Clinic Pune,Scanner,297,11,96.4,0xed50cc1b8276ad77134ae451d9ebd46a2a762ea0053dfd17ca207b96cd7ab0,Active,No,https://verify.pharma.in/qr/6b4ba09755fe2851
QR000787,BAT000787,DRG0087,Dopamine 200mg Inj,5e856b8827ec9e0b60432661fbf32bfd4559bb13d8ac8e968dea6a521406d253,v2,26-02-2026,Sanofi India,27-07-2028,195,13-05-2026 20:03,SMS Hospital Jaipur,Kiosk,168,27,86.2,0x4dd1879f1878b2a3a84b01dc9afd82030214a8587560932e5064c3fc94ec37,Active,No,https://verify.pharma.in/qr/5e856b8827ec9e0b
QR000788,BAT000788,DRG0088,Heparin 5000IU Inj,bb837ec957df77b5ab77ed868dd2703e6098bca45e0c3aa5390dd402116ebb98,v2,29-03-2025,Abbott Healthcare India,12-07-2029,255,18-04-2026 14:29,PGIMER Chandigarh,Mobile,236,19,92.5,0xb97956fc5529e7c5e515d66808daff25b566b43d6feb954e50875d502a3470,Active,No,https://verify.pharma.in/qr/bb837ec957df77b5
QR000789,BAT000789,DRG0089,Naloxone 0.4mg Inj,aa9ede42168cf4f8d9931079b075509db91f98ebbab0c44aac03423eca32006f,v2,11-03-2026,Cadila Healthcare,07-02-2029,198,01-05-2026 03:12,Ruby Hall Clinic Pune,Scanner,193,5,97.5,0xbff3eac20b17a9483ad192f19115725a99d057e4e7f4e02c418cd13896f869,Active,No,https://verify.pharma.in/qr/aa9ede42168cf4f8
QR000790,BAT000790,DRG0090,Alteplase 50mg Inj,36ee25dbebccccfe5608d2995ce4abf628ed3911fa34b63ee4a99896ea3809b9,v2,09-03-2025,AstraZeneca India,13-08-2027,97,25-04-2026 21:13,Manipal Hospital Bengaluru,Web,89,8,91.8,0x034b16231bc53d5876c387b6089ff4d2272e78cb8be70c96a6ba46ab8ffafd,Active,No,https://verify.pharma.in/qr/36ee25dbebccccfe
QR000791,BAT000791,DRG0091,Betamethasone Cream,5c5ad6956205b7a400f0f4346bd5a759b4cd93f1988e52b3e1fb165b48b9e486,v2,09-07-2025,Novartis India,01-04-2027,107,24-04-2026 00:31,SMS Hospital Jaipur,Scanner,97,10,90.7,0x492e196938f8132610a6fb814dd5bde3573acfb031fc74a9cc08278a8446d5,Active,No,https://verify.pharma.in/qr/5c5ad6956205b7a4
QR000792,BAT000792,DRG0092,Isotretinoin 20mg,b17b2bf2e0939bbdfcfd39defab94b2c73be661595409ef866454793af4582ee,v2,14-05-2025,Novartis India,14-03-2027,288,06-05-2026 23:47,Apollo Hospital Mumbai,Mobile,247,41,85.8,0x3911c50c21b7f87d9956ad3a93552b95e83d77bef40d8784160a03ca352996,Active,No,https://verify.pharma.in/qr/b17b2bf2e0939bbd
QR000793,BAT000793,DRG0093,Acitretin 10mg,0695882608996fa0d0482964df23dd6b0f3fbc397a8c0316703c1be37bf901c9,v2,12-02-2025,Cipla Ltd,25-04-2030,428,22-04-2026 09:09,Medanta Hospital Gurugram,Kiosk,409,19,95.6,0x69a2ff2ae06669909ee404edf519523f9bdf99c427c06ff518950abd2b1cf2,Active,No,https://verify.pharma.in/qr/0695882608996fa0
QR000794,BAT000794,DRG0094,Clotrimazole Cream,3d212a74e1fd62efdeddb4cd0e5ebe4c33ac956eb549f54e267f91cd151ae13c,v2,08-12-2025,IPCA Laboratories,31-01-2030,475,10-05-2026 04:25,KGMU Lucknow,Scanner,454,21,95.6,0x75596b47987299d7fa98fb49d3a1cc2b672b15360d8d0e14a3b5532d411661,Active,No,https://verify.pharma.in/qr/3d212a74e1fd62ef
QR000795,BAT000795,DRG0095,Silver Sulfadiazine Cream,5701d4ab068e7279f03751ff36b14c1e63258987a014a5301a4d38d0815e2ac8,v2,16-03-2026,AstraZeneca India,23-07-2028,17,28-04-2026 18:13,AIIMS Delhi,Web,16,1,94.1,0x2f133fa46dd3c6913a5239d5a4799377448e9a5bb410958e0f8ba3e9b983f1,Active,No,https://verify.pharma.in/qr/5701d4ab068e7279
QR000796,BAT000796,DRG0096,Latanoprost Eye Drops,7ec5e714bfc04328353a5083ab98156fa6d89d37b2fcb09d88116038937dec48,v2,25-11-2025,Sun Pharmaceutical Industries,26-11-2029,347,06-05-2026 15:12,Sterling Hospital Ahmedabad,Kiosk,312,35,89.9,0xbdeb00751ef181257ee19e2edf4564b86e6582b49d76d503274c6bbf47ac00,Active,No,https://verify.pharma.in/qr/7ec5e714bfc04328
QR000797,BAT000797,DRG0097,Ciprofloxacin Eye Drops,29c86326f3ecf2141a5b7fa429fa6ff92454d6a86e36fedad97f34a9acfb3882,v2,07-11-2025,AstraZeneca India,21-05-2028,284,14-05-2026 14:52,AIIMS Delhi,Web,276,8,97.2,0x7624026d44c8831e89eb3a8ae0fdac35c59074911e605fb67d02a72c918bcc,Active,No,https://verify.pharma.in/qr/29c86326f3ecf214
QR000798,BAT000798,DRG0098,Moxifloxacin Eye Drops,0e622f69dfc03059992061065201e60491cadce3034c8ff2b5e7d855f4331ca0,v2,30-07-2025,Sanofi India,22-04-2029,21,10-05-2026 09:30,MGM Hospital Chennai,Web,18,3,85.7,0x3c13fa681a29f0f0f2b2a25ea33f39777a6a578614d26303665c92298ae7a5,Active,No,https://verify.pharma.in/qr/0e622f69dfc03059
QR000799,BAT000799,DRG0099,Timolol Eye Drops,a6c71954485361529e37e5f1925062a326cc5be763a92399d55a66191b12dc01,v2,15-05-2026,AstraZeneca India,21-08-2029,186,21-04-2026 13:20,AIIMS Delhi,Scanner,177,9,95.2,0xdb59e57e8f26bb09a07f6b860d1898c7565b29e63516e193af6186ed79421e,Active,No,https://verify.pharma.in/qr/a6c7195448536152
QR000800,BAT000800,DRG0100,Artificial Tears,d5732488af0928da8c37015aa57e496d92f10bd5158156c6c329352788b8a875,v2,21-01-2025,Torrent Pharmaceuticals,21-12-2029,170,27-04-2026 07:06,SMS Hospital Jaipur,Mobile,164,6,96.5,0x4c8a3187d6b965d35a75bd67e619e30471476098f1525d660693beeed8bfdf,Active,No,https://verify.pharma.in/qr/d5732488af0928da
QR000801,BAT000801,DRG0001,Amoxicillin 500mg,e946e2855c9bfa124b91f739f2eecec33cb936270fefdc9603fe3bac98a4a79f,v2,28-03-2026,Serum Institute of India,19-11-2028,496,15-04-2026 12:17,KGMU Lucknow,Web,459,37,92.5,0xdd17b7999464928760dace1c4ee1864a528e89c31df49059bfd292c7113f35,Active,No,https://verify.pharma.in/qr/e946e2855c9bfa12
QR000802,BAT000802,DRG0002,Azithromycin 250mg,c198c9c7509aeda7a4d4e4486ab985f95fff5bf6a351b780fd0f00db71820c10,v2,09-07-2025,Serum Institute of India,16-06-2029,354,29-04-2026 20:42,Manipal Hospital Bengaluru,Kiosk,334,20,94.4,0xc92dd54f61305b7eab1790e6c6973c60dd32c51633fa7f9d11593d5e671185,Active,No,https://verify.pharma.in/qr/c198c9c7509aeda7
QR000803,BAT000803,DRG0003,Ciprofloxacin 500mg,c741e8f0820f147144456be128e96c1ec993ae266422ec0bd5081180e519dd71,v2,20-12-2025,Aurobindo Pharma,31-08-2026,294,12-05-2026 08:18,Sterling Hospital Ahmedabad,Scanner,289,5,98.3,0x7b6ae905a5de16792831ce00117a37a82214ed0ac2126ac76ba5bca2570688,Active,No,https://verify.pharma.in/qr/c741e8f0820f1471
QR000804,BAT000804,DRG0004,Metronidazole 400mg,8e5049cb9db39d4597dc70dfb7acdda3777871bcd0765b44776486d16d702cae,v2,02-03-2025,IPCA Laboratories,26-10-2028,488,25-04-2026 04:15,Apollo Hospital Mumbai,Kiosk,440,48,90.2,0x91dbebf0ab19fb3b524927c63390dc07dcd04b85a7bf29da2eb074708af4c4,Active,No,https://verify.pharma.in/qr/8e5049cb9db39d45
QR000805,BAT000805,DRG0005,Ceftriaxone 1g Inj,a1851978b2de4be06f273d3621b7f9bc54b083cb4b13ac87b1ca224b9a00cb54,v2,24-10-2025,Dr Reddy's Laboratories,27-11-2029,197,30-04-2026 16:45,Medanta Hospital Gurugram,Scanner,192,5,97.5,0xd607c1b9249ca73674b458c0c0048f59f27f9f94b6528f5d239736237ac1a8,Active,No,https://verify.pharma.in/qr/a1851978b2de4be0
QR000806,BAT000806,DRG0006,Paracetamol 500mg,e9990b361f260e34157c2cecb52918e6291451b0e726d0c57a52880d79cff79d,v2,18-09-2025,Zydus Cadila,15-09-2028,482,27-04-2026 12:41,Yashoda Hospital Hyderabad,Scanner,451,31,93.6,0xefd9dac5618044f56bedbd498df252854bcb80d556e3b7d4b13b70365fc6ba,Active,No,https://verify.pharma.in/qr/e9990b361f260e34
QR000807,BAT000807,DRG0007,Ibuprofen 400mg,8be5e637efff7215fd78cc16eab5393c8af3f3bca61c833fa831d9d8c4a0b6ef,v2,05-10-2025,Pfizer India,04-07-2027,87,30-04-2026 16:52,AMRI Hospital Kolkata,Scanner,84,3,96.6,0xf00cf6faf87fabf3a956c519ae941b9637ec7b3767a1bb29563b5f088af807,Active,No,https://verify.pharma.in/qr/8be5e637efff7215
QR000808,BAT000808,DRG0008,Tramadol 50mg,fa6cb706b4cacd37bf9ff26fbbfb92ffee86e777ed11bae4879b40b532831b30,v2,12-04-2025,IPCA Laboratories,23-07-2029,177,06-05-2026 16:33,PGIMER Chandigarh,Scanner,152,25,85.9,0xfcfcca69297fb6f4bee1ff3466cf56e58fce6882e0741a78d65b8e7b43b1a3,Active,No,https://verify.pharma.in/qr/fa6cb706b4cacd37
QR000809,BAT000809,DRG0009,Morphine 10mg Inj,f918fc72ef9e0fe2ccc54a2d6b9fc1120f5fc984136451b97526356e03b7fd24,v2,16-02-2026,Cadila Healthcare,06-09-2028,414,01-05-2026 17:03,Sterling Hospital Ahmedabad,Web,377,37,91.1,0x500eda69082926e603a17818f4c72d11ea3bdc432717e3caade2990a2a564a,Active,No,https://verify.pharma.in/qr/f918fc72ef9e0fe2
QR000810,BAT000810,DRG0010,Diclofenac 50mg,8f255f8ae355eb25f4268bbdbc0ca10a1716e74f8692f2cd5d651cb08a79bcbd,v2,11-03-2026,Zydus Cadila,25-07-2029,230,05-05-2026 03:22,PGIMER Chandigarh,Kiosk,218,12,94.8,0x8ddac05af2f51c7e7d63ecd2b3f5c830b28e0710481b9b7932891b3625aecb,Active,No,https://verify.pharma.in/qr/8f255f8ae355eb25
QR000811,BAT000811,DRG0011,Amlodipine 5mg,6851df97e804fb011b28498f36d3dcb7f0d9cc679e2f2910608761a3cca6df46,v2,13-01-2026,AstraZeneca India,18-10-2028,229,18-04-2026 20:26,Medanta Hospital Gurugram,Scanner,224,5,97.8,0x272aa61b7ca959cfafea0cb93c6cc029f21b4cc14b108c28b6c639ec484e2d,Active,No,https://verify.pharma.in/qr/6851df97e804fb01
QR000812,BAT000812,DRG0012,Losartan 50mg,81d5da1d9934e76ebbde06b3150bb622e599e7c9394d0fb2f8d2f18b4ebc63a5,v2,23-02-2026,Dr Reddy's Laboratories,20-12-2028,455,28-04-2026 00:34,SCB Medical Bhubaneswar,Web,424,31,93.2,0xd218e539ed77673304ce1963883669655bdd292f3c0458a0abd9d7096df3b8,Active,No,https://verify.pharma.in/qr/81d5da1d9934e76e
QR000813,BAT000813,DRG0013,Atenolol 50mg,dede2a8e33bca8765adb3e59460262390976d67b293edba81fa717aff9bd80df,v2,08-04-2025,Novartis India,26-02-2029,497,19-04-2026 13:35,SMS Hospital Jaipur,Scanner,454,43,91.3,0xfd07af3dde2b77d251000a5225c61d1f2e9f5419740dc826940da4121417b7,Active,No,https://verify.pharma.in/qr/dede2a8e33bca876
QR000814,BAT000814,DRG0014,Furosemide 40mg,1a9a0de155af4bcf46710f31df6a2d02089f850f901f00807d205302cf8fb88e,v2,26-07-2025,Serum Institute of India,05-07-2029,187,16-04-2026 13:24,MGM Hospital Chennai,Scanner,177,10,94.7,0x774a71978f7df1758056e6d052061e2eadbd5879a63b0dae17f48914261ebd,Active,No,https://verify.pharma.in/qr/1a9a0de155af4bcf
QR000815,BAT000815,DRG0015,Ramipril 5mg,61bb5b4b8a11b5a26debbcf19556e5c1426465dae13de5a283debecbec30461f,v2,07-01-2026,Pfizer India,24-04-2029,79,19-04-2026 22:22,Manipal Hospital Bengaluru,Web,72,7,91.1,0x1530c3a15868120a5612079ffe971e167bc0accb1b7bcf14c8077f3f91e7de,Active,No,https://verify.pharma.in/qr/61bb5b4b8a11b5a2
QR000816,BAT000816,DRG0016,Metformin 500mg,5ea133df5172cfd1f859ed0a1f8af89ceda6f8b5d8f21cc93aa63f3278e7e6d4,v2,09-10-2025,Aurobindo Pharma,22-05-2027,401,13-05-2026 00:07,Yashoda Hospital Hyderabad,Kiosk,364,37,90.8,0xd7997167107ca13641e6a5df89237f11fec764aa09cb681652310282ba626a,Active,No,https://verify.pharma.in/qr/5ea133df5172cfd1
QR000817,BAT000817,DRG0017,Glimepiride 2mg,98265aa6c5f2248631639c3d5f22c283729206099983ac261b575f27306ccb06,v2,20-04-2026,Wockhardt Ltd,13-03-2029,380,29-04-2026 18:30,Ruby Hall Clinic Pune,Web,355,25,93.4,0x93e76aae164411cc72688f16bc22da5541d581fc311d437577e6e85f10b50e,Active,No,https://verify.pharma.in/qr/98265aa6c5f22486
QR000818,BAT000818,DRG0018,Insulin Glargine,0c7754ecc43a99784fb3c96c7fe4d0fb98f3bd3962deb123db863c848e1fb33f,v2,14-12-2025,AstraZeneca India,20-09-2026,450,16-04-2026 09:29,KEM Hospital Pune,Scanner,413,37,91.8,0x6e0a1acee990fe084ed6d4120e8998099a5cdf05098cbacecfb5c72d6d75c5,Active,No,https://verify.pharma.in/qr/0c7754ecc43a9978
QR000819,BAT000819,DRG0019,Sitagliptin 100mg,6cbda1a738ebc5a6867ab386a0949d8bd81252f116666b8de7bfbd7ddf6a3f99,v2,12-05-2026,Alkem Laboratories,30-06-2026,306,04-05-2026 13:18,PGIMER Chandigarh,Mobile,302,4,98.7,0x8f449ffc5e7023ffc2f09bb3984f08e2a2c525bcfa6af5873ee17785dfb1e8,Active,No,https://verify.pharma.in/qr/6cbda1a738ebc5a6
QR000820,BAT000820,DRG0020,Empagliflozin 10mg,9b17ca08d70d68cf267073dda78a2890a8b4da9bb4a78e8b4b83b3849fe0f5fb,v2,19-05-2025,Bharat Biotech,26-01-2029,428,09-05-2026 08:12,Yashoda Hospital Hyderabad,Mobile,416,12,97.2,0xaec12cab81e06414bb968aad3396e62b173c69a4217cb19f0d2222edb6d315,Active,No,https://verify.pharma.in/qr/9b17ca08d70d68cf
QR000821,BAT000821,DRG0021,Atorvastatin 20mg,86b0f6ff0f1d5370a193da76c3b2bc41437cae1f0a90259fdcf997b9a5a1bc15,v2,18-02-2026,Sun Pharmaceutical Industries,16-04-2029,5,09-05-2026 19:57,SMS Hospital Jaipur,Kiosk,4,1,80.0,0x57c0d30c3b17faa5a386b4fca288cd952e0055db2232c3e4e572e9e88a42fe,Active,Yes,https://verify.pharma.in/qr/86b0f6ff0f1d5370
QR000822,BAT000822,DRG0022,Clopidogrel 75mg,d41f739723e8c1202f79efcbf60b35ba4d37456b7883154f6376d3499abb76da,v2,31-10-2025,Sun Pharmaceutical Industries,01-10-2026,329,26-04-2026 10:08,PGIMER Chandigarh,Kiosk,317,12,96.4,0x8fccdb22f93ad724332da7138be38d9487958e34192432cdf00de91d1504e7,Active,No,https://verify.pharma.in/qr/d41f739723e8c120
QR000823,BAT000823,DRG0023,Aspirin 75mg,ac5c8e791c64688a3eb114012fd8e7ee4606b5ced04541cf549ba306f443b73f,v2,14-02-2026,Sanofi India,12-10-2028,205,15-05-2026 05:21,Medanta Hospital Gurugram,Mobile,184,21,89.8,0x840274beb4bf3340c9f262d91081f6bf6ba44d2cb2a375d7a22b5f1edb3f52,Active,No,https://verify.pharma.in/qr/ac5c8e791c64688a
QR000824,BAT000824,DRG0024,Warfarin 5mg,c1459e04e6843c51839a392cd48453daf8a28e8bb3ae8e3c21d855d9b663f670,v2,04-04-2026,Aurobindo Pharma,13-10-2027,481,03-05-2026 21:57,Manipal Hospital Bengaluru,Web,437,44,90.9,0x8057962394e8dc02d1f3caf905a367193f7f495de16f21cd6be63f6bc1497a,Active,No,https://verify.pharma.in/qr/c1459e04e6843c51
QR000825,BAT000825,DRG0025,Digoxin 0.25mg,b79503bdf02bf5fb4204ca55415fac2cd5091516ee61935b7f5435c09ceaea21,v2,08-05-2026,Zydus Cadila,07-07-2029,462,11-05-2026 15:39,KGMU Lucknow,Kiosk,430,32,93.1,0xa56f43721e7d716592e768173422ef2bb49186d46a6d6aaed60437df5ca0ab,Active,No,https://verify.pharma.in/qr/b79503bdf02bf5fb
QR000826,BAT000826,DRG0026,Salbutamol Inhaler,f39d6b6099659248f90a4a3134310a578c972047b44d8beacb306ae051f4d177,v2,02-01-2026,Lupin Pharmaceuticals,11-02-2027,158,30-04-2026 12:20,Civil Hospital Surat,Mobile,148,10,93.7,0x95c9c2be1ec93c96c0d6251e6f86526a9a8d95350ee272bf596fa9e295ffe7,Active,No,https://verify.pharma.in/qr/f39d6b6099659248
QR000827,BAT000827,DRG0027,Budesonide Inhaler,35b12d61c086376ded6bd8dfaabba66b85af6ea19d8638e38b251684a37c2482,v2,07-12-2025,Dr Reddy's Laboratories,25-05-2028,493,02-05-2026 04:37,Ruby Hall Clinic Pune,Web,468,25,94.9,0x4e820a570add6ac38c8f7b660e4061c3e84c4b009ca5ce8f8f4881cced3376,Active,No,https://verify.pharma.in/qr/35b12d61c086376d
QR000828,BAT000828,DRG0028,Montelukast 10mg,af503eed380056e108ab9317078ddb17a992d687e5f0b7895f55880f797628e5,v2,04-03-2025,Sanofi India,19-10-2029,1,12-05-2026 07:27,Manipal Hospital Bengaluru,Web,0,1,0.0,0x29efaebed80a09ab0db6fbd31ff532f3f95fc248d8888ba9e879fa7d0950d7,Active,Yes,https://verify.pharma.in/qr/af503eed380056e1
QR000829,BAT000829,DRG0029,Tiotropium Inhaler,f0821a2c3d87fde5844c98d6d4aacb178558386fd1c0037ca32ab8bff8a15843,v2,24-07-2025,Novartis India,26-04-2027,172,14-05-2026 03:40,KGMU Lucknow,Mobile,158,14,91.9,0x1a4852f70f71039e80f064bed1185e0c1016f67ee18126ab9d25b065c80729,Active,No,https://verify.pharma.in/qr/f0821a2c3d87fde5
QR000830,BAT000830,DRG0030,Doxofylline 400mg,10752a66ea4ee015abbda06dfcc64ab0bec3917659678e9a73c1feebaa19a2ef,v2,09-12-2025,Biological E Ltd,05-04-2029,439,09-05-2026 00:42,Medanta Hospital Gurugram,Web,431,8,98.2,0xa24bb7fbe583cc84ecfcf8b45008e08300b9779cf6e2bf32ed4eb2c668ed45,Active,No,https://verify.pharma.in/qr/10752a66ea4ee015
QR000831,BAT000831,DRG0031,Omeprazole 20mg,7bcd66cdc2b595ec813fcb291ae97552bc82c5ddb8995b88bc7f01669dfc3d11,v2,01-06-2025,Zydus Cadila,03-06-2028,199,04-05-2026 16:18,Ruby Hall Clinic Pune,Mobile,196,3,98.5,0xc7697a783216191a628429415d8e7ee8eb84066e4fc8eb7b288996ba48a380,Active,No,https://verify.pharma.in/qr/7bcd66cdc2b595ec
QR000832,BAT000832,DRG0032,Pantoprazole 40mg,8fc79285eec6aea30feedbbd1285d8443216b144c3d3f050a383cad055f814d9,v2,06-05-2025,Abbott Healthcare India,16-08-2028,110,21-04-2026 12:30,SMS Hospital Jaipur,Web,98,12,89.1,0x5f9e95f4124d6dbd430273891a9a4447ababa8627fbbfa55f8a78e87bebc90,Active,No,https://verify.pharma.in/qr/8fc79285eec6aea3
QR000833,BAT000833,DRG0033,Ondansetron 4mg,420f5d4d006a04619313679707555556fdb785e132f8b677c1d8f2543c1affac,v2,10-01-2026,Bharat Biotech,05-04-2030,26,16-04-2026 01:00,Yashoda Hospital Hyderabad,Scanner,23,3,88.5,0xbcac1cdf7666f1ac62ba1b99c61e5fc8cfafca4e126888f3d5a74bd93e6e7a,Active,No,https://verify.pharma.in/qr/420f5d4d006a0461
QR000834,BAT000834,DRG0034,Domperidone 10mg,60981884cfc85cfe8fe55ff8fe513801da8495c34f313aa3b97921472b761664,v2,27-02-2026,Bharat Biotech,03-06-2028,20,23-04-2026 07:02,AMRI Hospital Kolkata,Web,17,3,85.0,0x3b088e7e35246814f52d0d134fafe3cfc3ff881218b741a1f659181007b803,Active,No,https://verify.pharma.in/qr/60981884cfc85cfe
QR000835,BAT000835,DRG0035,Metoclopramide 10mg,52f176cf73f90601013cbd9a1bf81afd15d9c29ebb1636c8f92f9908db36cf57,v2,28-12-2025,Torrent Pharmaceuticals,17-08-2029,453,14-05-2026 22:41,PGIMER Chandigarh,Mobile,409,44,90.3,0x52bfeb42f2f1ebdb049b79c0b902444d0d31b8013c6c4740a8cbdc7365a7b8,Active,No,https://verify.pharma.in/qr/52f176cf73f90601
QR000836,BAT000836,DRG0036,Oseltamivir 75mg,f8c868a67f5067b449f65a4b22103e29c061339e49179b5488ce69d21eef762e,v2,02-06-2025,Aurobindo Pharma,11-12-2029,49,03-05-2026 18:45,MGM Hospital Chennai,Mobile,48,1,98.0,0xc7e3c16d8fd9b2d746aac13b113ec6755afee1528ce0ec61588cc761da1ade,Active,No,https://verify.pharma.in/qr/f8c868a67f5067b4
QR000837,BAT000837,DRG0037,Acyclovir 400mg,ba749e8d21f39c42194fcfccba35d24e9e0feb0e781c09cd101a11cd50a23b2b,v2,14-01-2026,Pfizer India,20-09-2028,69,19-04-2026 23:30,PGIMER Chandigarh,Scanner,62,7,89.9,0xb89e1f7de36d626b5e54547993cd590e9cd7c5e0a60c3f679943a1ecdb67d6,Active,No,https://verify.pharma.in/qr/ba749e8d21f39c42
QR000838,BAT000838,DRG0038,Tenofovir 300mg,cad1afe62115f6b911fcb08cbacbb731dbea71a386a8559b5961c20e1ce1a872,v2,28-04-2025,Zydus Cadila,31-01-2030,159,14-05-2026 08:07,Ruby Hall Clinic Pune,Mobile,145,14,91.2,0xc6c7b89151a5b501184053a7ea39863e2de492a7c2ce7a0a2da1300bd7c1cf,Active,No,https://verify.pharma.in/qr/cad1afe62115f6b9
QR000839,BAT000839,DRG0039,Remdesivir 100mg Inj,c22030b306e30501cd010d997c470ca2c9046014b6838d4e698fc587f6178c04,v2,12-03-2025,Cadila Healthcare,09-12-2029,177,21-04-2026 20:53,Apollo Hospital Mumbai,Kiosk,160,17,90.4,0xe4b12b0e1a1e383ffc3d944e2a08e3f50992dfd6060157cfa0d923567fbaac,Active,No,https://verify.pharma.in/qr/c22030b306e30501
QR000840,BAT000840,DRG0040,Valacyclovir 500mg,830f284f8b62d1efb624e642d19b73cfd031b926deaeeea58d43875ccab6e1cb,v2,03-01-2026,Abbott Healthcare India,13-05-2028,300,09-05-2026 23:47,Manipal Hospital Bengaluru,Web,284,16,94.7,0x98e73473694b48ead7165a3b3dc49d084eaa18aac3d8607c9f01383a1c33f1,Active,No,https://verify.pharma.in/qr/830f284f8b62d1ef
QR000841,BAT000841,DRG0041,Fluconazole 150mg,e5e9e9af16399ddfacba959bad89adbffab3c5a953160bfca81602f0108b561d,v2,20-05-2025,Alkem Laboratories,17-06-2029,128,16-04-2026 04:42,Ruby Hall Clinic Pune,Mobile,118,10,92.2,0x03d6d38e9714c82343f30cf62250f354b3110c895b80f662008ad57e753df8,Active,No,https://verify.pharma.in/qr/e5e9e9af16399ddf
QR000842,BAT000842,DRG0042,Itraconazole 100mg,c27b059f97edc77e357e4df296f7b978df2a2f1a36bfbf858813b45144b4bca5,v2,18-04-2025,Cipla Ltd,21-12-2028,170,18-04-2026 06:26,Manipal Hospital Bengaluru,Scanner,155,15,91.2,0xd4a96775fb7ee92b0fce0b8c438dcc347a71672e5b2e390d94fc934a4ae00a,Active,No,https://verify.pharma.in/qr/c27b059f97edc77e
QR000843,BAT000843,DRG0043,Amphotericin B Inj,704ce1229f242eab2d3e500420d2f78b7f47df4b8846aa2c961d25475409c3ab,v2,05-04-2026,GlaxoSmithKline India,01-02-2027,363,01-05-2026 19:32,Sterling Hospital Ahmedabad,Web,308,55,84.8,0x6f09480c1ac51c8f8a344035ee74c898d70b61798fe5137bf10d5ab2289552,Active,Yes,https://verify.pharma.in/qr/704ce1229f242eab
QR000844,BAT000844,DRG0044,Voriconazole 200mg,e7cb434a7f80e7598ca75a04773b384c97b2132b5215a2f930a216aabd6fabf0,v2,01-07-2025,Lupin Pharmaceuticals,19-01-2030,49,09-05-2026 01:44,AMRI Hospital Kolkata,Web,48,1,98.0,0x619069953c71694b7720c514fb9584c61473b18d7a0807da330cc5601d131b,Active,No,https://verify.pharma.in/qr/e7cb434a7f80e759
QR000845,BAT000845,DRG0045,Terbinafine 250mg,54baf0199292ce046489166df7df7a1ff3e0dd82d12ef257030283b044752508,v2,02-10-2025,Wockhardt Ltd,12-10-2027,89,02-05-2026 19:53,Manipal Hospital Bengaluru,Scanner,76,13,85.4,0xbd2455fa1147f7dc21dbd29b547febbc6595dbd01876d002315bdf6a2a9dbf,Active,No,https://verify.pharma.in/qr/54baf0199292ce04
QR000846,BAT000846,DRG0046,BCG Vaccine,63954c19b3bdc3f32b929f9763a97d2b8175125a3de03009a8dc4be26b5e4e86,v2,20-03-2025,Cadila Healthcare,30-08-2026,259,09-05-2026 18:28,Civil Hospital Surat,Scanner,258,1,99.6,0xb4792e7c338280c6d76906205f1e65fa9828aa12063d73527a7890f94965eb,Active,No,https://verify.pharma.in/qr/63954c19b3bdc3f3
QR000847,BAT000847,DRG0047,Hepatitis B Vaccine,09cb936d385fac08019b92702aeda6805e2178eaaaca62cba2a39deeff8fd6f6,v2,14-08-2025,Serum Institute of India,14-09-2027,258,29-04-2026 22:51,Apollo Hospital Mumbai,Mobile,235,23,91.1,0x59f1fef6208e540bc0700b327fd8ea9fc0ab51a5a3f5c2b1974973a476c9f1,Active,No,https://verify.pharma.in/qr/09cb936d385fac08
QR000848,BAT000848,DRG0048,MMR Vaccine,8d4dd2043da62dd74b1261e3c210a29a7c5f26169722d3581d9ca8af6f64ee14,v2,21-12-2025,Sun Pharmaceutical Industries,03-01-2028,91,16-05-2026 02:01,SMS Hospital Jaipur,Kiosk,82,9,90.1,0xe92c61bf32c7fe639cbbf8e91038bb551510db849575e24a25fb93ac2416af,Active,No,https://verify.pharma.in/qr/8d4dd2043da62dd7
QR000849,BAT000849,DRG0049,COVID-19 mRNA Vaccine,15995808bb2c575ade5a531b22eabf1458a1e146a18d2d4c17721271660029d2,v2,03-02-2025,Dr Reddy's Laboratories,04-11-2027,284,10-05-2026 12:59,SCB Medical Bhubaneswar,Mobile,276,8,97.2,0x31c92dc9f5361a42827e476d95fb868b09df5f45eb1c9a2c37ac5723fa35aa,Active,No,https://verify.pharma.in/qr/15995808bb2c575a
QR000850,BAT000850,DRG0050,Influenza Vaccine,6188c134b1c9115e8fb4943c4014deee685beff31ecc894d05768faa5200e3b8,v2,31-03-2025,Biological E Ltd,01-03-2029,240,29-04-2026 10:16,Apollo Hospital Mumbai,Kiosk,219,21,91.2,0xdeb19d9750b78dbb6174deb491002f0d17c7802b6716ccb8ce152debf4a289,Active,No,https://verify.pharma.in/qr/6188c134b1c9115e
QR000851,BAT000851,DRG0051,Sertraline 50mg,15a4a8673a52cc62e1f1ae36a7b9ed267ead57744eaef39e60c4c751f6e1748a,v2,04-01-2025,GlaxoSmithKline India,05-03-2027,313,19-04-2026 05:51,MGM Hospital Chennai,Kiosk,281,32,89.8,0x26c892e39e4948bf19c0d7fab576abd01ef642258ad7ee9960f51c257b29e5,Active,No,https://verify.pharma.in/qr/15a4a8673a52cc62
QR000852,BAT000852,DRG0052,Escitalopram 10mg,64ceb04066238949fd208e65c2193e1bc524e1eb28300475dfe8110527e742fd,v2,16-01-2025,Zydus Cadila,09-11-2029,134,29-04-2026 11:29,Medanta Hospital Gurugram,Mobile,116,18,86.6,0x8c53f3598502d21ca1ea7017fcc8a5c4972c5206a98b105027877fbd96d900,Active,No,https://verify.pharma.in/qr/64ceb04066238949
QR000853,BAT000853,DRG0053,Olanzapine 10mg,68c4cbcdce5907035e30562a66e1662e015fa6ecb419b7b6da6dcc7c3ce16c8e,v2,02-01-2025,Pfizer India,01-09-2028,189,14-05-2026 08:34,AMRI Hospital Kolkata,Kiosk,178,11,94.2,0x3ac193dafc47258428cdf001f273bd4007b23f5af20cd43123a8e78ecd840b,Active,No,https://verify.pharma.in/qr/68c4cbcdce590703
QR000854,BAT000854,DRG0054,Risperidone 2mg,fe9c1eeba5e0b4207a10c578807196991b77134132d4000e64225cc41b7678b9,v2,16-10-2025,Torrent Pharmaceuticals,09-08-2029,427,07-05-2026 22:01,Medanta Hospital Gurugram,Web,413,14,96.7,0xe43f2e79c19006c42d253785ba0d877e90e93fe9ff35f44548552f0af1c89a,Active,No,https://verify.pharma.in/qr/fe9c1eeba5e0b420
QR000855,BAT000855,DRG0055,Diazepam 5mg,fab717604be2b1fda3e04423bc545102496a95ff61e70f2dc72eeb50b04f6c19,v2,29-08-2025,Zydus Cadila,26-02-2028,270,20-04-2026 15:31,Medanta Hospital Gurugram,Mobile,255,15,94.4,0x3e26fa5a69d2a0fdb07ac7b4b43effaec0ad39f7d578d4a1392526092083d2,Active,No,https://verify.pharma.in/qr/fab717604be2b1fd
QR000856,BAT000856,DRG0056,Levetiracetam 500mg,96a7af6bdcfa78838323c46dbc2f86566f0d984eb40bb214e5cb570c929150bb,v2,08-05-2026,Novartis India,19-03-2030,452,25-04-2026 15:34,Apollo Hospital Mumbai,Web,406,46,89.8,0x84fd940efbd70f9c9391e3b5f28ce915089c38211b76ae096444a9a95752e3,Active,No,https://verify.pharma.in/qr/96a7af6bdcfa7883
QR000857,BAT000857,DRG0057,Carbamazepine 200mg,335bdc3d15f0ccf0fcf239791745542ff79574583f8b546fff272a953be104c4,v2,19-08-2025,Serum Institute of India,10-09-2029,352,26-04-2026 14:55,PGIMER Chandigarh,Scanner,317,35,90.1,0x0c59d433866e76ee9b437528c71841c0d570f558f3a677490a54794f55ea89,Active,No,https://verify.pharma.in/qr/335bdc3d15f0ccf0
QR000858,BAT000858,DRG0058,Pregabalin 75mg,5408264b926d19936f5e340d4737b5da82600a759136e9f7acc3d9a375874052,v2,05-01-2026,Abbott Healthcare India,03-09-2028,92,06-05-2026 04:36,AMRI Hospital Kolkata,Kiosk,80,12,87.0,0xed2f3039cefc160d3b6582750a06a65861e62ad8e3c7b6f5b1c91fe5fe4f1a,Active,No,https://verify.pharma.in/qr/5408264b926d1993
QR000859,BAT000859,DRG0059,Donepezil 10mg,58148b622c6c1fd0402d3e1e7a13b3e268ce3ee2b9248ff3c71c3dca33b47206,v2,26-05-2025,Lupin Pharmaceuticals,10-05-2027,223,26-04-2026 09:03,Manipal Hospital Bengaluru,Kiosk,217,6,97.3,0x56902ad890c2e626dad4c1a7afa9505491e605c5bd475a2c7a171ed57f6ac3,Active,No,https://verify.pharma.in/qr/58148b622c6c1fd0
QR000860,BAT000860,DRG0060,Valproate 500mg,869bad2df7b70618fe1b830b6e5e7268dbf2489ffdd074b36cb05abc8e6c69a1,v2,11-05-2025,Novartis India,26-02-2030,483,01-05-2026 02:48,AIIMS Delhi,Web,411,72,85.1,0xf1f38fdcc303cb527b6b695ff82338140014b30715c27daebf5c86c8d67271,Active,No,https://verify.pharma.in/qr/869bad2df7b70618
QR000861,BAT000861,DRG0061,Levothyroxine 50mcg,27324e201a543432fbe9ba865773dd803d24d5e6e88ea1a335ca4b45a1355e75,v2,23-12-2025,Novartis India,19-05-2029,96,25-04-2026 13:51,Sterling Hospital Ahmedabad,Mobile,94,2,97.9,0x33436295bbc55026375202d452f913b2e86b7e2da58cdbcfa1a9081b141cfa,Active,No,https://verify.pharma.in/qr/27324e201a543432
QR000862,BAT000862,DRG0062,Prednisolone 10mg,8f6e5d34e867c7906e75d36d09f9d426f179c2fb69d807e466e1d248c0fbeeeb,v2,28-06-2025,AstraZeneca India,20-04-2027,391,09-05-2026 07:17,Sterling Hospital Ahmedabad,Kiosk,388,3,99.2,0x1f7a1270a523689b17457695bf8ae47aefa054882d3433174fe6561d6f133f,Active,No,https://verify.pharma.in/qr/8f6e5d34e867c790
QR000863,BAT000863,DRG0063,Dexamethasone 4mg Inj,d04dc94c76e95b893322f07d56af557e9fcf0833a20b4cdd2425e4c44abe95e0,v2,07-01-2026,Alkem Laboratories,19-05-2028,334,26-04-2026 12:10,KEM Hospital Pune,Web,312,22,93.4,0x7bb9863e6f3dc9ffd2ea54abedc9e84c2a2c078e96d309f7b8490e9cd11878,Active,No,https://verify.pharma.in/qr/d04dc94c76e95b89
QR000864,BAT000864,DRG0064,Hydrocortisone 100mg Inj,174d663f405d044725c3a7817b682d4f1893d6ca06fbdd495b026756872862c4,v2,07-04-2025,Cadila Healthcare,19-09-2028,454,30-04-2026 18:36,KEM Hospital Pune,Mobile,398,56,87.7,0xdbdf71ead61fe2c0f0b20a62eedc538447e706df8e4a0029818e3be05fb209,Active,No,https://verify.pharma.in/qr/174d663f405d0447
QR000865,BAT000865,DRG0065,Insulin NPH,b2375692f9573fcadaac5a68549aeb3ed0f4b67ec47b35b60f50c79851d11d36,v2,25-07-2025,Torrent Pharmaceuticals,16-12-2026,156,14-05-2026 06:37,PGIMER Chandigarh,Mobile,144,12,92.3,0x4ea72eb840999b9ba628adf68d5833441cf59c9fca92535eeffdb6f04dd1b5,Active,No,https://verify.pharma.in/qr/b2375692f9573fca
QR000866,BAT000866,DRG0066,Methotrexate 2.5mg,7e01c8b6f6d2df20ab9df90d8b5e2cdbce398f2663877048af27b1a298bd70f4,v2,12-08-2025,IPCA Laboratories,18-07-2027,190,22-04-2026 15:16,Ruby Hall Clinic Pune,Scanner,180,10,94.7,0x9ec448b61da151be3caeb8ecbb83ea25b6f7a65f708ffb3bd89ce44f6c687e,Active,No,https://verify.pharma.in/qr/7e01c8b6f6d2df20
QR000867,BAT000867,DRG0067,Imatinib 400mg,766c2369eceec2657f1af1eb581608885a0568acbf31a256539f392682c9512a,v2,28-05-2025,AstraZeneca India,25-08-2027,206,19-04-2026 14:39,Manipal Hospital Bengaluru,Kiosk,202,4,98.1,0x647328b2ae808754e9d8c8421dcf405b2be5726a8d5c34fda451dfe5843287,Active,No,https://verify.pharma.in/qr/766c2369eceec265
QR000868,BAT000868,DRG0068,Paclitaxel Inj,1b675f782ddca51c5805e9d2ceb6971655be960f55b8b8f5b8d4394cd9584b7d,v2,05-02-2025,Abbott Healthcare India,20-01-2028,110,22-04-2026 04:33,KGMU Lucknow,Web,107,3,97.3,0x9cfe0e91b4551757e1cb9e3b84ec0f9be906b05a700a1711da470619e5361a,Active,No,https://verify.pharma.in/qr/1b675f782ddca51c
QR000869,BAT000869,DRG0069,Cisplatin Inj,57e4a9f8422aefe0a7452e6f211c759c0fb4b8f44e0f04e372220b5012fef83a,v2,04-12-2025,Cadila Healthcare,12-05-2028,495,04-05-2026 09:44,SMS Hospital Jaipur,Web,472,23,95.4,0xed67cd9932b0c332522879ef071eb33fa136796573e91d12c805dd2e0000c1,Active,No,https://verify.pharma.in/qr/57e4a9f8422aefe0
QR000870,BAT000870,DRG0070,Capecitabine 500mg,205c54e67528850ee627bcb233efb9e14098178b33828fb22e8a23967112e75e,v2,09-10-2025,Serum Institute of India,23-06-2028,280,27-04-2026 10:58,KEM Hospital Pune,Scanner,246,34,87.9,0x26493f3a289c3ef3b91b4deda8fb40465ae261a0d06f004bf0c587299a7daa,Active,No,https://verify.pharma.in/qr/205c54e67528850e
QR000871,BAT000871,DRG0071,Vitamin D3 60000IU,7eca6da7348c7a6e4abda871e68d3165d9347860419fb147ba576a8d0089d7ce,v2,09-06-2025,Novartis India,05-02-2029,90,06-05-2026 17:22,PGIMER Chandigarh,Mobile,76,14,84.4,0xc83a56f74f9ac195bbe3d558c01683425d77add9c3136e87cb7419ffad935e,Active,Yes,https://verify.pharma.in/qr/7eca6da7348c7a6e
QR000872,BAT000872,DRG0072,Vitamin B12 1mg Inj,ebb384019476b930359bd1ace6d2b00a806bd30b10844d5ef367c6fe64300020,v2,17-05-2025,Biological E Ltd,12-12-2028,207,21-04-2026 12:39,Civil Hospital Surat,Mobile,203,4,98.1,0xd1fedd6b302566f6eea88f59637ddb0d92fe1bed6b84f238712465281edd7c,Active,No,https://verify.pharma.in/qr/ebb384019476b930
QR000873,BAT000873,DRG0073,Folic Acid 5mg,68879c9e674dbdd5d4c474d02c72e98814a7b2596926fad63c59ba0be50c4e13,v2,04-07-2025,Lupin Pharmaceuticals,12-08-2029,410,29-04-2026 23:17,Yashoda Hospital Hyderabad,Kiosk,367,43,89.5,0xadc2586104e96131106e7caeb1aa8ac6db964acd996b810f4b1d6fadcd3cc5,Active,No,https://verify.pharma.in/qr/68879c9e674dbdd5
QR000874,BAT000874,DRG0074,Iron 100mg Tablet,ebe4ae1192e7f5a72afcec1e95e9b173d6aa35da9f1eed846babe85b007c2e0a,v2,06-07-2025,Cadila Healthcare,21-12-2026,479,29-04-2026 17:54,AIIMS Delhi,Mobile,423,56,88.3,0xf0d3b1151b2134f7ed3cb4825a8f83ba21a89619593700d8d52be9bea11eb7,Active,No,https://verify.pharma.in/qr/ebe4ae1192e7f5a7
QR000875,BAT000875,DRG0075,Calcium + Vit D3,fa078f286052e4e6b52ea2d294d1d9db9f9e4425e6844ccee42bca2b0aa5e2de,v2,21-07-2025,Cipla Ltd,17-04-2028,23,28-04-2026 12:26,Manipal Hospital Bengaluru,Scanner,22,1,95.7,0x1a0385e33f24cbe9473dc204537783a1bd39a81cd7b4d611c74f13f0d4dd46,Active,No,https://verify.pharma.in/qr/fa078f286052e4e6
QR000876,BAT000876,DRG0076,Hydroxychloroquine 200mg,b200cf115c6ab6124f044adc66307858426f1ff0589f16bc3d7b5f1c8c5a7d2e,v2,06-03-2025,Wockhardt Ltd,22-02-2028,231,04-05-2026 16:40,Ruby Hall Clinic Pune,Scanner,214,17,92.6,0xa44064a2eea363d77ecef69678845bee672d8b32e7cb3b6784bdae94511dd7,Active,No,https://verify.pharma.in/qr/b200cf115c6ab612
QR000877,BAT000877,DRG0077,Adalimumab 40mg Inj,eb2118c066b31daf890f6fdf7e608634535f44066e790c96ab0ef7f2d40043b7,v2,22-04-2026,Lupin Pharmaceuticals,14-01-2030,250,04-05-2026 00:56,Medanta Hospital Gurugram,Web,212,38,84.8,0xf328fb022e4f62b79bc986bd81326f678fae2824dd6063e410460de152c4eb,Active,Yes,https://verify.pharma.in/qr/eb2118c066b31daf
QR000878,BAT000878,DRG0078,Tacrolimus 1mg,5bf84e2e371fadd21b05d8bfac09a2ba816ab016b98c3c758d57e145c5c91004,v2,11-04-2026,Dr Reddy's Laboratories,29-10-2028,77,15-05-2026 05:19,AIIMS Delhi,Kiosk,67,10,87.0,0xee77a5ad9f215abdaf6701390638044ad501f8ab9343c8851cdd7a928efe8a,Active,No,https://verify.pharma.in/qr/5bf84e2e371fadd2
QR000879,BAT000879,DRG0079,Azathioprine 50mg,b27b9ef845e0d6b75555159feff46f05795a1ff06ddf837a84181cac896e1f8e,v2,30-03-2025,Sun Pharmaceutical Industries,28-06-2029,359,09-05-2026 14:15,KGMU Lucknow,Mobile,319,40,88.9,0xd292e0f30302bc1f95e2bc3600945dd192d12af6375b490fc10223a341f5cb,Active,No,https://verify.pharma.in/qr/b27b9ef845e0d6b7
QR000880,BAT000880,DRG0080,Mycophenolate 500mg,d465d2c251200129e4c95565324555d2f0ac6eb2fca30587a5a8a26b88ca6d1e,v2,14-05-2026,Sun Pharmaceutical Industries,14-09-2028,415,19-04-2026 21:31,SMS Hospital Jaipur,Kiosk,400,15,96.4,0xf84357df26998421b5b89d2c33a4d0ac28103143941655a0a51deefb06e9df,Active,No,https://verify.pharma.in/qr/d465d2c251200129
QR000881,BAT000881,DRG0081,Albendazole 400mg,ac92fc41fe7bdd0b4b3e287e963d66dde2535031ff4f1b116842796c891a11ae,v2,21-12-2025,Bharat Biotech,28-10-2026,102,21-04-2026 12:20,Medanta Hospital Gurugram,Web,100,2,98.0,0x0e631bf50ae1b827f8cbb797a834ec23951f7c14048ccf1c9074bf612e9ad4,Active,No,https://verify.pharma.in/qr/ac92fc41fe7bdd0b
QR000882,BAT000882,DRG0082,Ivermectin 3mg,709ea37e4bc735de597c4f0dd04fd01e26f8a27d8ea0b796b1f89bf52c367bae,v2,01-12-2025,Biological E Ltd,11-10-2026,263,16-04-2026 23:58,Civil Hospital Surat,Scanner,241,22,91.6,0xfb53d6f1236454ae0bd48ed703079a9d2b3648e777f7498e2249e10ee6e25a,Active,No,https://verify.pharma.in/qr/709ea37e4bc735de
QR000883,BAT000883,DRG0083,Artemether-Lumefantrine,57d6a784d51c1b67e2598ff7cf78f7846125b80869b45eae301304c22adee127,v2,01-03-2025,Cipla Ltd,17-10-2028,349,23-04-2026 01:57,Manipal Hospital Bengaluru,Mobile,325,24,93.1,0x8129a744f33d2c431884a14f8bc9731147cba2356ae34514b4fde4e93cde2b,Active,No,https://verify.pharma.in/qr/57d6a784d51c1b67
QR000884,BAT000884,DRG0084,Chloroquine 250mg,d570ebb899ad0a308ff604e6b7dc0dba1cbc46daa9a3e1487a811d2dcf9f4c2f,v2,07-02-2026,Lupin Pharmaceuticals,24-12-2028,245,25-04-2026 20:40,AMRI Hospital Kolkata,Web,237,8,96.7,0x1d6045a8f7761657b6f13c981a1330907ebd848fc6462d1765d3ec053170a1,Active,No,https://verify.pharma.in/qr/d570ebb899ad0a30
QR000885,BAT000885,DRG0085,Primaquine 15mg,673b66b41c7bec6dac485695a83ab60ed52cc709c03e8761f1eb0e55a34ab799,v2,01-05-2025,IPCA Laboratories,16-11-2027,201,04-05-2026 14:21,KGMU Lucknow,Mobile,198,3,98.5,0x94dfca0ad8a04937861c18d8791b92acdcfe82e4c8d925ff4567a3c6ba6de6,Active,No,https://verify.pharma.in/qr/673b66b41c7bec6d
QR000886,BAT000886,DRG0086,Adrenaline 1mg Inj,28e787eea2608b1767bc0166c6f0a2daa62fa44eb33f197ac219dfc67f2827be,v2,11-09-2025,AstraZeneca India,17-06-2029,142,15-04-2026 20:09,MGM Hospital Chennai,Web,136,6,95.8,0xd539e7131551e6cdfc56b7421f81d9131700ea600c4c6a92ca0935c3ec3fa3,Active,No,https://verify.pharma.in/qr/28e787eea2608b17
QR000887,BAT000887,DRG0087,Dopamine 200mg Inj,c240e9ced82be4b745ca3af1d79f009c5d19589500ab85cd786029b001114d9c,v2,12-02-2025,Zydus Cadila,10-11-2026,379,15-05-2026 23:21,KEM Hospital Pune,Web,334,45,88.1,0xc1cc2d41cea141ed7806becec831c0b04ac14f39d7ff45f2f709c743790943,Active,No,https://verify.pharma.in/qr/c240e9ced82be4b7
QR000888,BAT000888,DRG0088,Heparin 5000IU Inj,3b5de5126f9403dfa1f53a5510c4ebdc5bf8f605319c82b33367b29811b11c98,v2,18-01-2025,AstraZeneca India,12-12-2028,237,25-04-2026 20:29,Ruby Hall Clinic Pune,Kiosk,236,1,99.6,0x0980d27a742f815db74e459db46e930a36909c9f23fe5594371ffebb9a8292,Active,No,https://verify.pharma.in/qr/3b5de5126f9403df
QR000889,BAT000889,DRG0089,Naloxone 0.4mg Inj,837fe9e8bff63ca8037d1b9689caa36b9722361df50126f74872b090b8fa0c3c,v2,02-02-2026,Dr Reddy's Laboratories,26-01-2028,375,16-05-2026 05:12,Civil Hospital Surat,Mobile,319,56,85.1,0x5f05d889258ce7e1ec10c93e8625bcbd8f4dc03744f66f40acae6d3e5e2b3e,Active,No,https://verify.pharma.in/qr/837fe9e8bff63ca8
QR000890,BAT000890,DRG0090,Alteplase 50mg Inj,a424d16abe4c7f65382b71a74cfb68420abf2aa58ad073224d3050e1fa17846e,v2,25-06-2025,Dr Reddy's Laboratories,27-05-2028,455,15-05-2026 01:12,AMRI Hospital Kolkata,Kiosk,387,68,85.1,0x8865072e01305d6ea83213c3cd87b32c16409be01e1743fad2b6d8ff3c6be9,Active,No,https://verify.pharma.in/qr/a424d16abe4c7f65
QR000891,BAT000891,DRG0091,Betamethasone Cream,78f385e041c61369498961fec25ec814963b8c0d90b5124ad2579b3625565c1f,v2,12-09-2025,Alkem Laboratories,05-10-2026,85,25-04-2026 04:58,SMS Hospital Jaipur,Mobile,77,8,90.6,0x7756cd5fe0f244fe514af88a07683149fb9f1812c8a104ad410a2167cd63f6,Active,No,https://verify.pharma.in/qr/78f385e041c61369
QR000892,BAT000892,DRG0092,Isotretinoin 20mg,f5dde7b3b01f6360414641e8e7cd810b0891ecb58c84d23275cc15dc2170d3ff,v2,11-02-2025,Bharat Biotech,13-06-2028,183,04-05-2026 09:41,AIIMS Delhi,Scanner,170,13,92.9,0x7aa088d27f14e9c422bb0e963718d19f728dfdb44d66b6ed200d91e366597a,Active,No,https://verify.pharma.in/qr/f5dde7b3b01f6360
QR000893,BAT000893,DRG0093,Acitretin 10mg,9be8637770e4a16a2164c52d3961361edf760af31ad1773ff6359bc34cd42747,v2,01-11-2025,Serum Institute of India,18-12-2026,268,01-05-2026 05:28,Yashoda Hospital Hyderabad,Kiosk,248,20,92.5,0x17e031688f7765216920e6039b1d5d2b0e2597580521cf43f67683ee0a6364,Active,No,https://verify.pharma.in/qr/9be8637770e4a16a
QR000894,BAT000894,DRG0094,Clotrimazole Cream,9746074a014f9b02c031ebf6aab1b9c0d0c924c51d54420a28d4172bfc038338,v2,14-01-2026,Cadila Healthcare,21-08-2029,500,10-05-2026 03:03,Manipal Hospital Bengaluru,Web,427,73,85.4,0x59313fcf61cd3ccea8eebf77c5a99382fc014a5b24ad252f1a0101e3e8d6cf,Active,No,https://verify.pharma.in/qr/9746074a014f9b02
QR000895,BAT000895,DRG0095,Silver Sulfadiazine Cream,e6b13ea6d662099dc2f709b5c8769b91d10e932757f756ff050f3f8e6cd10b8a,v2,03-12-2025,Abbott Healthcare India,20-08-2029,30,20-04-2026 02:31,Yashoda Hospital Hyderabad,Kiosk,29,1,96.7,0x9f6e32282ab390772a06d4b43c9cbdc064e76fe18589c6d0ec01808e9dc09a,Active,No,https://verify.pharma.in/qr/e6b13ea6d662099d
QR000896,BAT000896,DRG0096,Latanoprost Eye Drops,a9187dd03f728ac952ba28952199cae329bcc0e08091edff1acbffea42b6bb72,v2,02-02-2025,Aurobindo Pharma,29-09-2026,31,01-05-2026 23:51,AMRI Hospital Kolkata,Web,30,1,96.8,0x94aebb21da65f155a7ef9583a9c106319f152fd46d4116dae9070e4b549789,Active,No,https://verify.pharma.in/qr/a9187dd03f728ac9
QR000897,BAT000897,DRG0097,Ciprofloxacin Eye Drops,b104df3b26ad16fdccb5881018c4d27b8092f310750f70e27edae80a86747c64,v2,15-05-2026,Wockhardt Ltd,11-09-2029,480,13-05-2026 12:54,Apollo Hospital Mumbai,Web,444,36,92.5,0x3598ad0caabda5ffc9439cc1924d32eb5e0152dc6e12743ac3738ff6fc88fe,Active,No,https://verify.pharma.in/qr/b104df3b26ad16fd
QR000898,BAT000898,DRG0098,Moxifloxacin Eye Drops,dd97cc0c76b9e8573effe3fa488c261eb14e3eb36f6147220941803c8890a400,v2,05-05-2026,Lupin Pharmaceuticals,29-04-2030,412,19-04-2026 05:09,Apollo Hospital Mumbai,Scanner,390,22,94.7,0x48bb71b564300dcc437e19921c0a85404c964365b39c464e781d74eca1b27a,Active,No,https://verify.pharma.in/qr/dd97cc0c76b9e857
QR000899,BAT000899,DRG0099,Timolol Eye Drops,bae190141dacd172c7e05133f576eedcdd24251c5eaeeed0f00cd3023160960a,v2,11-02-2026,Zydus Cadila,11-11-2029,182,05-05-2026 03:00,Sterling Hospital Ahmedabad,Web,180,2,98.9,0x23476e28a40c570a57191d838d4890ab78b098a1c067bbdeec36f545328d95,Active,No,https://verify.pharma.in/qr/bae190141dacd172
QR000900,BAT000900,DRG0100,Artificial Tears,9893dedcbe676a8deaa25a144419d49b0fcfd163f076df721db8e70486d285a7,v2,28-01-2026,Cadila Healthcare,15-03-2029,469,20-04-2026 17:31,Sterling Hospital Ahmedabad,Scanner,402,67,85.7,0xff1c674856801eb751b8b0d72088fd502100778acb85d816d1f5d5afbae7a9,Active,No,https://verify.pharma.in/qr/9893dedcbe676a8d
QR000901,BAT000901,DRG0001,Amoxicillin 500mg,0a039a30229a07fd1a87a2c40c90c6080e8fb96741584cb69adf0d4b6389e018,v2,27-01-2026,Abbott Healthcare India,01-10-2029,435,13-05-2026 01:27,Apollo Hospital Mumbai,Kiosk,380,55,87.4,0x5685b367e437bab3ffe2fa1a27d0a0750bd8fb7a4c7c98d1db87974d7f267e,Active,No,https://verify.pharma.in/qr/0a039a30229a07fd
QR000902,BAT000902,DRG0002,Azithromycin 250mg,b52e9fbc8c44978de2b1a415a88170a7592359d1d9a3789d545188050b664724,v2,30-04-2025,Lupin Pharmaceuticals,25-01-2028,120,08-05-2026 20:04,PGIMER Chandigarh,Web,114,6,95.0,0x5dce971347760012d2ddcec3ba235d9721e9e0319c5bccf0c2f02008f30e7f,Active,No,https://verify.pharma.in/qr/b52e9fbc8c44978d
QR000903,BAT000903,DRG0003,Ciprofloxacin 500mg,2e76048b3f59160b85cf87fe0c8bbbe277d8cb2656fb4ede17bbdc5b8b036f2a,v2,05-02-2026,GlaxoSmithKline India,17-03-2028,272,16-04-2026 17:34,Civil Hospital Surat,Scanner,269,3,98.9,0x026773d76ef7be40f38e7e7fbbef3f5886412c96c0265bb4c43196f06f178c,Active,No,https://verify.pharma.in/qr/2e76048b3f59160b
QR000904,BAT000904,DRG0004,Metronidazole 400mg,4032510d82b0ddc8c621cc2a210bf2aa745bcdbfdb3e1c8f8e40855580c5a097,v2,02-06-2025,Sun Pharmaceutical Industries,14-10-2027,157,10-05-2026 22:54,PGIMER Chandigarh,Web,155,2,98.7,0xa9e4e662abf643795002b03acc476f24fdec63a5f778d0f07f0af4f5a62485,Active,No,https://verify.pharma.in/qr/4032510d82b0ddc8
QR000905,BAT000905,DRG0005,Ceftriaxone 1g Inj,1229c803e89276641bb6ac9bf1268c33c2a0d3a5070a841d8bd0160625f4f0ab,v2,27-01-2025,GlaxoSmithKline India,20-01-2030,367,17-04-2026 10:31,Yashoda Hospital Hyderabad,Kiosk,357,10,97.3,0x808dae3ed0444bc588799e9f1485610adf50af60d2d29a415851d462e2f058,Active,No,https://verify.pharma.in/qr/1229c803e8927664
QR000906,BAT000906,DRG0006,Paracetamol 500mg,94278a40a59bd44626e550512a267b8ff9276bfaf51d329a5c75c43f0a9ade87,v2,18-08-2025,Aurobindo Pharma,29-06-2026,18,21-04-2026 03:07,Ruby Hall Clinic Pune,Scanner,16,2,88.9,0x62984faa619ecc6feec25c7941e69785172e4b066933b9fb0eba66823b8827,Active,No,https://verify.pharma.in/qr/94278a40a59bd446
QR000907,BAT000907,DRG0007,Ibuprofen 400mg,f6d0f7ff0ed4e28b45bdcc2f715ea4e8847d4a74134774bbcc596c73700d8795,v2,16-08-2025,Zydus Cadila,05-07-2029,242,22-04-2026 10:16,KGMU Lucknow,Scanner,215,27,88.8,0x2f1b4ac677650601614215846c7bf8361afdc7c0fb20406451115808262c02,Active,No,https://verify.pharma.in/qr/f6d0f7ff0ed4e28b
QR000908,BAT000908,DRG0008,Tramadol 50mg,3b1ef1f25ddd6af68353394172df3f3df2f01cd4aec357be39e9d8380ddf918d,v2,11-09-2025,Dr Reddy's Laboratories,21-12-2026,350,16-05-2026 03:25,Apollo Hospital Mumbai,Mobile,346,4,98.9,0xb8fe10c3ae25c0f5ed7b4321924c21398e0e070153b5fec6ab13a1b9a5c0de,Active,No,https://verify.pharma.in/qr/3b1ef1f25ddd6af6
QR000909,BAT000909,DRG0009,Morphine 10mg Inj,6d4507a9870c9dbca9d1ff4314ed9fc972d65bcdae72ad5d9e694baa8b3d8bdc,v2,24-12-2025,Cipla Ltd,19-01-2030,59,04-05-2026 15:38,PGIMER Chandigarh,Mobile,58,1,98.3,0x88919601a4c6f35c20847d4d12e6ff63ea65c4f7d5025a2612e1ecd9df4d3f,Active,No,https://verify.pharma.in/qr/6d4507a9870c9dbc
QR000910,BAT000910,DRG0010,Diclofenac 50mg,05dd44ab8ec53bc8a1897fed5b38b5989ac5dfafd0955f0134fa9a258bece108,v2,05-06-2025,Cadila Healthcare,21-07-2026,3,08-05-2026 04:01,SCB Medical Bhubaneswar,Mobile,2,1,66.7,0x1b1f4fe2cf468c3af0ff0c27907c45d4e5959bd2cfb30f4ec29ebea6237490,Active,Yes,https://verify.pharma.in/qr/05dd44ab8ec53bc8
QR000911,BAT000911,DRG0011,Amlodipine 5mg,de7478151b62c5680c83627d4831390519138e99b49370a72444b03e03d5f7da,v2,03-03-2025,GlaxoSmithKline India,28-11-2029,42,29-04-2026 10:54,Yashoda Hospital Hyderabad,Web,38,4,90.5,0x502615f1f88424f894f9ae4a3a3410fb70e9628a1d86f27be40b2c4e686084,Active,No,https://verify.pharma.in/qr/de7478151b62c568
QR000912,BAT000912,DRG0012,Losartan 50mg,e9d8af049ff1a9318f8e6107e92445d385f8b7b6a199c6c238c04e3dcc5e37ee,v2,02-07-2025,IPCA Laboratories,19-03-2029,361,12-05-2026 02:33,SCB Medical Bhubaneswar,Scanner,340,21,94.2,0xd4a02c76c8515040daf79070e6cd58dde2aaa0ce9659ef12eab108b6374be9,Active,No,https://verify.pharma.in/qr/e9d8af049ff1a931
QR000913,BAT000913,DRG0013,Atenolol 50mg,12b818a259577325ece34e5e49cd102a891bfa7e96fbb4004d2030295b8ab6ed,v2,14-05-2026,AstraZeneca India,11-01-2027,199,28-04-2026 03:36,PGIMER Chandigarh,Web,189,10,95.0,0x89c69b6340670eb45d0f513ca03707920e62d5da8d85c98447068bb1e5ae03,Active,No,https://verify.pharma.in/qr/12b818a259577325
QR000914,BAT000914,DRG0014,Furosemide 40mg,af812eff425edcc579a59df0bdbc5094fee8adf1ada89e5a8d8136b930f34141,v2,10-12-2025,Pfizer India,15-06-2029,182,22-04-2026 13:08,AMRI Hospital Kolkata,Kiosk,162,20,89.0,0x7461ceb5e1161a1aec7f791f969918e63bf053caeb76b6d443d25b0b9cd160,Active,No,https://verify.pharma.in/qr/af812eff425edcc5
QR000915,BAT000915,DRG0015,Ramipril 5mg,6b8eee741bf0f15e582b439e9941a001c353ab89397c891a4baf7edfcd45b668,v2,07-01-2026,Cadila Healthcare,06-05-2030,89,09-05-2026 05:45,AMRI Hospital Kolkata,Web,83,6,93.3,0x94fc05c9c0cb3e2a17fabd86d678233e55a69c44b142f43d271eae575a6017,Active,No,https://verify.pharma.in/qr/6b8eee741bf0f15e
QR000916,BAT000916,DRG0016,Metformin 500mg,d78ed12883a870b3927241843fcd412580a0e27ec400a3e5d029d94e6ec48cf2,v2,18-01-2025,Sun Pharmaceutical Industries,23-08-2027,224,17-04-2026 02:32,KGMU Lucknow,Kiosk,199,25,88.8,0xd549017dbcd3a8aa8daade872d561ec59a654bf16d76478a47825066e84e6a,Active,No,https://verify.pharma.in/qr/d78ed12883a870b3
QR000917,BAT000917,DRG0017,Glimepiride 2mg,617696a9533d04516db4d7e663b7243234c0646564648e5b87f26ae86e3f6553,v2,25-02-2026,Serum Institute of India,21-08-2026,321,16-04-2026 10:13,KGMU Lucknow,Mobile,288,33,89.7,0x8ac93784f798ba6b075ac51f050274d22653c04840e75534d30b93c6d33581,Active,No,https://verify.pharma.in/qr/617696a9533d0451
QR000918,BAT000918,DRG0018,Insulin Glargine,0f9e8f3c82024fae5cb4ec9275cfa03f0d9924ab210a2c3076814d6ed6dc2183,v2,09-02-2025,Cadila Healthcare,29-08-2027,117,03-05-2026 01:52,Sterling Hospital Ahmedabad,Scanner,104,13,88.9,0x9d4a2ad63dd8b7fa4a5c314128de76e183593009d47bbc25fa5a2bb5314941,Active,No,https://verify.pharma.in/qr/0f9e8f3c82024fae
QR000919,BAT000919,DRG0019,Sitagliptin 100mg,6ed92525e4418c68fa5498cc7c5823b3e54f82c118cbd3acee59141a3020d876,v2,07-12-2025,Cadila Healthcare,25-03-2030,26,29-04-2026 21:28,KGMU Lucknow,Kiosk,24,2,92.3,0x38116415f6ab39070f87f53977450463d36f1f0b165a5be397a366412886b8,Active,No,https://verify.pharma.in/qr/6ed92525e4418c68
QR000920,BAT000920,DRG0020,Empagliflozin 10mg,2edb9f9eba43b21ab1c50491b7ec23ead894ddb45bd911017ca3c5cc79c880e5,v2,01-05-2025,Bharat Biotech,02-06-2027,426,24-04-2026 15:37,Sterling Hospital Ahmedabad,Scanner,373,53,87.6,0x3e70c2715972d98923803548b59d418af066be883dcefd37f261989e1744ed,Active,No,https://verify.pharma.in/qr/2edb9f9eba43b21a
QR000921,BAT000921,DRG0021,Atorvastatin 20mg,f2f4696e4c9430103d8d2be05767427d6d269db54bc5b701fe0e3126bb890dd9,v2,16-01-2025,Sun Pharmaceutical Industries,02-07-2029,372,06-05-2026 13:25,KGMU Lucknow,Scanner,319,53,85.8,0x97f123fa2f7d0dfcf43c2362de4ff02611b4619648f3e6361d840636df6b2e,Active,No,https://verify.pharma.in/qr/f2f4696e4c943010
QR000922,BAT000922,DRG0022,Clopidogrel 75mg,246b71ccf6a5513a64758597ebf3b31c6505e9df067b6a2815ea13132564db2e,v2,28-04-2026,Lupin Pharmaceuticals,06-06-2028,414,03-05-2026 18:35,Manipal Hospital Bengaluru,Web,384,30,92.8,0xabe3ca9be4ab786ed6e923d040f5fa6bc22ac6e6db0d8164c60bb835bc86cc,Active,No,https://verify.pharma.in/qr/246b71ccf6a5513a
QR000923,BAT000923,DRG0023,Aspirin 75mg,44cccaddbb620d71da4c51c92f80a3be47e480b6b39ba704b8eb839565c8dc79,v2,03-01-2026,Aurobindo Pharma,09-04-2028,410,27-04-2026 07:05,SCB Medical Bhubaneswar,Scanner,401,9,97.8,0x21431ef66e0dbd23fec474d5253079946f91254405aba42402be82acbd42d2,Active,No,https://verify.pharma.in/qr/44cccaddbb620d71
QR000924,BAT000924,DRG0024,Warfarin 5mg,cd7f8743fcc6c3cc77e66e5dc1b2c3c8b1355e21a54a14b9f78a572a9e2be556,v2,29-01-2026,Aurobindo Pharma,19-01-2029,357,17-04-2026 13:34,Medanta Hospital Gurugram,Scanner,317,40,88.8,0x001f1874cc554bc436bb3f4f32bafc59ce174a5306f9d50c0bffa0adbc155d,Active,No,https://verify.pharma.in/qr/cd7f8743fcc6c3cc
QR000925,BAT000925,DRG0025,Digoxin 0.25mg,9470cc2aa07d28126eb4599d9b7d34d028248d53af83d376983741511e706896,v2,16-05-2026,Sun Pharmaceutical Industries,14-08-2028,305,13-05-2026 01:03,Sterling Hospital Ahmedabad,Web,267,38,87.5,0xd56178c19f1fb6597c5a71bdbc78b600c96d1e62fd6f35ee25e56a6c58ee97,Active,No,https://verify.pharma.in/qr/9470cc2aa07d2812
QR000926,BAT000926,DRG0026,Salbutamol Inhaler,96d37678a6082ff574eccf9ab7c463f3302d2352fc1cb8ee8c926bf5015a191f,v2,21-09-2025,GlaxoSmithKline India,01-11-2029,312,09-05-2026 09:47,SMS Hospital Jaipur,Kiosk,306,6,98.1,0xa3d6de46cb6a98c5013b659bf2ca03e638ad9f9a44aae8eedda2a237a5efd8,Active,No,https://verify.pharma.in/qr/96d37678a6082ff5
QR000927,BAT000927,DRG0027,Budesonide Inhaler,90b1c1bed8a2df8201b9e4d4807c1478fc7fe9b4883e603778cef9124990d624,v2,05-07-2025,Wockhardt Ltd,13-04-2030,499,14-05-2026 05:15,MGM Hospital Chennai,Scanner,442,57,88.6,0x3d33f9a12de69e0a961429519036d66fed5a659d67d7d7489e5ee3b5592bff,Active,No,https://verify.pharma.in/qr/90b1c1bed8a2df82
QR000928,BAT000928,DRG0028,Montelukast 10mg,06dc16c949027d5a4968cdde334889ae12460119c0e2ec6a9d3293b38b4dd9f2,v2,21-04-2025,Sun Pharmaceutical Industries,11-03-2028,309,26-04-2026 14:46,KEM Hospital Pune,Mobile,273,36,88.3,0xef7d39642a9aa7181b9119d0ff8af94e7823fa83daaed8cca2bcc401151425,Active,No,https://verify.pharma.in/qr/06dc16c949027d5a
QR000929,BAT000929,DRG0029,Tiotropium Inhaler,80f54c3af56a54a71933112b298a7cf35f99be7d0e6ec7dbfb952b090a74644b,v2,08-11-2025,Lupin Pharmaceuticals,17-08-2027,310,22-04-2026 06:08,Sterling Hospital Ahmedabad,Mobile,264,46,85.2,0xcc6f99caec21100ca9a636a133d7ba0b2ae26de252e2a97a1019142da96392,Active,No,https://verify.pharma.in/qr/80f54c3af56a54a7
QR000930,BAT000930,DRG0030,Doxofylline 400mg,6329ae1567adc48847ee7efd148ddff321788531d7aaa7aafcbbdd77a5decb2f,v2,17-02-2025,AstraZeneca India,17-06-2029,104,07-05-2026 17:05,Medanta Hospital Gurugram,Mobile,95,9,91.3,0xd6003aa29a7acbfdafa776c92aa35c3d5a7a3daa2fa89a4dd39a2c05c2eff9,Active,No,https://verify.pharma.in/qr/6329ae1567adc488
QR000931,BAT000931,DRG0031,Omeprazole 20mg,323015ef7628a3f0ae02f5af1f1928f9c3d5d5b60f893d15f41253254d08de2e,v2,19-03-2025,Sun Pharmaceutical Industries,24-10-2026,457,11-05-2026 08:17,SCB Medical Bhubaneswar,Scanner,409,48,89.5,0xf067c51dfacb77e4a2536379ebe9b5bd3e9b72f7faa35a9fadbf38903edd12,Active,No,https://verify.pharma.in/qr/323015ef7628a3f0
QR000932,BAT000932,DRG0032,Pantoprazole 40mg,09f5c325e7e6157036bd729a0f77fa622ae5ba4fcf6d7b35894c10d6c28aa8c6,v2,30-10-2025,Zydus Cadila,14-11-2026,63,24-04-2026 16:45,Apollo Hospital Mumbai,Kiosk,56,7,88.9,0x2601bc99ed3ffc8c48d513e1b947da88216a6b07574e47181f37fa8fb1bbbd,Active,No,https://verify.pharma.in/qr/09f5c325e7e61570
QR000933,BAT000933,DRG0033,Ondansetron 4mg,b905b1efcf82c2d35802439ea11a6a95ac4fe11f14d91708535e35ad7ca992bc,v2,24-01-2025,AstraZeneca India,28-10-2026,252,10-05-2026 20:29,KGMU Lucknow,Mobile,226,26,89.7,0x9320c5d2542500fd9167e849562575b10b9a2994002d917ebc20cb64d435ea,Active,No,https://verify.pharma.in/qr/b905b1efcf82c2d3
QR000934,BAT000934,DRG0034,Domperidone 10mg,ae8caa96fd28649055d264d64d91970b41ac9a93e06b3662733f7917120aab5a,v2,17-04-2026,Sanofi India,11-06-2027,493,21-04-2026 01:31,Sterling Hospital Ahmedabad,Mobile,442,51,89.7,0x381120ab25c73049432716ebc2eef03e1b4ec1c00463d48e742245efab389a,Active,No,https://verify.pharma.in/qr/ae8caa96fd286490
QR000935,BAT000935,DRG0035,Metoclopramide 10mg,adc468a3fa11dfa9e0bb641dddfb8c631acbf7e40594008130eb465aa293897a,v2,01-04-2025,Dr Reddy's Laboratories,17-03-2030,448,22-04-2026 17:16,Sterling Hospital Ahmedabad,Scanner,398,50,88.8,0x9caab2a0c0a17f140e90872d04572a097a3dc36c7f4efb702759a3d3184437,Active,No,https://verify.pharma.in/qr/adc468a3fa11dfa9
QR000936,BAT000936,DRG0036,Oseltamivir 75mg,a4c72214ad3ebf146b8112cc324ef65e05b1063e92b645a5e8e50ae2d1ff0235,v2,09-07-2025,IPCA Laboratories,27-01-2027,85,04-05-2026 02:49,AIIMS Delhi,Web,82,3,96.5,0x96ea0be8cb3acc15071386c3cde892f735f31d6c9773d796441d585b5d39ab,Active,No,https://verify.pharma.in/qr/a4c72214ad3ebf14
QR000937,BAT000937,DRG0037,Acyclovir 400mg,a04286bedfff383d901ee141dd6384f7d92a1c2b32aab074d3ae02db82352325,v2,06-10-2025,AstraZeneca India,07-04-2030,93,15-04-2026 08:57,KGMU Lucknow,Kiosk,81,12,87.1,0x36225bccc0a89c287a3a05a6a1819929a58acc046ca4ed6f472eed84c270ec,Active,No,https://verify.pharma.in/qr/a04286bedfff383d
QR000938,BAT000938,DRG0038,Tenofovir 300mg,0d28a413a17765e13dc436174fe783db9932e02855f984c8d5718b58d39f0d81,v2,27-01-2025,Bharat Biotech,06-02-2028,104,06-05-2026 18:29,AIIMS Delhi,Scanner,101,3,97.1,0xb675210e956e0e087ba720709b9c0eba99497971ee8d1d638ab22208fc34d0,Active,No,https://verify.pharma.in/qr/0d28a413a17765e1
QR000939,BAT000939,DRG0039,Remdesivir 100mg Inj,8b0590f10e4f3dd9568173d2cec499a0985b241b3dfe3635eaacf1383b27e3f4,v2,09-03-2026,Pfizer India,15-08-2027,445,24-04-2026 23:50,Manipal Hospital Bengaluru,Web,417,28,93.7,0xf0cd78422c6baf8c857859d358b1d912804718e3f23d11f0ffcd4c7b6862e8,Active,No,https://verify.pharma.in/qr/8b0590f10e4f3dd9
QR000940,BAT000940,DRG0040,Valacyclovir 500mg,8e3c8834d66740b07340411abfc919528c4dcf40b1ba9a636e0aac0a24c07032,v2,13-05-2025,Zydus Cadila,16-11-2029,290,26-04-2026 22:19,AIIMS Delhi,Mobile,285,5,98.3,0x95bdd0572e7aadd4f1d92c77b22738dd9d6a8ddb8e80abc10cb846c524d81c,Active,No,https://verify.pharma.in/qr/8e3c8834d66740b0
QR000941,BAT000941,DRG0041,Fluconazole 150mg,edec5945b0409d939c56306df8f57d87ea9c00b567d570cdf9bb362dca9f9dc1,v2,19-07-2025,Torrent Pharmaceuticals,30-11-2028,15,05-05-2026 21:23,Manipal Hospital Bengaluru,Mobile,13,2,86.7,0x4e61150a39ac090b8868772bfe33765405adbb8b5a9030057001a4e9d40e8b,Active,No,https://verify.pharma.in/qr/edec5945b0409d93
QR000942,BAT000942,DRG0042,Itraconazole 100mg,d7aae14ed5746924cdf038d5b7e17f68d80d4d15d7ba4d609b5dae7d85f266db,v2,24-02-2026,Pfizer India,17-08-2027,409,27-04-2026 04:51,Manipal Hospital Bengaluru,Scanner,369,40,90.2,0x5c56b97708ed0c228ccd9f89b358e01e174de814e876396fed8aff42333954,Active,No,https://verify.pharma.in/qr/d7aae14ed5746924
QR000943,BAT000943,DRG0043,Amphotericin B Inj,661fe95cc999fb71310f6f2e259ef101ad56663233ca255fed2fc1af5365c1b6,v2,20-05-2025,Serum Institute of India,16-08-2027,397,29-04-2026 03:29,Yashoda Hospital Hyderabad,Kiosk,339,58,85.4,0x95957673de5d1f6d61dd1ff779e3b22e58d9ce0d5e97fb9ec0675dad70151f,Active,No,https://verify.pharma.in/qr/661fe95cc999fb71
QR000944,BAT000944,DRG0044,Voriconazole 200mg,83364095f54d6f0fbbf3f0dc49d56ab9cfb35c93979f9ca013f5e67397d005c1,v2,13-11-2025,Torrent Pharmaceuticals,24-04-2030,28,07-05-2026 10:23,SMS Hospital Jaipur,Scanner,24,4,85.7,0xa8c9718d6482164f3e0bd3567b337db69d7d2a5e0f38e0d3aed7da4ff93665,Active,No,https://verify.pharma.in/qr/83364095f54d6f0f
QR000945,BAT000945,DRG0045,Terbinafine 250mg,719efb0d42f7534e0997a6a090f2e30340dd55737ecdf6960357e19e8061c8b5,v2,13-03-2026,GlaxoSmithKline India,18-05-2029,264,29-04-2026 18:11,AMRI Hospital Kolkata,Web,231,33,87.5,0x4c21fae0dd1cc47970503a84fd0cf6d7291d963c5f8f49b27eec6c5e480f1a,Active,No,https://verify.pharma.in/qr/719efb0d42f7534e
QR000946,BAT000946,DRG0046,BCG Vaccine,8576e6c16d4b87862a98f41388f803a9a2dedfa52b5afd109967455ebe68470d,v2,21-02-2025,Aurobindo Pharma,04-01-2027,94,06-05-2026 08:12,Sterling Hospital Ahmedabad,Scanner,90,4,95.7,0xbb15cb0dd4f5946b6e37b0cb97442436f316f716c548c2cdae48e0db14b878,Active,No,https://verify.pharma.in/qr/8576e6c16d4b8786
QR000947,BAT000947,DRG0047,Hepatitis B Vaccine,aca831504a66e58808b431905f07b1064e5d6b3f9d682ff77b0ec52dd51f6492,v2,12-03-2025,Serum Institute of India,23-10-2029,221,30-04-2026 23:46,Ruby Hall Clinic Pune,Mobile,190,31,86.0,0xc8cde1e86185c8b07e5292feeef014a03e9fe1629e6b9c8cb7b8886ba362c5,Active,No,https://verify.pharma.in/qr/aca831504a66e588
QR000948,BAT000948,DRG0048,MMR Vaccine,f071451437ed3bfa5b74960064297772e7e038615c6e038a615aded729b5d7f9,v2,04-01-2026,GlaxoSmithKline India,23-01-2027,273,04-05-2026 16:50,Sterling Hospital Ahmedabad,Kiosk,261,12,95.6,0x8b6ae72949fe5ae8cfba044d78285bb655ee56570059768dc3efb2e90937cc,Active,No,https://verify.pharma.in/qr/f071451437ed3bfa
QR000949,BAT000949,DRG0049,COVID-19 mRNA Vaccine,f685c2f4a2a3ae5c83f91ece864fe4d9187e687f8ff027379d64ee8eb1a4d609,v2,20-11-2025,Pfizer India,21-05-2029,149,28-04-2026 23:03,Civil Hospital Surat,Mobile,129,20,86.6,0xe9b3f533fd2fc8c245ac1a96f964fc167513dbdd8c9dd935728cd91f8c82b5,Active,No,https://verify.pharma.in/qr/f685c2f4a2a3ae5c
QR000950,BAT000950,DRG0050,Influenza Vaccine,e4386cd705a897a4cffd0cad02ead35144a0bef8d2e5d334b5be329628dd890a,v2,03-05-2026,Sun Pharmaceutical Industries,29-05-2028,430,06-05-2026 17:13,SMS Hospital Jaipur,Scanner,367,63,85.3,0x84be2630f7b421880ab3f4ff4b1237caf3f8a0b07225536271e68f99983665,Active,No,https://verify.pharma.in/qr/e4386cd705a897a4
QR000951,BAT000951,DRG0051,Sertraline 50mg,a45efc2d1a0a2836cd1f692f14bb44d83d922016b3377a99077cfaedba902e4a,v2,16-03-2026,Biological E Ltd,03-01-2030,109,28-04-2026 11:42,Manipal Hospital Bengaluru,Scanner,106,3,97.2,0x4e69a361598f07963573f073d5ff116b6b1fc3ab60e5156a8d8dd817be554e,Active,No,https://verify.pharma.in/qr/a45efc2d1a0a2836
QR000952,BAT000952,DRG0052,Escitalopram 10mg,b8e96ad812180736257f69a37d2ca1b26a771ab8d3fc7bb2e9f1beca77f45230,v2,05-03-2025,Serum Institute of India,20-07-2026,486,01-05-2026 14:56,PGIMER Chandigarh,Mobile,455,31,93.6,0xad0680b227ade8a4710f979ab35f127565bd1d585a6212fe5aa325dbe7e306,Active,No,https://verify.pharma.in/qr/b8e96ad812180736
QR000953,BAT000953,DRG0053,Olanzapine 10mg,321df942e0c478ff5c877f2f234959f808fef0fb9e5a2a914a615d6b97daa39b,v2,02-07-2025,Abbott Healthcare India,09-02-2029,17,07-05-2026 06:45,Apollo Hospital Mumbai,Mobile,15,2,88.2,0xffa06405e17c05219192b77658986a273ade640f7efed79cd459f540f9f532,Active,No,https://verify.pharma.in/qr/321df942e0c478ff
QR000954,BAT000954,DRG0054,Risperidone 2mg,551fa1734850cad29c0a2e8ef50787a99e527a79e6c25da61874f8fb8f316670,v2,21-04-2025,IPCA Laboratories,05-07-2027,194,28-04-2026 01:00,KEM Hospital Pune,Web,182,12,93.8,0xfa6f55c4e13cc409390498c5d25b764f1d4e971374a64eb50dfecb7f3a2362,Active,No,https://verify.pharma.in/qr/551fa1734850cad2
QR000955,BAT000955,DRG0055,Diazepam 5mg,ed5252761d2794aa0271151ac4c85a1c3517a354a2a45531115f8277687a66f8,v2,17-03-2025,Serum Institute of India,16-11-2027,470,26-04-2026 21:39,PGIMER Chandigarh,Scanner,452,18,96.2,0x04d3a698e9e386351ead86a26d5b760a537f3b317f660e3e08420876db77cd,Active,No,https://verify.pharma.in/qr/ed5252761d2794aa
QR000956,BAT000956,DRG0056,Levetiracetam 500mg,0cf843c4216ef67275a2be64d8632a46e29b2e6870098b7b3d456c6846d78d27,v2,14-07-2025,Wockhardt Ltd,07-11-2026,210,16-05-2026 02:12,AMRI Hospital Kolkata,Web,179,31,85.2,0xe93b47217f3814d9682d008bf9c8b18fb2e2e60e209cc9adc2f744a26fb356,Active,No,https://verify.pharma.in/qr/0cf843c4216ef672
QR000957,BAT000957,DRG0057,Carbamazepine 200mg,f4509816f7161e53640c70a38ff398341c36d0b890a17a78ab18484c3fdf8d20,v2,14-02-2025,Aurobindo Pharma,29-04-2030,14,22-04-2026 11:42,Sterling Hospital Ahmedabad,Mobile,12,2,85.7,0x6df57f086625858f15cec9d5265500993a68337d1ab73ba6cc8048023d9f44,Active,No,https://verify.pharma.in/qr/f4509816f7161e53
QR000958,BAT000958,DRG0058,Pregabalin 75mg,fac8cac56bb6fc0e041a74bee5d98d135a98156168a432986044a458a19a39c1,v2,28-11-2025,Zydus Cadila,15-09-2028,287,16-04-2026 20:05,MGM Hospital Chennai,Scanner,285,2,99.3,0x3b4c6b5ccfef164af468f1b8c47adb967bf6e5a26d4d617876034494f5ba51,Active,No,https://verify.pharma.in/qr/fac8cac56bb6fc0e
QR000959,BAT000959,DRG0059,Donepezil 10mg,23869d38a0ab66aaa13d794195f781815c5aa93dc9f40256c1b6d2b2b40504c2,v2,05-04-2025,Wockhardt Ltd,22-09-2027,419,03-05-2026 05:47,Manipal Hospital Bengaluru,Kiosk,391,28,93.3,0x9deb4f07b0302a7e7a9b4371d63f99ba5813457dd578d60691e7f9b2c9e617,Active,No,https://verify.pharma.in/qr/23869d38a0ab66aa
QR000960,BAT000960,DRG0060,Valproate 500mg,08053e2cac6d0b75bcb3e13ec18178b3193e9abb5c05d1ead7271a3056e996e3,v2,26-10-2025,Zydus Cadila,20-04-2030,134,11-05-2026 22:05,Yashoda Hospital Hyderabad,Web,122,12,91.0,0xf56eca9f1b4ab970c829a4bc5723696045662800b57a0bbd28db245d819b65,Active,No,https://verify.pharma.in/qr/08053e2cac6d0b75
QR000961,BAT000961,DRG0061,Levothyroxine 50mcg,2657bfa464022a309ebd619241b41c70eb48c880eeebf1d7643e359ac10734c7,v2,14-02-2026,Serum Institute of India,21-03-2027,56,06-05-2026 19:16,SMS Hospital Jaipur,Mobile,55,1,98.2,0x3cb8ee2244243d95c5e509ed0f3bb6b4c246eb962ba7a5c96cfa47e6ac1eb1,Active,No,https://verify.pharma.in/qr/2657bfa464022a30
QR000962,BAT000962,DRG0062,Prednisolone 10mg,8349b659ba61539e6970f9f2757cb3a63443ca9f6a30ed059021cddf5af2b2e3,v2,06-03-2026,Serum Institute of India,27-03-2027,149,13-05-2026 21:33,AIIMS Delhi,Kiosk,134,15,89.9,0x8005d2e9c575baa64ef887fd3f7e8a501e86f96b14ade16c2b6eacbf1665fa,Active,No,https://verify.pharma.in/qr/8349b659ba61539e
QR000963,BAT000963,DRG0063,Dexamethasone 4mg Inj,f7156f76756718a0582611fa4eab41d3aa017975416026a427d9fe6fad879b38,v2,25-03-2025,Torrent Pharmaceuticals,18-05-2028,164,24-04-2026 20:15,Yashoda Hospital Hyderabad,Kiosk,149,15,90.9,0xe471c5b4a9bfa4c089ae40a91260fa2963a8cbb21bacfe82056d761404cd5f,Active,No,https://verify.pharma.in/qr/f7156f76756718a0
QR000964,BAT000964,DRG0064,Hydrocortisone 100mg Inj,90e97fa63c71bceae5e56fc89905162e1dd6f481bb4720028a3e1972ab7a58a9,v2,11-02-2025,AstraZeneca India,03-08-2028,178,29-04-2026 03:43,Medanta Hospital Gurugram,Web,164,14,92.1,0x20c3e4d68c6d7e5dfb2140f7650b7498146bcc270088121885df4c0397e9d6,Active,No,https://verify.pharma.in/qr/90e97fa63c71bcea
QR000965,BAT000965,DRG0065,Insulin NPH,e6b95924cdbf097cb18bef71456d390a675bef49b56c644bdba11370b82d9d0f,v2,27-05-2025,Cipla Ltd,25-10-2029,164,04-05-2026 01:54,Medanta Hospital Gurugram,Web,152,12,92.7,0x8e76cc968ca2c88c11b86d78f8ad90f7b7a127dab208242375ca8ff8891b74,Active,No,https://verify.pharma.in/qr/e6b95924cdbf097c
QR000966,BAT000966,DRG0066,Methotrexate 2.5mg,0bad41694d35f2e52e6b24150f9c75b3bc3705118c24131fe26fc809a36e5b7f,v2,13-05-2025,Bharat Biotech,10-03-2030,373,28-04-2026 11:25,Civil Hospital Surat,Mobile,325,48,87.1,0xbbff7ceec61f4eca1990fc30b10229331c6750af2a423f84ed177d8a951c45,Active,No,https://verify.pharma.in/qr/0bad41694d35f2e5
QR000967,BAT000967,DRG0067,Imatinib 400mg,9996e9e19da495cc17fae1a42d6cb05d19f7d4e939671a5cc12e15f78e51d444,v2,10-11-2025,Biological E Ltd,13-02-2029,77,22-04-2026 14:39,PGIMER Chandigarh,Web,74,3,96.1,0x359c02287cee67aec0e09d621ee003f8df7fbaea826895abca449c1a706d0c,Active,No,https://verify.pharma.in/qr/9996e9e19da495cc
QR000968,BAT000968,DRG0068,Paclitaxel Inj,f58d72bab823bebb178118a2d522a8dc3926971651ba97bcd6b6adad9f86b35e,v2,14-03-2025,Zydus Cadila,27-03-2028,190,14-05-2026 13:42,Manipal Hospital Bengaluru,Kiosk,176,14,92.6,0x4bdcbf735c1ba5e1b4f0cc80a4299fe52f89c3efdc880316444e22019c88a4,Active,No,https://verify.pharma.in/qr/f58d72bab823bebb
QR000969,BAT000969,DRG0069,Cisplatin Inj,f2ec8b2081694f858931e407f4a6f3eb103705e357b433ff1161981b2133b8ac,v2,07-03-2025,Cipla Ltd,07-02-2030,273,25-04-2026 01:42,MGM Hospital Chennai,Mobile,271,2,99.3,0x58529b7a81c4a3b200a20cbee707c43eec725f4665c471cf9882bcb2bc39d0,Active,No,https://verify.pharma.in/qr/f2ec8b2081694f85
QR000970,BAT000970,DRG0070,Capecitabine 500mg,47704f8f660474004593904201cafaa70a5a001cee204ef6f12a3270dbafb385,v2,05-02-2026,Lupin Pharmaceuticals,14-09-2028,263,01-05-2026 01:33,SCB Medical Bhubaneswar,Web,253,10,96.2,0xc26d7fe11332d4af0935b53e3b06e38cbfce67f827cbf8b22bba9bb71334b7,Active,No,https://verify.pharma.in/qr/47704f8f66047400
QR000971,BAT000971,DRG0071,Vitamin D3 60000IU,2aa1fe77030f41be1200773741697dfd525c74bda5669969fc6c79df11de1914,v2,20-12-2025,Serum Institute of India,02-09-2027,464,04-05-2026 18:46,PGIMER Chandigarh,Mobile,406,58,87.5,0x23aa250e4808f9b488be8098a7c3295afbefb5093acfbf0839ec6a86ab70d5,Active,No,https://verify.pharma.in/qr/2aa1fe77030f41be
QR000972,BAT000972,DRG0072,Vitamin B12 1mg Inj,e2d927767ae168a8c169acfdc8660ca954cc2a441c4a4c79aad63f2806c44487,v2,04-10-2025,Cipla Ltd,09-04-2030,192,30-04-2026 19:28,Medanta Hospital Gurugram,Scanner,190,2,99.0,0x0f017d7e158e390d9bfe9af094b709d5c4e85bcf03b6024898a244876e1bb2,Active,No,https://verify.pharma.in/qr/e2d927767ae168a8
QR000973,BAT000973,DRG0073,Folic Acid 5mg,fb6c20ea237e0374434e43fe34aeda8a41a970fa3ff325569bbb4a5ecc3435ab,v2,14-01-2026,Novartis India,03-09-2029,56,20-04-2026 18:16,Ruby Hall Clinic Pune,Web,48,8,85.7,0x272d9449e145d3c53c65d99ad5b35a12b8da24313cc67536faab099c57ced2,Active,No,https://verify.pharma.in/qr/fb6c20ea237e0374
QR000974,BAT000974,DRG0074,Iron 100mg Tablet,0958c194ff7313dc97444dcba5a7fba8cce066d70bc5019248354b095494ad24,v2,30-10-2025,Biological E Ltd,17-09-2028,179,09-05-2026 10:47,KEM Hospital Pune,Mobile,161,18,89.9,0xbde96e6100615108dc38260f57336c79aac2edfcb38d8ec5c55462f899fe83,Active,No,https://verify.pharma.in/qr/0958c194ff7313dc
QR000975,BAT000975,DRG0075,Calcium + Vit D3,8749e1ec467bf0f65361cc267eed5bb032347db16e883e30cf8ee079a71e6e5d,v2,27-01-2025,GlaxoSmithKline India,17-03-2028,316,02-05-2026 04:56,SMS Hospital Jaipur,Scanner,293,23,92.7,0xfabf9265a5199e3ff03a6c7600994dbab873478b1286697787ad586ba7f805,Active,No,https://verify.pharma.in/qr/8749e1ec467bf0f6
QR000976,BAT000976,DRG0076,Hydroxychloroquine 200mg,2b594d6a0df9b55e716c41a7d631e9ae48bb101e6c793b924e49996d55c8d802,v2,18-08-2025,Biological E Ltd,30-11-2027,428,14-05-2026 01:38,SCB Medical Bhubaneswar,Mobile,423,5,98.8,0x9cef082606bdf2f1648d7fbc80f8f044e01afdbc0af494261c1ff90ea4c5f3,Active,No,https://verify.pharma.in/qr/2b594d6a0df9b55e
QR000977,BAT000977,DRG0077,Adalimumab 40mg Inj,7058bc38dcd0f0e436bb7c09a6661f8cec3105389b815a283eba97cfafa70435,v2,27-03-2025,Sun Pharmaceutical Industries,22-10-2028,21,10-05-2026 06:37,KGMU Lucknow,Kiosk,20,1,95.2,0x1b579b47cccf40c600831a97e2db97889348e95d06ede775b0205885b442c4,Active,No,https://verify.pharma.in/qr/7058bc38dcd0f0e4
QR000978,BAT000978,DRG0078,Tacrolimus 1mg,aecaed9c4887b90e33eca86fe62c065b5307b1abe296a2e91246da6afc5f68ac,v2,09-10-2025,Serum Institute of India,16-09-2028,440,16-04-2026 09:40,Apollo Hospital Mumbai,Kiosk,423,17,96.1,0xeda0c0481fb3d2efd3dd17be3d0d07222e6684d79e6b601eb89a6021c939bc,Active,No,https://verify.pharma.in/qr/aecaed9c4887b90e
QR000979,BAT000979,DRG0079,Azathioprine 50mg,ec772143c71589a46d94337adcceafff10e803b5091734b69c064afdd4a1355f,v2,19-04-2025,Aurobindo Pharma,04-08-2026,70,30-04-2026 20:26,Civil Hospital Surat,Mobile,66,4,94.3,0xd348f9315f4a4e2864c550b2711fd9cf2e3782d619f28ee3acd3e4e57d8857,Active,No,https://verify.pharma.in/qr/ec772143c71589a4
QR000980,BAT000980,DRG0080,Mycophenolate 500mg,121468be51d1deaaab9adc8adac8a11d1342d772fb842a9b8aedbe54b8cb526d,v2,17-02-2025,Sun Pharmaceutical Industries,26-12-2027,38,19-04-2026 22:36,SMS Hospital Jaipur,Scanner,33,5,86.8,0xb8cd2c02fec395600e74f9f7e8814fe280cc842a3dcffc9928d1b101dbe138,Active,No,https://verify.pharma.in/qr/121468be51d1deaa
QR000981,BAT000981,DRG0081,Albendazole 400mg,9891fbaaa8a7632212f67231b2638003288db0dc2e18f7805f0d843378bcdd09,v2,01-05-2026,Sun Pharmaceutical Industries,05-12-2028,136,26-04-2026 12:27,Apollo Hospital Mumbai,Scanner,125,11,91.9,0xb1d068303d281252a786a87edfbcda736737618e7063e38eacd28cb87a5b86,Active,No,https://verify.pharma.in/qr/9891fbaaa8a76322
QR000982,BAT000982,DRG0082,Ivermectin 3mg,7008499cf716687e76410615d2db539814324fa9f630496d2bf45bc66b68ad3b,v2,11-12-2025,Alkem Laboratories,21-08-2028,17,15-04-2026 22:29,KGMU Lucknow,Scanner,15,2,88.2,0xb60f616aa619cc1fd79f1925547e9ab0373b76a18efa3109032f134a4bcd32,Active,No,https://verify.pharma.in/qr/7008499cf716687e
QR000983,BAT000983,DRG0083,Artemether-Lumefantrine,d3b84dcc1c74f99be3b59eb069914ca35291ccee47389947d3539b7d624cba81,v2,09-01-2026,Biological E Ltd,29-11-2029,401,17-04-2026 16:29,Ruby Hall Clinic Pune,Kiosk,395,6,98.5,0x3d447656304e0a8b20d4acb7f8a1647e3c948b9258459d3fd31ef390d20396,Active,No,https://verify.pharma.in/qr/d3b84dcc1c74f99b
QR000984,BAT000984,DRG0084,Chloroquine 250mg,8691d7866973fb6e3885aa64aa2374d4ca9e0dc5f1887c2836c67cd285e4468f,v2,20-03-2025,Wockhardt Ltd,15-04-2027,28,19-04-2026 11:46,KEM Hospital Pune,Kiosk,25,3,89.3,0x5a635c1fdc5237e95ada89536228199a09553a9e33700da56b8962e732ac03,Active,No,https://verify.pharma.in/qr/8691d7866973fb6e
QR000985,BAT000985,DRG0085,Primaquine 15mg,7a22e3a4fa23a44f7eb3422788c295d073bac603bda8493cc64e54a3304ec0a8,v2,08-10-2025,Biological E Ltd,29-07-2028,106,23-04-2026 07:43,Yashoda Hospital Hyderabad,Mobile,96,10,90.6,0x224f17bcf9ab61c8f4fb13b7c302761c1fcce686ea55ccc8d5a1584cfc85ec,Active,No,https://verify.pharma.in/qr/7a22e3a4fa23a44f
QR000986,BAT000986,DRG0086,Adrenaline 1mg Inj,9b4c3d23b99529519f5d7cb32e9d94d39a4831e2845e51efb872d6ddfe40a808,v2,10-05-2025,Lupin Pharmaceuticals,13-08-2026,474,27-04-2026 09:28,AMRI Hospital Kolkata,Mobile,456,18,96.2,0x3b705ff37ebbc163e78a47ecf46e6cd1a4fd60fd67fab6651a3f39180ae9a2,Active,No,https://verify.pharma.in/qr/9b4c3d23b9952951
QR000987,BAT000987,DRG0087,Dopamine 200mg Inj,1391f0fa3c200a5ffcb0660414123d8125ce69ec39bc477c868f692f73edb7d8,v2,08-03-2025,Pfizer India,30-01-2030,456,16-04-2026 12:56,KEM Hospital Pune,Scanner,407,49,89.3,0x79fa4dcf6c6f5f22cff3cbf5030907f2d0e80fbbdf30a4167092c99288d10a,Active,No,https://verify.pharma.in/qr/1391f0fa3c200a5f
QR000988,BAT000988,DRG0088,Heparin 5000IU Inj,d4dc2f87bef05f0a56d5bdba5102a87027c787f70173481d8a291e9b6266bbb0,v2,17-12-2025,Cadila Healthcare,05-02-2027,68,29-04-2026 23:10,KEM Hospital Pune,Mobile,60,8,88.2,0x7e3615ccd97450979c0182d58c4a5f7669ce664e41650ef298991680ad22b5,Active,No,https://verify.pharma.in/qr/d4dc2f87bef05f0a
QR000989,BAT000989,DRG0089,Naloxone 0.4mg Inj,42cc3214daf832802923ce3dc3364b4a81f332231fab7da9ab0c204b3e4e5394,v2,18-12-2025,Sanofi India,01-02-2027,297,10-05-2026 12:36,AIIMS Delhi,Mobile,287,10,96.6,0xd9ec8bdeec89bba98c15c43d320bb10935a5cf0134a0fe76c6cd97de3368ab,Active,No,https://verify.pharma.in/qr/42cc3214daf83280
QR000990,BAT000990,DRG0090,Alteplase 50mg Inj,0e895e9f928bff1d6007d599318b43a8d68b7240e82cdc702827975b5aabf67c,v2,21-02-2025,Abbott Healthcare India,18-01-2028,339,05-05-2026 16:36,SMS Hospital Jaipur,Kiosk,311,28,91.7,0xc71d0d9e06da2b7e188490f76bfacdcf23217d8966142b73fd58eed8fedeb5,Active,No,https://verify.pharma.in/qr/0e895e9f928bff1d
QR000991,BAT000991,DRG0091,Betamethasone Cream,6b0d4b1fc749e2835df551bebb2a26adb4c33e97b5e9e88387aa8a4dd9eee1ec,v2,27-04-2026,Dr Reddy's Laboratories,10-12-2026,464,27-04-2026 13:13,Civil Hospital Surat,Mobile,406,58,87.5,0xb7d6bb6562870f3503c65346ac335fa06094c82f03e8985328f1ee15fd864b,Active,No,https://verify.pharma.in/qr/6b0d4b1fc749e283
QR000992,BAT000992,DRG0092,Isotretinoin 20mg,8767c1750a86ec260ef3a70173a173e20fde16a570c636311a5e11f48953eb8f,v2,11-03-2026,Alkem Laboratories,13-12-2028,242,19-04-2026 02:58,Apollo Hospital Mumbai,Scanner,234,8,96.7,0x7edd55e2086526ab0a0f7c738556651469afd62b603d66e465cdb3854e362e,Active,No,https://verify.pharma.in/qr/8767c1750a86ec26
QR000993,BAT000993,DRG0093,Acitretin 10mg,71ec42fa88815ac5241bdabc0e77594b216a9717f85373eeb04a72be62e71eef,v2,21-04-2025,Wockhardt Ltd,15-12-2027,294,23-04-2026 16:35,Apollo Hospital Mumbai,Scanner,281,13,95.6,0x6f99a52596e231bf61b7246cb1e1a614c7bfea1cf0a836b0935c74b442cd71,Active,No,https://verify.pharma.in/qr/71ec42fa88815ac5
QR000994,BAT000994,DRG0094,Clotrimazole Cream,52c92692c3d5a21a875b573455424de9fd3cf5beac3b6348bd168cb1ea973fbc,v2,31-07-2025,Novartis India,31-03-2027,462,07-05-2026 20:25,Sterling Hospital Ahmedabad,Mobile,406,56,87.9,0x7d779c9cce2b7caca286d1c766b6b8e7aa662a2859d833776607fb73fd332d,Active,No,https://verify.pharma.in/qr/52c92692c3d5a21a
QR000995,BAT000995,DRG0095,Silver Sulfadiazine Cream,86796d43c1608829f618157fb547351cab7cd2e1f1ecbfbf0dc79876bf090614,v2,23-04-2026,Aurobindo Pharma,15-11-2028,263,30-04-2026 09:10,Ruby Hall Clinic Pune,Kiosk,259,4,98.5,0x1102bfef98a610cd8e6e16fdb072ae404c748ebb413b07e7143ddf37553e13,Active,No,https://verify.pharma.in/qr/86796d43c1608829
QR000996,BAT000996,DRG0096,Latanoprost Eye Drops,a60815e7b89b5fd12202a5521d87ed78676b802a143be4ffccaa0f80894e1877,v2,01-01-2026,Novartis India,10-12-2027,23,06-05-2026 17:16,MGM Hospital Chennai,Web,21,2,91.3,0xb37a95e4e228a75c77ef80fe79db62161342728a184ff03dd22c7bcacfdbf9,Active,No,https://verify.pharma.in/qr/a60815e7b89b5fd1
QR000997,BAT000997,DRG0097,Ciprofloxacin Eye Drops,ee4a7d66c692ecf02a7b87b1d53cc9b665b6bfa177c11fab4d92e068ce9d4d3f,v2,08-01-2026,Wockhardt Ltd,03-02-2028,428,25-04-2026 05:01,SMS Hospital Jaipur,Kiosk,369,59,86.2,0x00b198396f00348c5c7bd2026e7496a609b514320e7ed141c4885c178e4c44,Active,No,https://verify.pharma.in/qr/ee4a7d66c692ecf0
QR000998,BAT000998,DRG0098,Moxifloxacin Eye Drops,90aae817425806666d624c63f7384573b486c7ccf399d46ea70c6bc492185ffd,v2,15-04-2025,Zydus Cadila,23-08-2027,127,23-04-2026 20:53,AIIMS Delhi,Kiosk,124,3,97.6,0x36898cab809ad79f4e4b9bfc5e59ffb8497cff0357be6084a17c22bac45d39,Active,No,https://verify.pharma.in/qr/90aae81742580666
QR000999,BAT000999,DRG0099,Timolol Eye Drops,d3874f80648ab90eccf41d0145041e18de286d532934df726559b5b5227c1357,v2,14-01-2025,Dr Reddy's Laboratories,12-09-2026,216,21-04-2026 12:48,AIIMS Delhi,Scanner,212,4,98.1,0x9396a782ce5b7927af5950dfcc809d47c2659bf5c1667e732e396890c46f28,Active,No,https://verify.pharma.in/qr/d3874f80648ab90e
QR001000,BAT001000,DRG0100,Artificial Tears,f22c6a66a92055f5970182c108955f4aa92bcd11739cc577a2e3c785598b6bd3,v2,23-10-2025,IPCA Laboratories,20-07-2028,365,18-04-2026 00:07,PGIMER Chandigarh,Web,317,48,86.8,0xa9e2356ef4d19a3e01bd9577f0f7cdec73ed4ac6e721b1edbfe01b938261c7,Active,No,https://verify.pharma.in/qr/f22c6a66a92055f5
