Shipment_ID,Batch_ID,Drug_ID,Drug_Name,Supplier_ID,Origin_Hub,Destination_Hub,Current_Latitude,Current_Longitude,Internal_Temperature_C,Temperature_Alert,Humidity_Level_pct,Humidity_Alert,Vibration_Alert,GPS_Speed_kmh,Battery_Level_pct,Signal_Strength_dBm,Timestamp,Transit_Status,Expected_Delivery,SLA_Breach
SHP000001,BAT000001,DRG0001,Amoxicillin 250mg,SUP004,Ahmedabad Hub,Jaipur Depot,23.453494,72.931085,26.7,Normal,47.6,Normal,ALERT: Severe,53.6,38,-76,2026-05-15 15:10:36,At Checkpoint,2026-05-24,On Track
SHP000002,BAT000002,DRG0002,Amoxicillin 500mg,SUP015,Chennai Port,Jaipur Depot,23.282638,76.980661,25.0,Normal,58.3,Normal,Normal,79.6,96,-107,2026-05-15 20:18:36,In Transit,2026-05-23,On Track
SHP000003,BAT000003,DRG0003,Amoxicillin-Clavulanate 625mg,SUP013,Lucknow Store,Bengaluru Pharma Hub,15.186624,78.173175,21.0,Normal,42.8,Normal,Normal,77.6,96,-76,2026-05-15 17:44:36,Delayed,2026-05-20,Breached
SHP000004,BAT000004,DRG0004,Azithromycin 250mg,SUP012,Bengaluru Pharma Hub,Hyderabad Depot,16.656837,78.345747,20.8,Normal,61.2,Normal,Normal,13.6,34,-69,2026-05-15 08:14:36,At Checkpoint,2026-05-23,On Track
SHP000005,BAT000005,DRG0005,Azithromycin 500mg,SUP002,Mumbai Warehouse,Kolkata Cold Chain,22.258411,87.162396,20.1,Normal,77.7,High Humidity Alert,Normal,64.1,91,-51,2026-05-15 23:30:36,In Transit,2026-05-18,On Track
SHP000006,BAT000006,DRG0006,Ciprofloxacin 250mg,SUP019,Delhi Cold Hub,Mumbai Warehouse,20.78042,73.646733,18.2,Normal,68.0,Normal,Normal,41.5,68,-103,2026-05-16 05:12:36,In Transit,2026-05-24,On Track
SHP000007,BAT000007,DRG0007,Ciprofloxacin 500mg,SUP009,Lucknow Store,Jaipur Depot,26.924788,76.223818,33.3,CRITICAL TEMP EXCURSION,75.0,Normal,Normal,33.5,31,-92,2026-05-16 04:38:36,Delayed,2026-05-19,On Track
SHP000008,BAT000008,DRG0008,Ciprofloxacin 750mg,SUP010,Chennai Port,Pune Distribution,16.630644,76.060903,18.6,Normal,56.5,Normal,Normal,70.5,90,-69,2026-05-16 02:01:36,In Transit,2026-05-21,On Track
SHP000009,BAT000009,DRG0009,Doxycycline 100mg,SUP019,Chennai Port,Kolkata Cold Chain,21.313188,87.315487,18.4,Normal,40.9,Normal,Normal,41.1,71,-52,2026-05-16 00:31:36,In Transit,2026-05-21,On Track
SHP000010,BAT000010,DRG0010,Levofloxacin 250mg,SUP010,Chennai Port,Pune Distribution,18.270925,74.155139,30.1,CRITICAL TEMP EXCURSION,67.9,Normal,Normal,39.0,69,-83,2026-05-15 21:34:36,In Transit,2026-05-17,On Track
SHP000011,BAT000011,DRG0011,Levofloxacin 500mg,SUP017,Mumbai Warehouse,Kolkata Cold Chain,22.259284,87.023879,35.0,CRITICAL TEMP EXCURSION,84.6,High Humidity Alert,Normal,88.8,20,-59,2026-05-15 15:29:36,At Checkpoint,2026-05-21,On Track
SHP000012,BAT000012,DRG0012,Meropenem 500mg Injection,SUP002,Delhi Cold Hub,Kolkata Cold Chain,24.946065,84.068579,4.8,Normal,58.8,Normal,Normal,33.1,91,-62,2026-05-16 00:06:36,Delivered,2026-05-22,On Track
SHP000013,BAT000013,DRG0013,Meropenem 1g Injection,SUP018,Jaipur Depot,Hyderabad Depot,24.073511,76.584896,6.0,Normal,38.8,Normal,Minor,41.3,21,-77,2026-05-15 22:45:36,At Checkpoint,2026-05-22,On Track
SHP000014,BAT000014,DRG0014,Vancomycin 500mg Injection,SUP018,Jaipur Depot,Lucknow Store,26.891761,78.431961,6.5,Normal,65.2,Normal,Minor,6.5,23,-87,2026-05-15 10:33:36,Delivered,2026-05-18,On Track
SHP000015,BAT000015,DRG0015,Piperacillin-Tazobactam 4.5g,SUP020,Pune Distribution,Ahmedabad Hub,22.326625,72.811724,12.6,CRITICAL TEMP EXCURSION,37.0,Normal,Normal,11.9,65,-81,2026-05-15 09:12:36,At Checkpoint,2026-05-25,On Track
SHP000016,BAT000016,DRG0016,Metronidazole 400mg,SUP010,Jaipur Depot,Bengaluru Pharma Hub,21.593211,76.432194,27.1,Normal,83.9,High Humidity Alert,Minor,33.2,37,-50,2026-05-16 04:15:36,Delivered,2026-05-21,On Track
SHP000017,BAT000017,DRG0017,Metronidazole 500mg IV,SUP020,Pune Distribution,Jaipur Depot,21.204197,74.45965,26.5,Normal,66.9,Normal,Normal,43.9,69,-72,2026-05-16 00:26:36,In Transit,2026-05-17,On Track
SHP000018,BAT000018,DRG0018,Clindamycin 150mg,SUP009,Jaipur Depot,Lucknow Store,26.862086,76.55483,19.7,Normal,44.6,Normal,Normal,12.7,81,-89,2026-05-15 13:15:36,At Checkpoint,2026-05-17,On Track
SHP000019,BAT000019,DRG0019,Clindamycin 300mg,SUP003,Ahmedabad Hub,Mumbai Warehouse,19.85941,72.8612,26.8,Normal,44.7,Normal,Normal,9.5,90,-88,2026-05-15 07:30:36,In Transit,2026-05-21,On Track
SHP000020,BAT000020,DRG0020,Ceftriaxone 1g Injection,SUP014,Ahmedabad Hub,Mumbai Warehouse,21.791673,72.631739,2.1,Normal,76.5,High Humidity Alert,Normal,44.7,20,-65,2026-05-15 11:08:36,In Transit,2026-05-16,On Track
SHP000021,BAT000021,DRG0021,Ceftriaxone 2g Injection,SUP002,Delhi Cold Hub,Kolkata Cold Chain,27.307901,79.642357,1.4,Normal,39.4,Normal,Normal,25.1,80,-99,2026-05-15 13:34:36,In Transit,2026-05-24,On Track
SHP000022,BAT000022,DRG0022,Cefuroxime 250mg,SUP018,Lucknow Store,Pune Distribution,19.496288,74.632806,32.9,CRITICAL TEMP EXCURSION,65.9,Normal,Minor,16.4,53,-65,2026-05-15 15:18:36,In Transit,2026-05-17,On Track
SHP000023,BAT000023,DRG0023,Cefixime 200mg,SUP002,Bengaluru Pharma Hub,Kolkata Cold Chain,13.711717,78.379469,27.3,Normal,30.3,Normal,Normal,5.3,64,-50,2026-05-15 11:33:36,Delayed,2026-05-16,Breached
SHP000024,BAT000024,DRG0024,Linezolid 600mg,SUP010,Lucknow Store,Pune Distribution,18.741893,74.070274,19.3,Normal,74.9,Normal,Normal,28.3,74,-105,2026-05-16 05:15:36,Delayed,2026-05-21,Breached
SHP000025,BAT000025,DRG0025,Tigecycline 50mg Injection,SUP020,Ahmedabad Hub,Mumbai Warehouse,19.746768,72.777201,7.5,Normal,62.7,Normal,ALERT: Severe,1.3,81,-94,2026-05-15 06:50:36,Delayed,2026-05-17,On Track
SHP000026,BAT000026,DRG0026,Colistin 150mg Injection,SUP008,Lucknow Store,Chennai Port,19.09716,80.546025,2.1,Normal,61.2,Normal,Normal,37.2,91,-74,2026-05-15 23:28:36,Delivered,2026-05-21,On Track
SHP000027,BAT000027,DRG0027,Trimethoprim-Sulfamethoxazole 480mg,SUP004,Bengaluru Pharma Hub,Chennai Port,12.999822,78.302865,19.1,Normal,64.3,Normal,ALERT: Severe,46.3,38,-80,2026-05-15 23:50:36,In Transit,2026-05-24,On Track
SHP000028,BAT000028,DRG0028,Nitrofurantoin 100mg,SUP017,Delhi Cold Hub,Hyderabad Depot,18.511375,78.31817,18.5,Normal,49.3,Normal,Minor,59.8,71,-96,2026-05-15 07:22:36,In Transit,2026-05-17,On Track
SHP000029,BAT000029,DRG0029,Rifampicin 150mg,SUP011,Ahmedabad Hub,Chennai Port,20.94015,74.243003,21.1,Normal,72.0,Normal,Normal,30.4,39,-84,2026-05-15 12:39:36,In Transit,2026-05-22,On Track
SHP000030,BAT000030,DRG0030,Rifampicin 300mg,SUP019,Chennai Port,Jaipur Depot,19.128985,78.313311,20.6,Normal,69.5,Normal,Normal,80.2,89,-78,2026-05-16 00:05:36,At Checkpoint,2026-05-20,On Track
SHP000031,BAT000031,DRG0031,Ethambutol 400mg,SUP013,Bengaluru Pharma Hub,Pune Distribution,17.400023,74.651665,29.6,WARNING: Near Limit,46.4,Normal,Normal,48.6,62,-89,2026-05-16 04:56:36,Delivered,2026-05-23,On Track
SHP000032,BAT000032,DRG0032,Isoniazid 300mg,SUP009,Chennai Port,Mumbai Warehouse,15.435804,77.345306,35.8,CRITICAL TEMP EXCURSION,38.8,Normal,Minor,16.4,21,-72,2026-05-16 05:35:36,At Checkpoint,2026-05-21,On Track
SHP000033,BAT000033,DRG0033,Pyrazinamide 500mg,SUP016,Pune Distribution,Delhi Cold Hub,18.96232,73.980137,35.9,CRITICAL TEMP EXCURSION,35.6,Normal,Normal,9.0,30,-104,2026-05-15 14:57:36,At Checkpoint,2026-05-22,On Track
SHP000034,BAT000034,DRG0034,Gentamicin 80mg Injection,SUP013,Delhi Cold Hub,Mumbai Warehouse,27.28697,76.612967,4.1,Normal,67.8,Normal,Normal,15.1,23,-85,2026-05-15 09:33:36,In Transit,2026-05-19,On Track
SHP000035,BAT000035,DRG0035,Ampicillin 500mg Injection,SUP011,Pune Distribution,Chennai Port,14.679761,78.305442,9.5,CRITICAL TEMP EXCURSION,37.4,Normal,Normal,81.1,92,-88,2026-05-16 04:43:36,In Transit,2026-05-18,On Track
SHP000036,BAT000036,DRG0036,Paracetamol 500mg,SUP019,Kolkata Cold Chain,Mumbai Warehouse,22.257678,87.112881,20.2,Normal,78.3,High Humidity Alert,ALERT: Severe,61.8,95,-94,2026-05-15 15:43:36,Delayed,2026-05-25,Breached
SHP000037,BAT000037,DRG0037,Paracetamol 650mg,SUP020,Ahmedabad Hub,Chennai Port,22.620355,72.868818,20.3,Normal,37.1,Normal,Minor,49.6,65,-65,2026-05-15 10:36:36,Delayed,2026-05-21,On Track
SHP000038,BAT000038,DRG0038,Paracetamol 1g IV,SUP019,Hyderabad Depot,Delhi Cold Hub,17.973866,78.40397,20.6,Normal,46.7,Normal,ALERT: Severe,1.1,94,-103,2026-05-16 06:38:36,In Transit,2026-05-21,On Track
SHP000039,BAT000039,DRG0039,Ibuprofen 200mg,SUP007,Bengaluru Pharma Hub,Mumbai Warehouse,18.325855,73.452457,27.1,Normal,33.5,Normal,Minor,27.0,98,-52,2026-05-16 03:32:36,In Transit,2026-05-26,On Track
SHP000040,BAT000040,DRG0040,Ibuprofen 400mg,SUP005,Pune Distribution,Bengaluru Pharma Hub,13.180333,77.470499,22.5,Normal,61.2,Normal,Normal,4.1,69,-106,2026-05-16 05:36:36,In Transit,2026-05-22,On Track
SHP000041,BAT000041,DRG0041,Ibuprofen 600mg,SUP019,Ahmedabad Hub,Mumbai Warehouse,20.470238,72.761543,27.9,Normal,33.2,Normal,Minor,34.8,76,-80,2026-05-15 21:46:36,In Transit,2026-05-19,On Track
SHP000042,BAT000042,DRG0042,Diclofenac 50mg,SUP004,Ahmedabad Hub,Jaipur Depot,24.079342,73.451891,25.9,Normal,61.4,Normal,Normal,27.6,67,-55,2026-05-15 23:04:36,In Transit,2026-05-16,On Track
SHP000043,BAT000043,DRG0043,Diclofenac 75mg Injection,SUP009,Kolkata Cold Chain,Ahmedabad Hub,22.804745,81.158065,18.1,Normal,38.8,Normal,Normal,74.6,29,-79,2026-05-15 23:29:36,Delivered,2026-05-21,On Track
SHP000044,BAT000044,DRG0044,Naproxen 250mg,SUP009,Chennai Port,Bengaluru Pharma Hub,12.951203,77.82588,20.2,Normal,33.4,Normal,Normal,59.5,93,-66,2026-05-16 01:38:36,In Transit,2026-05-19,On Track
SHP000045,BAT000045,DRG0045,Naproxen 500mg,SUP019,Chennai Port,Pune Distribution,17.694408,74.803965,30.2,CRITICAL TEMP EXCURSION,79.2,High Humidity Alert,Normal,75.5,25,-88,2026-05-15 22:24:36,In Transit,2026-05-26,On Track
SHP000046,BAT000046,DRG0046,Tramadol 50mg,SUP016,Jaipur Depot,Lucknow Store,26.853425,80.474379,28.8,Normal,34.9,Normal,Normal,40.0,37,-71,2026-05-16 06:31:36,In Transit,2026-05-26,On Track
SHP000047,BAT000047,DRG0047,Tramadol 100mg,SUP015,Pune Distribution,Ahmedabad Hub,20.062121,73.43356,24.5,Normal,47.8,Normal,Minor,77.5,31,-100,2026-05-15 10:29:36,Delayed,2026-05-25,On Track
SHP000048,BAT000048,DRG0048,Morphine 10mg Injection,SUP004,Chennai Port,Bengaluru Pharma Hub,13.011883,79.247311,27.6,Normal,39.9,Normal,Normal,79.6,38,-81,2026-05-15 18:07:36,In Transit,2026-05-24,On Track
SHP000049,BAT000049,DRG0049,Morphine 30mg SR,SUP003,Bengaluru Pharma Hub,Delhi Cold Hub,17.02177,77.534943,19.5,Normal,79.9,High Humidity Alert,Normal,8.2,64,-57,2026-05-16 01:13:36,In Transit,2026-05-24,On Track
SHP000050,BAT000050,DRG0050,Fentanyl 25mcg Patch,SUP015,Mumbai Warehouse,Bengaluru Pharma Hub,17.942035,73.736232,25.3,Normal,66.3,Normal,Normal,31.7,87,-60,2026-05-16 02:30:36,At Checkpoint,2026-05-25,On Track
SHP000051,BAT000051,DRG0051,Oxycodone 5mg,SUP005,Ahmedabad Hub,Mumbai Warehouse,20.320195,72.775016,24.0,Normal,41.6,Normal,Normal,29.9,90,-105,2026-05-15 10:39:36,In Transit,2026-05-25,On Track
SHP000052,BAT000052,DRG0052,Codeine 15mg,SUP003,Ahmedabad Hub,Lucknow Store,23.682048,73.962178,26.5,Normal,71.3,Normal,Normal,82.5,81,-76,2026-05-15 06:52:36,At Checkpoint,2026-05-19,On Track
SHP000053,BAT000053,DRG0053,Ketorolac 30mg Injection,SUP004,Delhi Cold Hub,Jaipur Depot,26.958845,75.782486,23.8,Normal,39.5,Normal,Minor,24.8,59,-55,2026-05-16 04:55:36,Delayed,2026-05-17,On Track
SHP000054,BAT000054,DRG0054,Celecoxib 100mg,SUP008,Bengaluru Pharma Hub,Lucknow Store,22.992406,79.965859,20.6,Normal,46.2,Normal,Normal,56.3,49,-102,2026-05-15 08:08:36,In Transit,2026-05-16,On Track
SHP000055,BAT000055,DRG0055,Celecoxib 200mg,SUP009,Chennai Port,Delhi Cold Hub,17.39016,79.399186,19.6,Normal,71.2,Normal,Minor,67.3,28,-84,2026-05-15 18:27:36,At Checkpoint,2026-05-25,On Track
SHP000056,BAT000056,DRG0056,Pregabalin 75mg,SUP002,Hyderabad Depot,Mumbai Warehouse,18.546828,74.734613,33.8,CRITICAL TEMP EXCURSION,83.8,High Humidity Alert,Normal,84.3,39,-96,2026-05-16 02:16:36,In Transit,2026-05-23,On Track
SHP000057,BAT000057,DRG0057,Pregabalin 150mg,SUP019,Ahmedabad Hub,Pune Distribution,19.156244,73.702111,26.6,Normal,32.3,Normal,Normal,45.3,73,-89,2026-05-16 05:08:36,Delivered,2026-05-20,On Track
SHP000058,BAT000058,DRG0058,Gabapentin 300mg,SUP010,Kolkata Cold Chain,Hyderabad Depot,22.606066,88.29114,25.1,Normal,81.4,High Humidity Alert,Normal,41.1,65,-85,2026-05-15 10:47:36,In Transit,2026-05-25,On Track
SHP000059,BAT000059,DRG0059,Gabapentin 600mg,SUP009,Jaipur Depot,Hyderabad Depot,25.611704,76.095964,25.2,Normal,52.9,Normal,ALERT: Severe,88.0,29,-80,2026-05-15 20:33:36,Delivered,2026-05-25,On Track
SHP000060,BAT000060,DRG0060,Etoricoxib 60mg,SUP002,Mumbai Warehouse,Bengaluru Pharma Hub,15.568572,75.594943,18.4,Normal,43.6,Normal,ALERT: Severe,48.7,55,-106,2026-05-15 09:35:36,Delivered,2026-05-22,On Track
SHP000061,BAT000061,DRG0061,Etoricoxib 90mg,SUP014,Bengaluru Pharma Hub,Lucknow Store,20.875714,79.466899,32.9,CRITICAL TEMP EXCURSION,57.6,Normal,Normal,36.5,67,-57,2026-05-15 16:29:36,Delivered,2026-05-23,On Track
SHP000062,BAT000062,DRG0062,Meloxicam 7.5mg,SUP007,Mumbai Warehouse,Kolkata Cold Chain,19.883143,76.464722,27.7,Normal,49.9,Normal,Normal,27.3,56,-61,2026-05-15 22:03:36,In Transit,2026-05-26,On Track
SHP000063,BAT000063,DRG0063,Meloxicam 15mg,SUP005,Mumbai Warehouse,Ahmedabad Hub,22.874757,72.55166,27.2,Normal,69.5,Normal,Minor,37.5,21,-91,2026-05-15 08:39:36,At Checkpoint,2026-05-22,On Track
SHP000064,BAT000064,DRG0064,Amlodipine 2.5mg,SUP015,Bengaluru Pharma Hub,Ahmedabad Hub,14.913638,76.629868,28.0,Normal,34.9,Normal,Normal,23.0,72,-68,2026-05-16 02:03:36,Delayed,2026-05-21,On Track
SHP000065,BAT000065,DRG0065,Amlodipine 5mg,SUP016,Jaipur Depot,Pune Distribution,24.640601,75.290607,25.6,Normal,82.5,High Humidity Alert,Minor,66.1,96,-50,2026-05-15 07:17:36,At Checkpoint,2026-05-17,On Track
SHP000066,BAT000066,DRG0066,Amlodipine 10mg,SUP018,Lucknow Store,Kolkata Cold Chain,26.1902,82.021564,19.0,Normal,63.0,Normal,ALERT: Severe,34.2,48,-98,2026-05-15 11:38:36,In Transit,2026-05-19,On Track
SHP000067,BAT000067,DRG0067,Enalapril 5mg,SUP014,Bengaluru Pharma Hub,Chennai Port,13.124249,80.098161,18.7,Normal,59.2,Normal,Normal,22.1,45,-50,2026-05-16 05:33:36,Delayed,2026-05-19,Breached
SHP000068,BAT000068,DRG0068,Enalapril 10mg,SUP019,Pune Distribution,Jaipur Depot,22.665072,74.869064,28.4,Normal,72.8,Normal,Normal,82.5,92,-67,2026-05-15 21:34:36,Delivered,2026-05-21,On Track
SHP000069,BAT000069,DRG0069,Losartan 25mg,SUP001,Ahmedabad Hub,Kolkata Cold Chain,22.797978,81.868607,27.3,Normal,79.6,High Humidity Alert,ALERT: Severe,30.2,45,-87,2026-05-15 22:33:36,Delivered,2026-05-21,On Track
SHP000070,BAT000070,DRG0070,Losartan 50mg,SUP015,Lucknow Store,Ahmedabad Hub,23.033513,72.634365,27.3,Normal,51.0,Normal,Normal,38.8,55,-102,2026-05-16 04:03:36,In Transit,2026-05-21,On Track
SHP000071,BAT000071,DRG0071,Telmisartan 40mg,SUP007,Chennai Port,Pune Distribution,13.222789,80.079576,28.1,Normal,64.0,Normal,Normal,45.7,63,-99,2026-05-15 17:07:36,At Checkpoint,2026-05-18,On Track
SHP000072,BAT000072,DRG0072,Telmisartan 80mg,SUP011,Pune Distribution,Lucknow Store,23.303696,77.972667,28.2,Normal,43.2,Normal,Normal,78.3,55,-102,2026-05-15 22:34:36,In Transit,2026-05-25,On Track
SHP000073,BAT000073,DRG0073,Olmesartan 20mg,SUP019,Delhi Cold Hub,Chennai Port,25.755802,77.796346,34.0,CRITICAL TEMP EXCURSION,44.6,Normal,Minor,52.5,51,-60,2026-05-16 01:22:36,Delivered,2026-05-17,On Track
SHP000074,BAT000074,DRG0074,Valsartan 80mg,SUP017,Chennai Port,Pune Distribution,17.872563,74.618016,23.0,Normal,66.2,Normal,Normal,20.3,22,-109,2026-05-15 12:31:36,Delayed,2026-05-26,On Track
SHP000075,BAT000075,DRG0075,Valsartan 160mg,SUP009,Ahmedabad Hub,Jaipur Depot,26.261785,75.178923,32.2,CRITICAL TEMP EXCURSION,60.2,Normal,Normal,82.5,91,-93,2026-05-15 19:53:36,In Transit,2026-05-19,On Track
SHP000076,BAT000076,DRG0076,Metoprolol 25mg,SUP011,Pune Distribution,Chennai Port,14.468885,78.636362,23.5,Normal,44.7,Normal,ALERT: Severe,58.5,83,-107,2026-05-16 02:54:36,Delivered,2026-05-19,On Track
SHP000077,BAT000077,DRG0077,Metoprolol 50mg,SUP017,Bengaluru Pharma Hub,Mumbai Warehouse,17.183891,74.317003,19.8,Normal,79.8,High Humidity Alert,Normal,40.8,93,-83,2026-05-15 17:05:36,Delayed,2026-05-21,Breached
SHP000078,BAT000078,DRG0078,Metoprolol 100mg,SUP003,Hyderabad Depot,Ahmedabad Hub,17.382063,78.422751,29.1,WARNING: Near Limit,64.6,Normal,Normal,73.4,76,-51,2026-05-15 12:25:36,In Transit,2026-05-16,On Track
SHP000079,BAT000079,DRG0079,Atenolol 25mg,SUP004,Pune Distribution,Lucknow Store,23.94064,78.412896,30.9,CRITICAL TEMP EXCURSION,77.1,High Humidity Alert,Normal,65.7,28,-91,2026-05-16 00:23:36,In Transit,2026-05-23,On Track
SHP000080,BAT000080,DRG0080,Atenolol 50mg,SUP010,Hyderabad Depot,Delhi Cold Hub,22.17245,77.915808,27.5,Normal,72.3,Normal,Normal,68.7,87,-59,2026-05-15 09:19:36,Delayed,2026-05-17,Breached
SHP000081,BAT000081,DRG0081,Bisoprolol 2.5mg,SUP008,Bengaluru Pharma Hub,Mumbai Warehouse,14.152888,76.67073,19.9,Normal,72.7,Normal,Normal,81.6,23,-72,2026-05-15 08:44:36,In Transit,2026-05-25,On Track
SHP000082,BAT000082,DRG0082,Bisoprolol 5mg,SUP020,Ahmedabad Hub,Hyderabad Depot,21.105286,74.652718,28.7,Normal,66.3,Normal,Normal,81.9,38,-100,2026-05-16 01:36:36,Delayed,2026-05-23,Breached
SHP000083,BAT000083,DRG0083,Ramipril 2.5mg,SUP019,Lucknow Store,Hyderabad Depot,18.401861,78.715769,28.2,Normal,68.0,Normal,Normal,70.4,48,-102,2026-05-15 23:00:36,Delivered,2026-05-22,On Track
SHP000084,BAT000084,DRG0084,Ramipril 5mg,SUP004,Delhi Cold Hub,Jaipur Depot,27.971837,76.701103,24.6,Normal,55.3,Normal,Minor,16.9,97,-79,2026-05-16 02:37:36,At Checkpoint,2026-05-18,On Track
SHP000085,BAT000085,DRG0085,Lisinopril 5mg,SUP012,Hyderabad Depot,Kolkata Cold Chain,17.536524,78.830175,22.3,Normal,76.5,High Humidity Alert,Minor,20.0,91,-67,2026-05-15 11:37:36,Delayed,2026-05-18,On Track
SHP000086,BAT000086,DRG0086,Lisinopril 10mg,SUP009,Ahmedabad Hub,Kolkata Cold Chain,22.633427,87.151968,22.8,Normal,41.0,Normal,Normal,67.8,36,-101,2026-05-15 23:35:36,In Transit,2026-05-18,On Track
SHP000087,BAT000087,DRG0087,Hydrochlorothiazide 12.5mg,SUP017,Bengaluru Pharma Hub,Lucknow Store,25.73257,80.690348,21.5,Normal,84.8,High Humidity Alert,Normal,50.4,92,-101,2026-05-15 08:03:36,Delayed,2026-05-26,On Track
SHP000088,BAT000088,DRG0088,Hydrochlorothiazide 25mg,SUP016,Bengaluru Pharma Hub,Pune Distribution,15.206719,76.112753,29.9,WARNING: Near Limit,41.6,Normal,ALERT: Severe,4.4,69,-95,2026-05-15 09:03:36,Delayed,2026-05-23,On Track
SHP000089,BAT000089,DRG0089,Furosemide 20mg,SUP015,Hyderabad Depot,Delhi Cold Hub,26.948122,77.349702,27.5,Normal,45.2,Normal,Normal,0.6,60,-96,2026-05-15 11:40:36,In Transit,2026-05-17,On Track
SHP000090,BAT000090,DRG0090,Furosemide 40mg,SUP007,Jaipur Depot,Pune Distribution,25.70506,75.457785,20.1,Normal,66.4,Normal,Minor,70.6,71,-96,2026-05-15 11:15:36,Delayed,2026-05-23,On Track
SHP000091,BAT000091,DRG0091,Spironolactone 25mg,SUP003,Kolkata Cold Chain,Delhi Cold Hub,24.446232,84.860761,21.0,Normal,34.0,Normal,Normal,84.3,28,-87,2026-05-16 03:47:36,Delivered,2026-05-20,On Track
SHP000092,BAT000092,DRG0092,Carvedilol 6.25mg,SUP020,Delhi Cold Hub,Lucknow Store,27.655096,79.309324,18.2,Normal,81.3,High Humidity Alert,Normal,51.9,68,-73,2026-05-15 23:31:36,At Checkpoint,2026-05-21,On Track
SHP000093,BAT000093,DRG0093,Carvedilol 12.5mg,SUP012,Ahmedabad Hub,Jaipur Depot,24.984909,74.1246,27.7,Normal,31.0,Normal,Normal,39.1,40,-68,2026-05-16 06:14:36,In Transit,2026-05-25,On Track
SHP000094,BAT000094,DRG0094,Metformin 500mg,SUP017,Ahmedabad Hub,Delhi Cold Hub,23.798843,73.166873,31.2,CRITICAL TEMP EXCURSION,43.4,Normal,ALERT: Severe,38.7,99,-85,2026-05-15 14:57:36,At Checkpoint,2026-05-25,On Track
SHP000095,BAT000095,DRG0095,Metformin 850mg,SUP011,Ahmedabad Hub,Kolkata Cold Chain,23.051642,73.142688,32.6,CRITICAL TEMP EXCURSION,79.1,High Humidity Alert,Normal,7.2,97,-61,2026-05-16 00:25:36,In Transit,2026-05-23,On Track
SHP000096,BAT000096,DRG0096,Metformin 1000mg,SUP018,Kolkata Cold Chain,Mumbai Warehouse,20.946739,81.242006,25.5,Normal,65.7,Normal,Normal,31.7,46,-50,2026-05-15 09:12:36,Delayed,2026-05-25,On Track
SHP000097,BAT000097,DRG0097,Glibenclamide 5mg,SUP017,Chennai Port,Hyderabad Depot,13.537874,80.092022,20.3,Normal,82.5,High Humidity Alert,ALERT: Severe,65.3,94,-70,2026-05-15 19:19:36,In Transit,2026-05-19,On Track
SHP000098,BAT000098,DRG0098,Glimepiride 1mg,SUP010,Delhi Cold Hub,Bengaluru Pharma Hub,27.861454,77.18354,27.3,Normal,56.7,Normal,Normal,24.5,56,-74,2026-05-15 08:54:36,Delivered,2026-05-20,On Track
SHP000099,BAT000099,DRG0099,Glimepiride 2mg,SUP019,Ahmedabad Hub,Mumbai Warehouse,20.16679,72.781256,22.7,Normal,47.0,Normal,ALERT: Severe,68.6,83,-85,2026-05-15 20:35:36,At Checkpoint,2026-05-23,On Track
SHP000100,BAT000100,DRG0100,Glimepiride 4mg,SUP013,Lucknow Store,Ahmedabad Hub,23.354079,73.17217,22.6,Normal,49.1,Normal,ALERT: Severe,89.2,52,-56,2026-05-15 19:27:36,In Transit,2026-05-16,On Track
SHP000101,BAT000101,DRG0101,Gliclazide 30mg MR,SUP004,Kolkata Cold Chain,Hyderabad Depot,20.761263,84.874242,34.4,CRITICAL TEMP EXCURSION,83.6,High Humidity Alert,Minor,38.4,43,-81,2026-05-15 15:41:36,In Transit,2026-05-17,On Track
SHP000102,BAT000102,DRG0102,Gliclazide 60mg MR,SUP006,Lucknow Store,Pune Distribution,25.722651,79.944709,26.3,Normal,62.6,Normal,ALERT: Severe,0.7,67,-88,2026-05-16 02:59:36,In Transit,2026-05-24,On Track
SHP000103,BAT000103,DRG0103,Sitagliptin 50mg,SUP018,Bengaluru Pharma Hub,Ahmedabad Hub,17.09854,75.49735,28.2,Normal,63.8,Normal,Minor,55.9,91,-57,2026-05-15 11:17:36,In Transit,2026-05-25,On Track
SHP000104,BAT000104,DRG0104,Sitagliptin 100mg,SUP020,Kolkata Cold Chain,Pune Distribution,18.825422,74.972973,22.0,Normal,44.4,Normal,Normal,67.1,59,-65,2026-05-15 21:57:36,In Transit,2026-05-20,On Track
SHP000105,BAT000105,DRG0105,Vildagliptin 50mg,SUP020,Lucknow Store,Delhi Cold Hub,27.588467,79.476964,20.9,Normal,68.8,Normal,Normal,24.8,77,-92,2026-05-15 23:01:36,At Checkpoint,2026-05-20,On Track
SHP000106,BAT000106,DRG0106,Saxagliptin 5mg,SUP004,Kolkata Cold Chain,Chennai Port,22.435507,88.258567,20.1,Normal,42.3,Normal,Minor,29.5,73,-102,2026-05-15 10:05:36,Delayed,2026-05-23,On Track
SHP000107,BAT000107,DRG0107,Empagliflozin 10mg,SUP008,Hyderabad Depot,Jaipur Depot,23.545019,76.760477,19.2,Normal,38.7,Normal,Normal,89.8,93,-82,2026-05-16 02:20:36,In Transit,2026-05-18,On Track
SHP000108,BAT000108,DRG0108,Empagliflozin 25mg,SUP011,Delhi Cold Hub,Ahmedabad Hub,24.352915,73.656751,22.2,Normal,45.8,Normal,ALERT: Severe,70.6,67,-89,2026-05-15 14:37:36,At Checkpoint,2026-05-18,On Track
SHP000109,BAT000109,DRG0109,Dapagliflozin 10mg,SUP008,Bengaluru Pharma Hub,Mumbai Warehouse,14.418013,76.419444,21.7,Normal,81.1,High Humidity Alert,Normal,65.1,48,-74,2026-05-16 04:53:36,In Transit,2026-05-18,On Track
SHP000110,BAT000110,DRG0110,Canagliflozin 100mg,SUP005,Pune Distribution,Delhi Cold Hub,19.858234,74.337205,28.3,Normal,77.5,High Humidity Alert,Minor,63.6,70,-98,2026-05-15 19:27:36,At Checkpoint,2026-05-21,On Track
SHP000111,BAT000111,DRG0111,Pioglitazone 15mg,SUP002,Ahmedabad Hub,Mumbai Warehouse,20.823728,72.772128,25.3,Normal,81.9,High Humidity Alert,Normal,63.5,90,-91,2026-05-16 00:17:36,In Transit,2026-05-21,On Track
SHP000112,BAT000112,DRG0112,Pioglitazone 30mg,SUP010,Kolkata Cold Chain,Lucknow Store,23.475652,86.765912,18.6,Normal,41.3,Normal,Normal,17.1,72,-100,2026-05-15 07:51:36,Delayed,2026-05-18,Breached
SHP000113,BAT000113,DRG0113,Acarbose 50mg,SUP016,Hyderabad Depot,Lucknow Store,20.297661,79.225725,19.3,Normal,46.6,Normal,ALERT: Severe,40.6,94,-84,2026-05-15 13:31:36,Delayed,2026-05-26,On Track
SHP000114,BAT000114,DRG0114,Insulin Glargine 100U/mL,SUP006,Kolkata Cold Chain,Jaipur Depot,26.133087,77.939439,6.2,Normal,69.1,Normal,Normal,51.2,55,-86,2026-05-15 10:51:36,In Transit,2026-05-18,On Track
SHP000115,BAT000115,DRG0115,Insulin Lispro 100U/mL,SUP016,Delhi Cold Hub,Ahmedabad Hub,26.142609,75.173598,1.3,Normal,41.4,Normal,Normal,5.3,49,-76,2026-05-15 18:14:36,In Transit,2026-05-18,On Track
SHP000116,BAT000116,DRG0116,Insulin Aspart 100U/mL,SUP017,Bengaluru Pharma Hub,Jaipur Depot,21.446578,76.482131,7.0,Normal,70.1,Normal,Normal,17.9,37,-77,2026-05-16 01:31:36,At Checkpoint,2026-05-19,On Track
SHP000117,BAT000117,DRG0117,Insulin Regular 40U/mL,SUP007,Mumbai Warehouse,Bengaluru Pharma Hub,18.959873,72.961672,10.2,CRITICAL TEMP EXCURSION,30.5,Normal,Normal,19.8,52,-84,2026-05-15 14:45:36,Delivered,2026-05-17,On Track
SHP000118,BAT000118,DRG0118,Insulin NPH 100U/mL,SUP019,Delhi Cold Hub,Kolkata Cold Chain,23.86819,85.978359,4.4,Normal,72.7,Normal,Minor,54.9,60,-95,2026-05-16 04:48:36,In Transit,2026-05-20,On Track
SHP000119,BAT000119,DRG0119,Liraglutide 6mg/mL,SUP014,Pune Distribution,Hyderabad Depot,18.500917,74.083516,5.7,Normal,72.3,Normal,Normal,15.4,23,-97,2026-05-15 21:30:36,Delayed,2026-05-18,Breached
SHP000120,BAT000120,DRG0120,Dulaglutide 1.5mg/0.5mL,SUP013,Jaipur Depot,Chennai Port,20.616792,77.872682,7.4,Normal,80.4,High Humidity Alert,Normal,8.2,40,-100,2026-05-15 08:09:36,In Transit,2026-05-20,On Track
SHP000121,BAT000121,DRG0121,Atorvastatin 10mg,SUP018,Mumbai Warehouse,Pune Distribution,19.074936,72.957183,21.1,Normal,78.6,High Humidity Alert,Normal,65.7,33,-57,2026-05-15 14:29:36,Delayed,2026-05-26,On Track
SHP000122,BAT000122,DRG0122,Atorvastatin 20mg,SUP002,Pune Distribution,Chennai Port,16.281857,76.544823,20.2,Normal,44.5,Normal,Normal,32.4,89,-96,2026-05-15 12:25:36,Delivered,2026-05-18,On Track
SHP000123,BAT000123,DRG0123,Atorvastatin 40mg,SUP020,Ahmedabad Hub,Bengaluru Pharma Hub,19.647658,74.233077,25.2,Normal,74.1,Normal,Minor,70.4,63,-86,2026-05-15 17:17:36,At Checkpoint,2026-05-20,On Track
SHP000124,BAT000124,DRG0124,Atorvastatin 80mg,SUP013,Chennai Port,Jaipur Depot,23.069925,76.996289,20.3,Normal,61.5,Normal,Normal,71.5,32,-102,2026-05-16 03:51:36,In Transit,2026-05-16,On Track
SHP000125,BAT000125,DRG0125,Rosuvastatin 5mg,SUP005,Delhi Cold Hub,Jaipur Depot,27.836152,76.531589,26.3,Normal,52.9,Normal,ALERT: Severe,55.3,29,-81,2026-05-16 05:03:36,Delivered,2026-05-20,On Track
SHP000126,BAT000126,DRG0126,Rosuvastatin 10mg,SUP018,Mumbai Warehouse,Hyderabad Depot,18.049587,76.24214,21.0,Normal,49.5,Normal,Minor,28.7,34,-79,2026-05-16 03:16:36,In Transit,2026-05-18,On Track
SHP000127,BAT000127,DRG0127,Rosuvastatin 20mg,SUP018,Bengaluru Pharma Hub,Ahmedabad Hub,22.498026,72.820913,20.2,Normal,31.2,Normal,Normal,13.5,34,-86,2026-05-16 00:44:36,Delivered,2026-05-26,On Track
SHP000128,BAT000128,DRG0128,Simvastatin 10mg,SUP008,Pune Distribution,Chennai Port,15.320766,77.683032,20.3,Normal,70.5,Normal,ALERT: Severe,48.6,45,-98,2026-05-15 20:51:36,In Transit,2026-05-20,On Track
SHP000129,BAT000129,DRG0129,Simvastatin 20mg,SUP016,Ahmedabad Hub,Mumbai Warehouse,21.853932,72.664649,29.1,WARNING: Near Limit,30.6,Normal,Normal,1.9,41,-110,2026-05-15 17:58:36,At Checkpoint,2026-05-26,On Track
SHP000130,BAT000130,DRG0130,Aspirin 75mg,SUP008,Kolkata Cold Chain,Jaipur Depot,25.4997,79.783653,27.5,Normal,54.7,Normal,Normal,56.2,43,-85,2026-05-15 16:10:36,Delayed,2026-05-26,Breached
SHP000131,BAT000131,DRG0131,Aspirin 150mg,SUP010,Lucknow Store,Pune Distribution,23.375456,78.005568,21.8,Normal,39.4,Normal,Normal,51.1,22,-84,2026-05-16 04:00:36,Delivered,2026-05-21,On Track
SHP000132,BAT000132,DRG0132,Clopidogrel 75mg,SUP019,Jaipur Depot,Delhi Cold Hub,27.164063,75.941618,26.7,Normal,38.7,Normal,Minor,25.7,29,-90,2026-05-15 16:44:36,In Transit,2026-05-16,On Track
SHP000133,BAT000133,DRG0133,Ticagrelor 90mg,SUP011,Bengaluru Pharma Hub,Pune Distribution,14.740421,76.42231,20.9,Normal,66.8,Normal,Normal,58.1,42,-58,2026-05-15 09:30:36,Delayed,2026-05-20,On Track
SHP000134,BAT000134,DRG0134,Warfarin 1mg,SUP007,Bengaluru Pharma Hub,Mumbai Warehouse,15.563031,75.57575,18.3,Normal,66.8,Normal,Normal,8.7,46,-64,2026-05-16 03:05:36,In Transit,2026-05-26,On Track
SHP000135,BAT000135,DRG0135,Warfarin 2mg,SUP004,Jaipur Depot,Mumbai Warehouse,26.578049,75.695581,28.3,Normal,33.5,Normal,ALERT: Severe,7.5,39,-104,2026-05-16 00:50:36,In Transit,2026-05-21,On Track
SHP000136,BAT000136,DRG0136,Warfarin 5mg,SUP013,Chennai Port,Jaipur Depot,22.286626,77.320466,28.4,Normal,59.9,Normal,Minor,45.0,71,-91,2026-05-16 06:27:36,In Transit,2026-05-25,On Track
SHP000137,BAT000137,DRG0137,Digoxin 0.25mg,SUP006,Delhi Cold Hub,Jaipur Depot,28.063619,76.700356,21.7,Normal,37.3,Normal,ALERT: Severe,0.1,69,-99,2026-05-15 11:17:36,At Checkpoint,2026-05-23,On Track
SHP000138,BAT000138,DRG0138,Amiodarone 100mg,SUP008,Ahmedabad Hub,Jaipur Depot,24.92456,74.11853,29.5,WARNING: Near Limit,65.1,Normal,Normal,85.1,71,-63,2026-05-15 20:08:36,Delayed,2026-05-17,On Track
SHP000139,BAT000139,DRG0139,Amiodarone 200mg,SUP007,Bengaluru Pharma Hub,Hyderabad Depot,14.246853,77.869886,23.2,Normal,38.0,Normal,Normal,17.4,22,-91,2026-05-15 07:11:36,In Transit,2026-05-16,On Track
SHP000140,BAT000140,DRG0140,Nitroglycerine 0.5mg,SUP007,Chennai Port,Bengaluru Pharma Hub,13.017926,78.663222,34.4,CRITICAL TEMP EXCURSION,81.6,High Humidity Alert,Minor,69.5,34,-105,2026-05-15 14:40:36,At Checkpoint,2026-05-23,On Track
SHP000141,BAT000141,DRG0141,Isosorbide Mononitrate 20mg,SUP018,Bengaluru Pharma Hub,Kolkata Cold Chain,18.627618,83.939618,24.3,Normal,65.8,Normal,Minor,62.8,34,-63,2026-05-15 11:59:36,In Transit,2026-05-16,On Track
SHP000142,BAT000142,DRG0142,Isosorbide Dinitrate 5mg,SUP014,Hyderabad Depot,Kolkata Cold Chain,19.527549,82.67615,18.0,Normal,30.3,Normal,Normal,67.3,89,-89,2026-05-16 00:08:36,At Checkpoint,2026-05-22,On Track
SHP000143,BAT000143,DRG0143,Ivabradine 5mg,SUP008,Hyderabad Depot,Delhi Cold Hub,17.441399,78.464446,20.9,Normal,59.1,Normal,Normal,49.5,20,-51,2026-05-15 18:37:36,At Checkpoint,2026-05-18,On Track
SHP000144,BAT000144,DRG0144,Rivaroxaban 10mg,SUP008,Kolkata Cold Chain,Bengaluru Pharma Hub,16.242542,81.267473,32.4,CRITICAL TEMP EXCURSION,68.4,Normal,Normal,74.0,75,-51,2026-05-15 22:25:36,In Transit,2026-05-18,On Track
SHP000145,BAT000145,DRG0145,Rivaroxaban 20mg,SUP007,Jaipur Depot,Hyderabad Depot,18.509259,78.207505,28.6,Normal,41.2,Normal,Normal,36.7,30,-78,2026-05-15 19:16:36,Delayed,2026-05-17,On Track
SHP000146,BAT000146,DRG0146,Apixaban 5mg,SUP006,Jaipur Depot,Kolkata Cold Chain,26.139599,77.988558,29.6,WARNING: Near Limit,36.0,Normal,Normal,17.1,84,-60,2026-05-16 01:23:36,In Transit,2026-05-19,On Track
SHP000147,BAT000147,DRG0147,Dabigatran 110mg,SUP009,Lucknow Store,Bengaluru Pharma Hub,25.475049,80.614701,22.2,Normal,40.3,Normal,ALERT: Severe,54.0,28,-77,2026-05-15 14:28:36,In Transit,2026-05-16,On Track
SHP000148,BAT000148,DRG0148,Ezetimibe 10mg,SUP015,Kolkata Cold Chain,Ahmedabad Hub,22.753902,80.532411,26.7,Normal,75.4,High Humidity Alert,Normal,0.6,88,-77,2026-05-16 03:19:36,Delayed,2026-05-20,Breached
SHP000149,BAT000149,DRG0149,Fenofibrate 160mg,SUP006,Delhi Cold Hub,Bengaluru Pharma Hub,21.302015,77.380085,24.0,Normal,36.1,Normal,Minor,37.7,88,-69,2026-05-15 22:19:36,At Checkpoint,2026-05-20,On Track
SHP000150,BAT000150,DRG0150,Salbutamol 100mcg Inhaler,SUP015,Pune Distribution,Ahmedabad Hub,19.340208,73.676733,19.8,Normal,51.5,Normal,Normal,62.6,71,-76,2026-05-15 17:37:36,In Transit,2026-05-25,On Track
SHP000151,BAT000151,DRG0151,Salbutamol 2mg Tablet,SUP018,Pune Distribution,Delhi Cold Hub,19.911817,74.301349,24.8,Normal,82.4,High Humidity Alert,Normal,29.4,97,-93,2026-05-15 07:50:36,Delivered,2026-05-26,On Track
SHP000152,BAT000152,DRG0152,Salbutamol 5mg/2.5mL Nebuliser,SUP008,Mumbai Warehouse,Ahmedabad Hub,22.027864,72.65953,23.3,Normal,64.5,Normal,Normal,68.8,72,-83,2026-05-15 10:36:36,In Transit,2026-05-17,On Track
SHP000153,BAT000153,DRG0153,Salmeterol 50mcg Inhaler,SUP010,Ahmedabad Hub,Kolkata Cold Chain,22.810798,80.227105,21.7,Normal,67.4,Normal,Normal,50.3,99,-56,2026-05-15 11:15:36,In Transit,2026-05-22,On Track
SHP000154,BAT000154,DRG0154,Formoterol 12mcg Inhaler,SUP013,Chennai Port,Delhi Cold Hub,27.862736,77.361864,21.6,Normal,52.6,Normal,Normal,26.0,78,-77,2026-05-15 09:14:36,In Transit,2026-05-19,On Track
SHP000155,BAT000155,DRG0155,Budesonide 200mcg Inhaler,SUP003,Kolkata Cold Chain,Jaipur Depot,26.041694,78.184716,24.4,Normal,44.6,Normal,Normal,0.9,97,-100,2026-05-15 08:07:36,Delayed,2026-05-24,On Track
SHP000156,BAT000156,DRG0156,Budesonide 400mcg Inhaler,SUP002,Mumbai Warehouse,Pune Distribution,18.501755,73.861054,32.4,CRITICAL TEMP EXCURSION,82.9,High Humidity Alert,Normal,35.7,57,-75,2026-05-15 10:12:36,In Transit,2026-05-16,On Track
SHP000157,BAT000157,DRG0157,Fluticasone 125mcg Inhaler,SUP009,Jaipur Depot,Bengaluru Pharma Hub,23.173939,76.262139,31.3,CRITICAL TEMP EXCURSION,60.6,Normal,Minor,51.6,44,-55,2026-05-15 08:01:36,In Transit,2026-05-21,On Track
SHP000158,BAT000158,DRG0158,Fluticasone 250mcg Inhaler,SUP001,Ahmedabad Hub,Chennai Port,16.399152,77.678661,23.7,Normal,75.8,High Humidity Alert,ALERT: Severe,89.5,90,-88,2026-05-15 16:33:36,In Transit,2026-05-16,On Track
SHP000159,BAT000159,DRG0159,Beclomethasone 100mcg Inhaler,SUP005,Bengaluru Pharma Hub,Ahmedabad Hub,20.936272,73.589522,26.2,Normal,69.6,Normal,ALERT: Severe,36.3,95,-54,2026-05-15 10:23:36,In Transit,2026-05-26,On Track
SHP000160,BAT000160,DRG0160,Ipratropium 20mcg Inhaler,SUP013,Hyderabad Depot,Mumbai Warehouse,18.970804,73.364741,31.6,CRITICAL TEMP EXCURSION,61.1,Normal,Normal,88.1,57,-83,2026-05-15 15:25:36,At Checkpoint,2026-05-16,On Track
SHP000161,BAT000161,DRG0161,Tiotropium 18mcg Inhaler,SUP007,Jaipur Depot,Ahmedabad Hub,23.398333,72.863393,19.9,Normal,78.3,High Humidity Alert,Normal,2.8,100,-62,2026-05-15 23:47:36,Delivered,2026-05-21,On Track
SHP000162,BAT000162,DRG0162,Montelukast 5mg,SUP019,Delhi Cold Hub,Mumbai Warehouse,26.453242,76.189091,19.6,Normal,62.7,Normal,Normal,35.4,55,-68,2026-05-15 19:02:36,Delivered,2026-05-24,On Track
SHP000163,BAT000163,DRG0163,Montelukast 10mg,SUP014,Kolkata Cold Chain,Pune Distribution,21.948657,85.960393,19.5,Normal,47.8,Normal,Normal,55.0,75,-55,2026-05-15 14:26:36,In Transit,2026-05-21,On Track
SHP000164,BAT000164,DRG0164,Theophylline 200mg SR,SUP010,Kolkata Cold Chain,Bengaluru Pharma Hub,20.839253,86.342287,31.4,CRITICAL TEMP EXCURSION,81.3,High Humidity Alert,ALERT: Severe,59.4,76,-60,2026-05-16 05:44:36,In Transit,2026-05-23,On Track
SHP000165,BAT000165,DRG0165,Doxofylline 400mg,SUP017,Chennai Port,Ahmedabad Hub,22.016497,73.314285,22.5,Normal,42.3,Normal,Normal,29.4,32,-56,2026-05-15 22:50:36,At Checkpoint,2026-05-19,On Track
SHP000166,BAT000166,DRG0166,Acetylcysteine 200mg,SUP012,Pune Distribution,Mumbai Warehouse,18.750327,73.34159,22.2,Normal,35.6,Normal,ALERT: Severe,74.6,96,-107,2026-05-16 06:38:36,Delayed,2026-05-19,Breached
SHP000167,BAT000167,DRG0167,Ambroxol 30mg,SUP002,Bengaluru Pharma Hub,Delhi Cold Hub,27.483845,77.257505,29.1,WARNING: Near Limit,65.2,Normal,ALERT: Severe,87.3,83,-100,2026-05-15 16:13:36,In Transit,2026-05-24,On Track
SHP000168,BAT000168,DRG0168,Bromhexine 8mg,SUP010,Jaipur Depot,Hyderabad Depot,21.034937,77.475377,21.9,Normal,40.0,Normal,ALERT: Severe,27.5,64,-102,2026-05-15 20:04:36,In Transit,2026-05-22,On Track
SHP000169,BAT000169,DRG0169,Guaifenesin 100mg,SUP008,Delhi Cold Hub,Jaipur Depot,28.043157,76.701524,32.0,CRITICAL TEMP EXCURSION,32.9,Normal,ALERT: Severe,4.2,59,-72,2026-05-16 03:35:36,In Transit,2026-05-23,On Track
SHP000170,BAT000170,DRG0170,Omeprazole 20mg,SUP002,Ahmedabad Hub,Chennai Port,20.319291,74.63101,27.3,Normal,46.4,Normal,Minor,65.9,57,-103,2026-05-15 15:00:36,In Transit,2026-05-21,On Track
SHP000171,BAT000171,DRG0171,Omeprazole 40mg,SUP005,Lucknow Store,Chennai Port,17.227858,80.467724,28.2,Normal,63.2,Normal,Normal,30.0,82,-78,2026-05-15 12:30:36,In Transit,2026-05-19,On Track
SHP000172,BAT000172,DRG0172,Pantoprazole 20mg,SUP011,Hyderabad Depot,Delhi Cold Hub,23.326774,77.847094,31.2,CRITICAL TEMP EXCURSION,75.4,High Humidity Alert,Minor,82.7,43,-83,2026-05-16 05:28:36,At Checkpoint,2026-05-23,On Track
SHP000173,BAT000173,DRG0173,Pantoprazole 40mg,SUP008,Jaipur Depot,Lucknow Store,26.88516,80.382465,20.1,Normal,59.9,Normal,Normal,0.9,91,-83,2026-05-16 00:28:36,In Transit,2026-05-26,On Track
SHP000174,BAT000174,DRG0174,Esomeprazole 20mg,SUP008,Delhi Cold Hub,Pune Distribution,26.77605,76.580999,25.9,Normal,81.0,High Humidity Alert,ALERT: Severe,20.4,85,-107,2026-05-16 03:17:36,At Checkpoint,2026-05-25,On Track
SHP000175,BAT000175,DRG0175,Esomeprazole 40mg,SUP011,Delhi Cold Hub,Pune Distribution,24.323455,75.76401,24.0,Normal,70.4,Normal,Normal,66.8,40,-73,2026-05-15 17:10:36,At Checkpoint,2026-05-17,On Track
SHP000176,BAT000176,DRG0176,Rabeprazole 10mg,SUP020,Chennai Port,Hyderabad Depot,13.975359,79.905004,28.7,Normal,64.6,Normal,Normal,23.6,63,-107,2026-05-15 09:56:36,At Checkpoint,2026-05-25,On Track
SHP000177,BAT000177,DRG0177,Rabeprazole 20mg,SUP012,Lucknow Store,Mumbai Warehouse,21.450068,75.386246,23.8,Normal,61.8,Normal,Minor,81.5,63,-100,2026-05-16 03:30:36,Delayed,2026-05-17,On Track
SHP000178,BAT000178,DRG0178,Ranitidine 150mg,SUP008,Kolkata Cold Chain,Jaipur Depot,23.812102,84.725335,26.8,Normal,58.3,Normal,Minor,26.8,98,-64,2026-05-15 15:07:36,At Checkpoint,2026-05-21,On Track
SHP000179,BAT000179,DRG0179,Famotidine 20mg,SUP019,Ahmedabad Hub,Bengaluru Pharma Hub,17.421227,75.422005,21.9,Normal,69.0,Normal,Normal,67.9,36,-50,2026-05-15 13:03:36,Delayed,2026-05-17,On Track
SHP000180,BAT000180,DRG0180,Domperidone 10mg,SUP008,Mumbai Warehouse,Bengaluru Pharma Hub,18.194378,73.562764,25.3,Normal,79.3,High Humidity Alert,ALERT: Severe,75.5,37,-91,2026-05-15 12:41:36,At Checkpoint,2026-05-19,On Track
SHP000181,BAT000181,DRG0181,Metoclopramide 10mg,SUP012,Lucknow Store,Ahmedabad Hub,23.406051,73.462276,24.3,Normal,80.4,High Humidity Alert,Normal,83.3,32,-60,2026-05-15 21:40:36,In Transit,2026-05-22,On Track
SHP000182,BAT000182,DRG0182,Ondansetron 4mg,SUP008,Ahmedabad Hub,Bengaluru Pharma Hub,17.754275,75.201234,34.4,CRITICAL TEMP EXCURSION,65.1,Normal,Normal,47.5,63,-62,2026-05-15 15:55:36,At Checkpoint,2026-05-17,On Track
SHP000183,BAT000183,DRG0183,Ondansetron 8mg,SUP019,Delhi Cold Hub,Hyderabad Depot,21.81561,78.021513,35.7,CRITICAL TEMP EXCURSION,48.5,Normal,Normal,79.9,22,-63,2026-05-15 09:40:36,Delayed,2026-05-25,On Track
SHP000184,BAT000184,DRG0184,Ondansetron 4mg Injection,SUP012,Bengaluru Pharma Hub,Delhi Cold Hub,19.944745,77.409935,35.2,CRITICAL TEMP EXCURSION,80.9,High Humidity Alert,Minor,18.7,67,-105,2026-05-15 09:18:36,Delayed,2026-05-21,On Track
SHP000185,BAT000185,DRG0185,Loperamide 2mg,SUP015,Jaipur Depot,Mumbai Warehouse,20.995958,73.616779,26.0,Normal,40.7,Normal,ALERT: Severe,35.5,35,-103,2026-05-15 11:06:36,In Transit,2026-05-25,On Track
SHP000186,BAT000186,DRG0186,Lactulose 10g/15mL,SUP014,Delhi Cold Hub,Mumbai Warehouse,26.278354,76.094718,23.7,Normal,37.4,Normal,Normal,31.5,51,-64,2026-05-15 16:11:36,In Transit,2026-05-25,On Track
SHP000187,BAT000187,DRG0187,Bisacodyl 5mg,SUP002,Mumbai Warehouse,Jaipur Depot,21.650546,73.792417,19.5,Normal,45.6,Normal,Normal,79.1,58,-97,2026-05-15 15:00:36,In Transit,2026-05-22,On Track
SHP000188,BAT000188,DRG0188,Mesalazine 400mg,SUP009,Delhi Cold Hub,Pune Distribution,19.229541,74.085516,27.1,Normal,37.7,Normal,Normal,7.1,64,-78,2026-05-15 10:17:36,Delivered,2026-05-25,On Track
SHP000189,BAT000189,DRG0189,Sucralfate 1g,SUP018,Hyderabad Depot,Lucknow Store,20.757003,79.311504,32.0,CRITICAL TEMP EXCURSION,47.7,Normal,Normal,8.1,57,-82,2026-05-15 08:01:36,In Transit,2026-05-17,On Track
SHP000190,BAT000190,DRG0190,Oseltamivir 75mg,SUP017,Pune Distribution,Kolkata Cold Chain,21.818812,85.757306,22.2,Normal,78.2,High Humidity Alert,Normal,34.2,51,-85,2026-05-15 07:34:36,At Checkpoint,2026-05-16,On Track
SHP000191,BAT000191,DRG0191,Acyclovir 200mg,SUP003,Bengaluru Pharma Hub,Jaipur Depot,25.669011,75.916296,31.0,CRITICAL TEMP EXCURSION,62.7,Normal,ALERT: Severe,34.0,20,-89,2026-05-15 22:14:36,In Transit,2026-05-18,On Track
SHP000192,BAT000192,DRG0192,Acyclovir 400mg,SUP004,Jaipur Depot,Delhi Cold Hub,27.530564,76.281161,22.9,Normal,31.9,Normal,Normal,56.1,79,-50,2026-05-15 19:42:36,Delayed,2026-05-19,Breached
SHP000193,BAT000193,DRG0193,Acyclovir 500mg Injection,SUP013,Chennai Port,Kolkata Cold Chain,20.896857,86.961106,10.1,CRITICAL TEMP EXCURSION,60.8,Normal,Normal,12.2,47,-110,2026-05-15 21:44:36,In Transit,2026-05-23,On Track
SHP000194,BAT000194,DRG0194,Valacyclovir 500mg,SUP015,Kolkata Cold Chain,Hyderabad Depot,20.425651,84.194453,33.8,CRITICAL TEMP EXCURSION,67.2,Normal,Normal,10.4,94,-96,2026-05-15 10:32:36,In Transit,2026-05-19,On Track
SHP000195,BAT000195,DRG0195,Tenofovir 300mg,SUP017,Mumbai Warehouse,Kolkata Cold Chain,21.041499,81.78385,27.1,Normal,80.5,High Humidity Alert,Minor,56.4,20,-74,2026-05-16 00:49:36,In Transit,2026-05-24,On Track
SHP000196,BAT000196,DRG0196,Emtricitabine 200mg,SUP016,Jaipur Depot,Chennai Port,13.934356,80.021427,27.1,Normal,49.3,Normal,ALERT: Severe,21.3,62,-76,2026-05-15 15:15:36,In Transit,2026-05-23,On Track
SHP000197,BAT000197,DRG0197,Efavirenz 600mg,SUP007,Delhi Cold Hub,Ahmedabad Hub,27.096902,75.990126,24.6,Normal,60.8,Normal,Normal,71.0,69,-57,2026-05-15 21:30:36,Delayed,2026-05-16,Breached
SHP000198,BAT000198,DRG0198,Lopinavir-Ritonavir 200/50mg,SUP014,Hyderabad Depot,Jaipur Depot,24.666002,76.435864,4.8,Normal,65.9,Normal,Normal,86.6,48,-64,2026-05-15 22:45:36,In Transit,2026-05-22,On Track
SHP000199,BAT000199,DRG0199,Ribavirin 200mg,SUP004,Chennai Port,Ahmedabad Hub,17.583651,76.769239,25.3,Normal,64.2,Normal,Normal,84.8,64,-98,2026-05-15 13:15:36,Delayed,2026-05-22,On Track
SHP000200,BAT000200,DRG0200,Remdesivir 100mg Injection,SUP011,Bengaluru Pharma Hub,Jaipur Depot,14.715391,77.340229,1.3,Normal,44.4,Normal,ALERT: Severe,76.3,49,-53,2026-05-16 03:50:36,At Checkpoint,2026-05-16,On Track
SHP000201,BAT000201,DRG0201,Favipiravir 200mg,SUP012,Pune Distribution,Ahmedabad Hub,20.550316,73.288912,30.3,CRITICAL TEMP EXCURSION,68.0,Normal,ALERT: Severe,53.2,54,-104,2026-05-15 11:27:36,In Transit,2026-05-18,On Track
SHP000202,BAT000202,DRG0202,Ganciclovir 250mg,SUP010,Chennai Port,Pune Distribution,18.482623,73.875698,12.7,CRITICAL TEMP EXCURSION,69.3,Normal,Normal,8.9,38,-101,2026-05-15 21:17:36,At Checkpoint,2026-05-23,On Track
SHP000203,BAT000203,DRG0203,Lamivudine 150mg,SUP002,Mumbai Warehouse,Jaipur Depot,22.820141,74.307095,24.9,Normal,41.3,Normal,Normal,33.6,83,-57,2026-05-15 20:33:36,In Transit,2026-05-18,On Track
SHP000204,BAT000204,DRG0204,Zidovudine 300mg,SUP007,Chennai Port,Mumbai Warehouse,14.71002,78.326015,23.0,Normal,35.9,Normal,Minor,4.6,44,-91,2026-05-15 17:41:36,At Checkpoint,2026-05-22,On Track
SHP000205,BAT000205,DRG0205,Fluconazole 50mg,SUP017,Delhi Cold Hub,Kolkata Cold Chain,27.311832,79.573486,26.3,Normal,39.3,Normal,Normal,70.1,24,-72,2026-05-15 19:18:36,In Transit,2026-05-22,On Track
SHP000206,BAT000206,DRG0206,Fluconazole 150mg,SUP017,Kolkata Cold Chain,Bengaluru Pharma Hub,21.885816,87.600131,18.4,Normal,48.6,Normal,Normal,54.4,23,-107,2026-05-16 03:28:36,Delivered,2026-05-19,On Track
SHP000207,BAT000207,DRG0207,Itraconazole 100mg,SUP006,Bengaluru Pharma Hub,Pune Distribution,18.27876,73.974961,20.6,Normal,55.4,Normal,Normal,67.7,24,-69,2026-05-15 15:20:36,In Transit,2026-05-18,On Track
SHP000208,BAT000208,DRG0208,Voriconazole 200mg,SUP009,Delhi Cold Hub,Lucknow Store,28.284348,77.97875,23.7,Normal,34.2,Normal,Normal,44.6,43,-103,2026-05-16 05:53:36,In Transit,2026-05-21,On Track
SHP000209,BAT000209,DRG0209,Voriconazole 200mg Injection,SUP004,Chennai Port,Kolkata Cold Chain,20.651875,86.64442,7.5,Normal,83.0,High Humidity Alert,Normal,75.1,78,-94,2026-05-15 20:17:36,In Transit,2026-05-22,On Track
SHP000210,BAT000210,DRG0210,Amphotericin B 50mg Injection,SUP004,Mumbai Warehouse,Bengaluru Pharma Hub,14.065507,76.748704,8.2,WARNING: Near Limit,40.1,Normal,Normal,8.4,70,-110,2026-05-16 01:49:36,In Transit,2026-05-18,On Track
SHP000211,BAT000211,DRG0211,Caspofungin 50mg Injection,SUP011,Hyderabad Depot,Chennai Port,14.09954,79.857463,6.8,Normal,62.1,Normal,Normal,66.8,77,-59,2026-05-15 14:33:36,In Transit,2026-05-22,On Track
SHP000212,BAT000212,DRG0212,Micafungin 50mg Injection,SUP013,Lucknow Store,Mumbai Warehouse,25.196761,79.280138,1.8,Normal,80.8,High Humidity Alert,Normal,36.8,79,-72,2026-05-15 20:30:36,Delayed,2026-05-24,Breached
SHP000213,BAT000213,DRG0213,Terbinafine 250mg,SUP020,Bengaluru Pharma Hub,Chennai Port,13.109641,80.117502,19.3,Normal,32.0,Normal,Normal,9.6,34,-90,2026-05-15 12:25:36,At Checkpoint,2026-05-17,On Track
SHP000214,BAT000214,DRG0214,Clotrimazole 1% Cream,SUP011,Bengaluru Pharma Hub,Kolkata Cold Chain,18.15133,83.441072,25.3,Normal,59.5,Normal,Normal,23.0,91,-83,2026-05-15 13:12:36,Delayed,2026-05-22,Breached
SHP000215,BAT000215,DRG0215,BCG Vaccine 0.1mL,SUP016,Ahmedabad Hub,Kolkata Cold Chain,22.613778,88.350137,-20.4,Normal,31.3,Normal,ALERT: Severe,20.8,91,-105,2026-05-15 11:28:36,In Transit,2026-05-25,On Track
SHP000216,BAT000216,DRG0216,OPV Oral Polio Vaccine,SUP011,Mumbai Warehouse,Ahmedabad Hub,20.261341,72.751453,1.3,Normal,52.2,Normal,ALERT: Severe,65.3,87,-51,2026-05-15 23:52:36,Delivered,2026-05-25,On Track
SHP000217,BAT000217,DRG0217,DPT Vaccine 0.5mL,SUP002,Bengaluru Pharma Hub,Hyderabad Depot,16.485951,78.273136,4.5,Normal,54.7,Normal,Normal,45.4,35,-96,2026-05-15 11:09:36,At Checkpoint,2026-05-22,On Track
SHP000218,BAT000218,DRG0218,Hepatitis B 0.5mL Paediatric,SUP004,Pune Distribution,Chennai Port,16.137784,76.66115,9.0,WARNING: Near Limit,41.0,Normal,ALERT: Severe,44.3,38,-55,2026-05-16 06:15:36,In Transit,2026-05-21,On Track
SHP000219,BAT000219,DRG0219,Hepatitis B 1mL Adult,SUP019,Mumbai Warehouse,Hyderabad Depot,17.738734,77.100244,4.0,Normal,73.6,Normal,ALERT: Severe,64.3,71,-81,2026-05-15 22:34:36,At Checkpoint,2026-05-17,On Track
SHP000220,BAT000220,DRG0220,Hepatitis A 0.5mL,SUP005,Lucknow Store,Mumbai Warehouse,26.82271,80.945912,1.7,Normal,43.9,Normal,Normal,71.8,22,-73,2026-05-16 03:35:36,Delivered,2026-05-25,On Track
SHP000221,BAT000221,DRG0221,MMR Vaccine 0.5mL,SUP017,Bengaluru Pharma Hub,Hyderabad Depot,13.583908,77.761862,5.7,Normal,59.3,Normal,Minor,65.4,99,-108,2026-05-15 17:29:36,In Transit,2026-05-24,On Track
SHP000222,BAT000222,DRG0222,Varicella Vaccine 0.5mL,SUP011,Pune Distribution,Chennai Port,15.600217,77.299817,8.3,WARNING: Near Limit,53.4,Normal,Normal,35.0,25,-107,2026-05-16 05:57:36,At Checkpoint,2026-05-25,On Track
SHP000223,BAT000223,DRG0223,Rotavirus Oral 1.5mL,SUP007,Jaipur Depot,Chennai Port,17.423683,78.817151,14.0,CRITICAL TEMP EXCURSION,82.4,High Humidity Alert,Normal,83.7,86,-54,2026-05-16 03:50:36,In Transit,2026-05-17,On Track
SHP000224,BAT000224,DRG0224,Pneumococcal PCV13 0.5mL,SUP013,Lucknow Store,Jaipur Depot,26.908557,77.597752,12.4,CRITICAL TEMP EXCURSION,74.3,Normal,Normal,87.6,44,-70,2026-05-15 21:52:36,Delayed,2026-05-16,Breached
SHP000225,BAT000225,DRG0225,Meningococcal 0.5mL,SUP008,Hyderabad Depot,Pune Distribution,18.228674,74.946792,4.0,Normal,61.6,Normal,Minor,22.5,94,-54,2026-05-15 21:25:36,Delivered,2026-05-22,On Track
SHP000226,BAT000226,DRG0226,HPV Vaccine 0.5mL,SUP006,Ahmedabad Hub,Bengaluru Pharma Hub,15.784458,76.173638,6.2,Normal,30.9,Normal,Normal,63.6,89,-52,2026-05-16 03:37:36,Delayed,2026-05-24,Breached
SHP000227,BAT000227,DRG0227,Influenza 0.5mL,SUP008,Bengaluru Pharma Hub,Hyderabad Depot,15.246816,78.079255,2.2,Normal,79.0,High Humidity Alert,Normal,3.0,64,-78,2026-05-16 04:21:36,Delivered,2026-05-20,On Track
SHP000228,BAT000228,DRG0228,Typhoid Vi Vaccine 0.5mL,SUP001,Pune Distribution,Bengaluru Pharma Hub,15.95492,75.590277,4.3,Normal,38.8,Normal,Normal,31.0,78,-109,2026-05-16 06:27:36,In Transit,2026-05-17,On Track
SHP000229,BAT000229,DRG0229,Rabies Vaccine 1mL,SUP012,Bengaluru Pharma Hub,Delhi Cold Hub,28.502433,77.175845,1.9,Normal,36.4,Normal,Normal,84.4,100,-99,2026-05-15 09:11:36,In Transit,2026-05-21,On Track
SHP000230,BAT000230,DRG0230,Tetanus Toxoid 0.5mL,SUP014,Lucknow Store,Mumbai Warehouse,24.654188,78.62139,1.5,Normal,63.1,Normal,Normal,5.0,74,-84,2026-05-16 05:56:36,In Transit,2026-05-17,On Track
SHP000231,BAT000231,DRG0231,COVID-19 mRNA Vaccine,SUP003,Bengaluru Pharma Hub,Jaipur Depot,16.313829,77.115352,-54.7,CRITICAL TEMP EXCURSION,79.9,High Humidity Alert,Normal,88.5,36,-74,2026-05-15 09:20:36,Delivered,2026-05-17,On Track
SHP000232,BAT000232,DRG0232,COVID-19 Vector Vaccine,SUP004,Pune Distribution,Delhi Cold Hub,19.798517,74.2525,4.0,Normal,57.4,Normal,Normal,39.2,61,-96,2026-05-15 21:55:36,In Transit,2026-05-22,On Track
SHP000233,BAT000233,DRG0233,Levodopa-Carbidopa 100/25mg,SUP012,Mumbai Warehouse,Chennai Port,15.189223,77.768639,20.6,Normal,64.9,Normal,Normal,74.3,23,-104,2026-05-15 09:31:36,In Transit,2026-05-21,On Track
SHP000234,BAT000234,DRG0234,Levodopa-Carbidopa 250/25mg,SUP006,Hyderabad Depot,Mumbai Warehouse,18.025741,76.463936,29.6,WARNING: Near Limit,47.0,Normal,Normal,23.4,64,-75,2026-05-15 16:21:36,In Transit,2026-05-23,On Track
SHP000235,BAT000235,DRG0235,Pramipexole 0.5mg,SUP011,Kolkata Cold Chain,Jaipur Depot,23.35038,86.263173,19.5,Normal,55.2,Normal,Normal,35.5,20,-78,2026-05-15 17:22:36,Delivered,2026-05-22,On Track
SHP000236,BAT000236,DRG0236,Donepezil 5mg,SUP001,Pune Distribution,Kolkata Cold Chain,22.416538,87.655367,35.6,CRITICAL TEMP EXCURSION,78.4,High Humidity Alert,Normal,76.7,76,-78,2026-05-15 21:32:36,At Checkpoint,2026-05-20,On Track
SHP000237,BAT000237,DRG0237,Donepezil 10mg,SUP009,Ahmedabad Hub,Lucknow Store,26.212325,79.529208,22.3,Normal,32.0,Normal,Normal,72.6,58,-78,2026-05-15 11:26:36,Delivered,2026-05-20,On Track
SHP000238,BAT000238,DRG0238,Memantine 10mg,SUP018,Bengaluru Pharma Hub,Lucknow Store,16.27273,78.414379,21.7,Normal,53.1,Normal,ALERT: Severe,67.9,90,-101,2026-05-16 02:58:36,In Transit,2026-05-17,On Track
SHP000239,BAT000239,DRG0239,Phenytoin 50mg,SUP017,Pune Distribution,Kolkata Cold Chain,21.948796,86.118305,21.1,Normal,73.2,Normal,Normal,87.3,55,-59,2026-05-15 21:05:36,Delayed,2026-05-17,On Track
SHP000240,BAT000240,DRG0240,Phenytoin 100mg,SUP012,Delhi Cold Hub,Ahmedabad Hub,24.290211,73.577018,31.5,CRITICAL TEMP EXCURSION,77.1,High Humidity Alert,Normal,21.0,48,-89,2026-05-15 07:38:36,At Checkpoint,2026-05-20,On Track
SHP000241,BAT000241,DRG0241,Carbamazepine 200mg,SUP003,Jaipur Depot,Lucknow Store,26.881828,79.949701,27.6,Normal,59.5,Normal,Normal,36.5,22,-88,2026-05-16 03:23:36,In Transit,2026-05-16,On Track
SHP000242,BAT000242,DRG0242,Carbamazepine 400mg,SUP012,Bengaluru Pharma Hub,Delhi Cold Hub,15.527793,77.513619,21.3,Normal,74.1,Normal,Normal,22.2,23,-103,2026-05-15 17:02:36,In Transit,2026-05-20,On Track
SHP000243,BAT000243,DRG0243,Valproate 200mg,SUP019,Lucknow Store,Jaipur Depot,26.906929,78.733397,34.3,CRITICAL TEMP EXCURSION,65.3,Normal,Minor,34.7,27,-98,2026-05-16 01:10:36,In Transit,2026-05-19,On Track
SHP000244,BAT000244,DRG0244,Valproate 500mg,SUP006,Delhi Cold Hub,Ahmedabad Hub,25.54361,74.66524,19.0,Normal,74.4,Normal,Normal,84.5,46,-91,2026-05-15 14:32:36,In Transit,2026-05-19,On Track
SHP000245,BAT000245,DRG0245,Lamotrigine 25mg,SUP017,Delhi Cold Hub,Ahmedabad Hub,24.443082,73.738879,23.0,Normal,72.9,Normal,Normal,79.6,69,-54,2026-05-16 01:26:36,In Transit,2026-05-26,On Track
SHP000246,BAT000246,DRG0246,Lamotrigine 50mg,SUP014,Lucknow Store,Mumbai Warehouse,21.213968,75.130875,29.7,WARNING: Near Limit,55.7,Normal,Minor,29.6,66,-52,2026-05-16 06:25:36,Delayed,2026-05-17,Breached
SHP000247,BAT000247,DRG0247,Levetiracetam 250mg,SUP008,Ahmedabad Hub,Pune Distribution,22.019486,72.879226,35.5,CRITICAL TEMP EXCURSION,60.7,Normal,ALERT: Severe,78.1,76,-77,2026-05-16 06:37:36,Delivered,2026-05-18,On Track
SHP000248,BAT000248,DRG0248,Levetiracetam 500mg,SUP019,Ahmedabad Hub,Mumbai Warehouse,20.197315,72.834972,30.2,CRITICAL TEMP EXCURSION,68.0,Normal,Normal,70.1,80,-57,2026-05-16 01:28:36,In Transit,2026-05-19,On Track
SHP000249,BAT000249,DRG0249,Topiramate 25mg,SUP013,Lucknow Store,Kolkata Cold Chain,25.771599,82.772435,22.1,Normal,42.5,Normal,Normal,79.0,91,-55,2026-05-16 03:07:36,In Transit,2026-05-18,On Track
SHP000250,BAT000250,DRG0250,Topiramate 50mg,SUP005,Chennai Port,Jaipur Depot,13.311379,80.208692,23.6,Normal,83.4,High Humidity Alert,Normal,1.3,52,-68,2026-05-15 20:44:36,In Transit,2026-05-18,On Track
SHP000251,BAT000251,DRG0251,Clonazepam 0.5mg,SUP016,Hyderabad Depot,Kolkata Cold Chain,22.352119,88.040831,18.5,Normal,84.6,High Humidity Alert,Minor,60.2,68,-75,2026-05-15 18:43:36,Delivered,2026-05-20,On Track
SHP000252,BAT000252,DRG0252,Clonazepam 2mg,SUP009,Kolkata Cold Chain,Ahmedabad Hub,22.611648,88.067488,23.2,Normal,68.0,Normal,Normal,52.0,66,-66,2026-05-16 01:54:36,In Transit,2026-05-21,On Track
SHP000253,BAT000253,DRG0253,Sumatriptan 50mg,SUP007,Mumbai Warehouse,Delhi Cold Hub,27.115184,76.542835,18.1,Normal,81.0,High Humidity Alert,Normal,17.8,25,-50,2026-05-15 08:36:36,At Checkpoint,2026-05-20,On Track
SHP000254,BAT000254,DRG0254,Rizatriptan 10mg,SUP013,Bengaluru Pharma Hub,Chennai Port,13.086154,79.884847,28.4,Normal,61.8,Normal,Normal,48.8,57,-78,2026-05-16 04:29:36,In Transit,2026-05-16,On Track
SHP000255,BAT000255,DRG0255,Sertraline 25mg,SUP017,Mumbai Warehouse,Chennai Port,13.628727,79.636652,27.8,Normal,47.4,Normal,Normal,4.2,32,-87,2026-05-16 04:19:36,Delivered,2026-05-23,On Track
SHP000256,BAT000256,DRG0256,Sertraline 50mg,SUP007,Pune Distribution,Jaipur Depot,26.841274,75.756804,20.8,Normal,77.7,High Humidity Alert,Minor,77.6,49,-91,2026-05-15 11:58:36,In Transit,2026-05-17,On Track
SHP000257,BAT000257,DRG0257,Fluoxetine 20mg,SUP002,Mumbai Warehouse,Pune Distribution,19.028362,72.920523,23.0,Normal,72.3,Normal,Normal,44.2,94,-60,2026-05-15 16:15:36,In Transit,2026-05-21,On Track
SHP000258,BAT000258,DRG0258,Escitalopram 5mg,SUP018,Ahmedabad Hub,Hyderabad Depot,19.893769,75.862011,19.6,Normal,72.4,Normal,Normal,81.7,62,-59,2026-05-16 03:23:36,In Transit,2026-05-19,On Track
SHP000259,BAT000259,DRG0259,Escitalopram 10mg,SUP018,Lucknow Store,Pune Distribution,20.476216,75.482034,19.9,Normal,77.0,High Humidity Alert,ALERT: Severe,4.1,96,-81,2026-05-16 01:15:36,In Transit,2026-05-22,On Track
SHP000260,BAT000260,DRG0260,Paroxetine 20mg,SUP004,Mumbai Warehouse,Bengaluru Pharma Hub,17.250593,74.298022,22.4,Normal,45.4,Normal,Normal,42.2,24,-88,2026-05-16 04:32:36,Delivered,2026-05-17,On Track
SHP000261,BAT000261,DRG0261,Venlafaxine 37.5mg,SUP010,Mumbai Warehouse,Ahmedabad Hub,19.912097,72.81173,27.7,Normal,71.5,Normal,Normal,47.8,49,-80,2026-05-15 08:03:36,Delayed,2026-05-16,Breached
SHP000262,BAT000262,DRG0262,Venlafaxine 75mg,SUP014,Ahmedabad Hub,Pune Distribution,21.613652,72.917448,23.3,Normal,75.2,High Humidity Alert,Normal,45.3,61,-65,2026-05-15 15:04:36,Delayed,2026-05-18,Breached
SHP000263,BAT000263,DRG0263,Amitriptyline 10mg,SUP005,Bengaluru Pharma Hub,Lucknow Store,17.609781,78.697883,29.8,WARNING: Near Limit,79.1,High Humidity Alert,Normal,50.0,58,-108,2026-05-15 15:26:36,Delivered,2026-05-22,On Track
SHP000264,BAT000264,DRG0264,Amitriptyline 25mg,SUP012,Chennai Port,Bengaluru Pharma Hub,13.096828,80.230899,23.7,Normal,33.7,Normal,ALERT: Severe,18.6,63,-97,2026-05-15 12:01:36,Delivered,2026-05-23,On Track
SHP000265,BAT000265,DRG0265,Clomipramine 25mg,SUP013,Kolkata Cold Chain,Bengaluru Pharma Hub,19.096688,84.546353,24.0,Normal,56.1,Normal,Normal,36.6,23,-59,2026-05-15 21:45:36,At Checkpoint,2026-05-24,On Track
SHP000266,BAT000266,DRG0266,Mirtazapine 15mg,SUP011,Kolkata Cold Chain,Hyderabad Depot,21.677082,86.649926,21.1,Normal,49.1,Normal,Normal,61.9,97,-61,2026-05-16 01:48:36,Delivered,2026-05-19,On Track
SHP000267,BAT000267,DRG0267,Olanzapine 5mg,SUP016,Lucknow Store,Kolkata Cold Chain,23.720146,86.434382,23.1,Normal,44.2,Normal,Normal,28.3,61,-84,2026-05-15 15:22:36,In Transit,2026-05-23,On Track
SHP000268,BAT000268,DRG0268,Olanzapine 10mg,SUP014,Jaipur Depot,Ahmedabad Hub,24.952084,74.155425,18.9,Normal,68.7,Normal,Normal,21.7,87,-94,2026-05-16 01:43:36,In Transit,2026-05-23,On Track
SHP000269,BAT000269,DRG0269,Risperidone 1mg,SUP020,Hyderabad Depot,Kolkata Cold Chain,21.236541,85.913308,26.5,Normal,39.6,Normal,ALERT: Severe,13.3,33,-104,2026-05-16 04:11:36,Delivered,2026-05-21,On Track
SHP000270,BAT000270,DRG0270,Risperidone 2mg,SUP018,Ahmedabad Hub,Kolkata Cold Chain,22.796396,82.114117,27.4,Normal,38.7,Normal,Minor,33.5,56,-93,2026-05-15 11:53:36,Delivered,2026-05-25,On Track
SHP000271,BAT000271,DRG0271,Quetiapine 25mg,SUP003,Jaipur Depot,Hyderabad Depot,26.571456,75.835068,24.9,Normal,41.4,Normal,Normal,16.8,43,-63,2026-05-15 16:38:36,At Checkpoint,2026-05-24,On Track
SHP000272,BAT000272,DRG0272,Quetiapine 100mg,SUP015,Mumbai Warehouse,Delhi Cold Hub,28.623228,77.163942,23.9,Normal,34.3,Normal,Normal,49.2,29,-82,2026-05-15 14:53:36,In Transit,2026-05-19,On Track
SHP000273,BAT000273,DRG0273,Haloperidol 5mg,SUP007,Delhi Cold Hub,Kolkata Cold Chain,23.027204,87.542318,26.2,Normal,81.8,High Humidity Alert,Normal,52.5,46,-99,2026-05-15 16:38:36,Delivered,2026-05-18,On Track
SHP000274,BAT000274,DRG0274,Lithium 300mg,SUP016,Chennai Port,Lucknow Store,18.24047,80.486498,19.9,Normal,45.3,Normal,Normal,39.0,50,-52,2026-05-15 11:47:36,In Transit,2026-05-24,On Track
SHP000275,BAT000275,DRG0275,Diazepam 2mg,SUP013,Hyderabad Depot,Mumbai Warehouse,18.664386,74.310512,35.3,CRITICAL TEMP EXCURSION,63.9,Normal,Minor,73.6,90,-90,2026-05-16 03:02:36,Delayed,2026-05-25,Breached
SHP000276,BAT000276,DRG0276,Diazepam 5mg,SUP003,Lucknow Store,Hyderabad Depot,25.663049,80.682432,24.5,Normal,34.8,Normal,Minor,10.6,69,-96,2026-05-15 18:52:36,Delayed,2026-05-16,Breached
SHP000277,BAT000277,DRG0277,Alprazolam 0.25mg,SUP018,Lucknow Store,Kolkata Cold Chain,26.625437,81.409403,25.8,Normal,75.3,High Humidity Alert,Normal,77.7,90,-69,2026-05-15 20:22:36,In Transit,2026-05-19,On Track
SHP000278,BAT000278,DRG0278,Alprazolam 0.5mg,SUP007,Lucknow Store,Ahmedabad Hub,25.859039,78.737401,34.3,CRITICAL TEMP EXCURSION,57.8,Normal,Minor,39.1,20,-84,2026-05-15 13:50:36,In Transit,2026-05-22,On Track
SHP000279,BAT000279,DRG0279,Zolpidem 5mg,SUP015,Mumbai Warehouse,Bengaluru Pharma Hub,18.754798,73.109536,35.8,CRITICAL TEMP EXCURSION,76.4,High Humidity Alert,Minor,4.2,43,-61,2026-05-16 04:05:36,In Transit,2026-05-20,On Track
SHP000280,BAT000280,DRG0280,Levothyroxine 25mcg,SUP008,Hyderabad Depot,Mumbai Warehouse,17.861844,76.960412,20.1,Normal,38.6,Normal,Normal,22.3,42,-110,2026-05-16 01:01:36,In Transit,2026-05-21,On Track
SHP000281,BAT000281,DRG0281,Levothyroxine 50mcg,SUP006,Delhi Cold Hub,Mumbai Warehouse,27.132828,76.557332,28.2,Normal,33.3,Normal,Minor,79.6,48,-89,2026-05-15 21:04:36,In Transit,2026-05-26,On Track
SHP000282,BAT000282,DRG0282,Levothyroxine 100mcg,SUP018,Mumbai Warehouse,Hyderabad Depot,17.63775,77.706484,21.4,Normal,73.1,Normal,Minor,17.4,51,-98,2026-05-16 01:12:36,In Transit,2026-05-19,On Track
SHP000283,BAT000283,DRG0283,Carbimazole 5mg,SUP011,Kolkata Cold Chain,Bengaluru Pharma Hub,16.851117,82.018631,33.4,CRITICAL TEMP EXCURSION,70.7,Normal,ALERT: Severe,20.7,36,-57,2026-05-15 21:33:36,In Transit,2026-05-17,On Track
SHP000284,BAT000284,DRG0284,Propylthiouracil 50mg,SUP007,Bengaluru Pharma Hub,Mumbai Warehouse,15.667308,75.508579,28.5,Normal,63.1,Normal,Normal,85.6,35,-101,2026-05-15 22:27:36,Delivered,2026-05-22,On Track
SHP000285,BAT000285,DRG0285,Prednisolone 5mg,SUP014,Hyderabad Depot,Delhi Cold Hub,22.768371,77.85914,28.9,Normal,51.1,Normal,Minor,69.7,54,-69,2026-05-16 03:34:36,At Checkpoint,2026-05-19,On Track
SHP000286,BAT000286,DRG0286,Prednisolone 10mg,SUP013,Ahmedabad Hub,Pune Distribution,20.251273,73.379625,23.4,Normal,68.7,Normal,Normal,43.3,49,-64,2026-05-15 17:04:36,In Transit,2026-05-22,On Track
SHP000287,BAT000287,DRG0287,Prednisolone 20mg,SUP016,Chennai Port,Ahmedabad Hub,16.265323,77.819328,21.0,Normal,35.7,Normal,Normal,63.1,99,-83,2026-05-16 02:38:36,Delivered,2026-05-19,On Track
SHP000288,BAT000288,DRG0288,Dexamethasone 0.5mg,SUP011,Mumbai Warehouse,Lucknow Store,23.47954,77.509657,21.2,Normal,78.1,High Humidity Alert,Normal,5.5,41,-65,2026-05-16 03:08:36,In Transit,2026-05-21,On Track
SHP000289,BAT000289,DRG0289,Dexamethasone 4mg Injection,SUP004,Hyderabad Depot,Pune Distribution,17.769422,76.821873,19.7,Normal,62.0,Normal,Normal,27.0,26,-77,2026-05-15 15:40:36,Delivered,2026-05-25,On Track
SHP000290,BAT000290,DRG0290,Hydrocortisone 100mg Injection,SUP016,Ahmedabad Hub,Bengaluru Pharma Hub,20.410482,73.84478,21.0,Normal,37.2,Normal,Normal,45.2,50,-65,2026-05-15 22:04:36,Delayed,2026-05-26,Breached
SHP000291,BAT000291,DRG0291,Methylprednisolone 4mg,SUP012,Jaipur Depot,Delhi Cold Hub,27.941073,76.674012,24.5,Normal,57.1,Normal,Normal,44.3,68,-57,2026-05-15 11:08:36,In Transit,2026-05-19,On Track
SHP000292,BAT000292,DRG0292,Methylprednisolone 40mg Injection,SUP001,Hyderabad Depot,Bengaluru Pharma Hub,14.834515,77.954332,35.2,CRITICAL TEMP EXCURSION,81.9,High Humidity Alert,Normal,30.6,89,-68,2026-05-15 20:51:36,Delivered,2026-05-20,On Track
SHP000293,BAT000293,DRG0293,Testosterone 250mg Injection,SUP001,Mumbai Warehouse,Jaipur Depot,21.690126,73.876617,24.4,Normal,75.6,High Humidity Alert,Minor,15.5,61,-66,2026-05-15 15:49:36,Delayed,2026-05-23,Breached
SHP000294,BAT000294,DRG0294,Progesterone 200mg,SUP015,Bengaluru Pharma Hub,Mumbai Warehouse,17.463369,74.103942,7.2,Normal,49.9,Normal,Normal,77.6,60,-63,2026-05-15 18:00:36,In Transit,2026-05-25,On Track
SHP000295,BAT000295,DRG0295,Estradiol 1mg,SUP011,Kolkata Cold Chain,Bengaluru Pharma Hub,17.206994,82.419059,30.6,CRITICAL TEMP EXCURSION,40.1,Normal,ALERT: Severe,71.6,71,-100,2026-05-15 20:30:36,Delivered,2026-05-18,On Track
SHP000296,BAT000296,DRG0296,Tamoxifen 20mg,SUP009,Jaipur Depot,Kolkata Cold Chain,26.119515,78.198623,19.1,Normal,82.0,High Humidity Alert,Normal,22.1,55,-105,2026-05-15 20:56:36,At Checkpoint,2026-05-25,On Track
SHP000297,BAT000297,DRG0297,Anastrozole 1mg,SUP016,Bengaluru Pharma Hub,Mumbai Warehouse,17.792788,73.892907,28.0,Normal,54.4,Normal,Normal,36.9,20,-94,2026-05-15 19:03:36,In Transit,2026-05-25,On Track
SHP000298,BAT000298,DRG0298,Growth Hormone 4IU,SUP015,Pune Distribution,Kolkata Cold Chain,19.264034,76.707671,1.2,Normal,42.7,Normal,Normal,4.5,30,-74,2026-05-15 23:15:36,In Transit,2026-05-21,On Track
SHP000299,BAT000299,DRG0299,Methotrexate 2.5mg,SUP004,Hyderabad Depot,Jaipur Depot,23.247689,76.795055,1.7,Normal,62.6,Normal,Normal,76.7,25,-84,2026-05-16 06:01:36,At Checkpoint,2026-05-18,On Track
SHP000300,BAT000300,DRG0300,Methotrexate 50mg Injection,SUP006,Ahmedabad Hub,Lucknow Store,25.524975,78.069127,13.1,CRITICAL TEMP EXCURSION,53.0,Normal,Normal,42.7,75,-55,2026-05-16 02:19:36,Delivered,2026-05-20,On Track
SHP000301,BAT000301,DRG0301,Cyclophosphamide 50mg,SUP001,Hyderabad Depot,Jaipur Depot,24.165609,76.512884,23.6,Normal,41.0,Normal,Normal,8.1,74,-68,2026-05-16 01:44:36,In Transit,2026-05-26,On Track
SHP000302,BAT000302,DRG0302,5-Fluorouracil 250mg Injection,SUP017,Delhi Cold Hub,Hyderabad Depot,17.614062,78.493679,12.9,CRITICAL TEMP EXCURSION,73.6,Normal,Normal,25.5,31,-83,2026-05-15 20:31:36,In Transit,2026-05-19,On Track
SHP000303,BAT000303,DRG0303,Cisplatin 50mg Injection,SUP006,Delhi Cold Hub,Kolkata Cold Chain,26.545684,81.080452,2.6,Normal,39.8,Normal,Normal,59.3,69,-77,2026-05-15 18:23:36,Delivered,2026-05-22,On Track
SHP000304,BAT000304,DRG0304,Carboplatin 150mg Injection,SUP001,Mumbai Warehouse,Kolkata Cold Chain,22.049209,86.150074,6.0,Normal,32.5,Normal,Normal,79.2,28,-80,2026-05-15 19:33:36,In Transit,2026-05-17,On Track
SHP000305,BAT000305,DRG0305,Paclitaxel 300mg Injection,SUP014,Jaipur Depot,Lucknow Store,26.933202,78.097926,5.9,Normal,40.4,Normal,Normal,62.8,25,-54,2026-05-16 00:59:36,In Transit,2026-05-24,On Track
SHP000306,BAT000306,DRG0306,Docetaxel 80mg Injection,SUP014,Hyderabad Depot,Ahmedabad Hub,19.14654,76.62462,2.8,Normal,49.0,Normal,Normal,71.7,84,-58,2026-05-15 17:28:36,At Checkpoint,2026-05-20,On Track
SHP000307,BAT000307,DRG0307,Doxorubicin 50mg Injection,SUP010,Ahmedabad Hub,Mumbai Warehouse,22.406738,72.649366,2.8,Normal,76.3,High Humidity Alert,Normal,37.6,92,-108,2026-05-15 21:09:36,Delayed,2026-05-23,Breached
SHP000308,BAT000308,DRG0308,Imatinib 100mg,SUP001,Jaipur Depot,Kolkata Cold Chain,23.70386,85.033081,18.0,Normal,48.6,Normal,Minor,78.7,100,-54,2026-05-15 20:04:36,Delivered,2026-05-20,On Track
SHP000309,BAT000309,DRG0309,Imatinib 400mg,SUP001,Bengaluru Pharma Hub,Delhi Cold Hub,19.062696,77.426031,18.2,Normal,73.9,Normal,Minor,70.3,81,-76,2026-05-16 04:05:36,In Transit,2026-05-26,On Track
SHP000310,BAT000310,DRG0310,Gefitinib 250mg,SUP018,Kolkata Cold Chain,Mumbai Warehouse,21.541743,83.658381,21.5,Normal,55.1,Normal,Minor,23.6,47,-81,2026-05-16 05:00:36,Delivered,2026-05-22,On Track
SHP000311,BAT000311,DRG0311,Erlotinib 150mg,SUP001,Delhi Cold Hub,Jaipur Depot,27.367944,76.185555,23.0,Normal,79.3,High Humidity Alert,Normal,11.8,69,-62,2026-05-15 22:46:36,Delivered,2026-05-24,On Track
SHP000312,BAT000312,DRG0312,Trastuzumab 440mg Injection,SUP010,Delhi Cold Hub,Pune Distribution,21.999283,74.95814,5.1,Normal,63.5,Normal,Normal,84.5,39,-82,2026-05-15 14:31:36,Delayed,2026-05-18,On Track
SHP000313,BAT000313,DRG0313,Bevacizumab 100mg Injection,SUP011,Delhi Cold Hub,Mumbai Warehouse,21.183081,73.797373,7.7,Normal,60.9,Normal,Normal,26.1,50,-87,2026-05-15 16:41:36,Delivered,2026-05-16,On Track
SHP000314,BAT000314,DRG0314,Rituximab 500mg Injection,SUP017,Pune Distribution,Mumbai Warehouse,18.621816,73.610293,5.1,Normal,41.6,Normal,Normal,43.5,76,-68,2026-05-15 23:32:36,In Transit,2026-05-22,On Track
SHP000315,BAT000315,DRG0315,Capecitabine 500mg,SUP004,Ahmedabad Hub,Delhi Cold Hub,26.050116,75.136265,28.7,Normal,56.1,Normal,Minor,57.8,30,-71,2026-05-16 06:11:36,At Checkpoint,2026-05-23,On Track
SHP000316,BAT000316,DRG0316,Lenalidomide 25mg,SUP013,Jaipur Depot,Lucknow Store,26.855892,78.036304,27.7,Normal,32.6,Normal,Normal,67.6,93,-84,2026-05-15 23:46:36,In Transit,2026-05-26,On Track
SHP000317,BAT000317,DRG0317,Vitamin C 500mg,SUP015,Bengaluru Pharma Hub,Jaipur Depot,22.677778,76.341429,22.8,Normal,70.8,Normal,Normal,71.9,61,-56,2026-05-16 06:00:36,Delayed,2026-05-26,Breached
SHP000318,BAT000318,DRG0318,Vitamin C 1000mg,SUP011,Bengaluru Pharma Hub,Lucknow Store,24.485677,80.327054,24.7,Normal,72.1,Normal,Normal,49.1,71,-67,2026-05-15 15:38:36,In Transit,2026-05-22,On Track
SHP000319,BAT000319,DRG0319,Vitamin D3 1000IU,SUP010,Kolkata Cold Chain,Hyderabad Depot,21.559577,86.475624,24.9,Normal,82.9,High Humidity Alert,Normal,42.7,94,-73,2026-05-16 00:41:36,At Checkpoint,2026-05-25,On Track
SHP000320,BAT000320,DRG0320,Vitamin D3 60000IU,SUP006,Delhi Cold Hub,Jaipur Depot,27.029727,75.892309,21.9,Normal,78.6,High Humidity Alert,Normal,69.5,49,-81,2026-05-16 03:39:36,Delivered,2026-05-16,On Track
SHP000321,BAT000321,DRG0321,Vitamin B12 500mcg,SUP002,Jaipur Depot,Kolkata Cold Chain,23.324325,86.106016,21.5,Normal,31.7,Normal,ALERT: Severe,62.6,88,-67,2026-05-15 08:03:36,In Transit,2026-05-17,On Track
SHP000322,BAT000322,DRG0322,Vitamin B12 1000mcg Injection,SUP010,Hyderabad Depot,Pune Distribution,17.7774,77.096336,31.7,CRITICAL TEMP EXCURSION,72.6,Normal,Minor,88.1,77,-109,2026-05-15 17:45:36,At Checkpoint,2026-05-18,On Track
SHP000323,BAT000323,DRG0323,Vitamin B Complex,SUP001,Delhi Cold Hub,Pune Distribution,20.335933,74.411902,25.3,Normal,38.9,Normal,Normal,20.9,85,-63,2026-05-15 21:15:36,Delayed,2026-05-19,On Track
SHP000324,BAT000324,DRG0324,Folic Acid 5mg,SUP005,Bengaluru Pharma Hub,Delhi Cold Hub,20.263357,77.406374,29.1,WARNING: Near Limit,51.3,Normal,Normal,85.8,54,-68,2026-05-15 23:10:36,Delayed,2026-05-17,Breached
SHP000325,BAT000325,DRG0325,Iron 100mg (as Ferrous Sulphate),SUP015,Jaipur Depot,Mumbai Warehouse,26.120644,75.462999,29.1,WARNING: Near Limit,66.2,Normal,ALERT: Severe,46.0,62,-110,2026-05-15 23:55:36,Delivered,2026-05-16,On Track
SHP000326,BAT000326,DRG0326,Iron Sucrose 100mg Injection,SUP016,Delhi Cold Hub,Ahmedabad Hub,28.31964,76.922326,18.5,Normal,78.4,High Humidity Alert,Normal,2.8,100,-76,2026-05-16 05:40:36,At Checkpoint,2026-05-26,On Track
SHP000327,BAT000327,DRG0327,Calcium 500mg,SUP003,Delhi Cold Hub,Ahmedabad Hub,27.688022,76.436633,24.6,Normal,65.8,Normal,Normal,75.0,87,-90,2026-05-16 05:43:36,Delayed,2026-05-16,Breached
SHP000328,BAT000328,DRG0328,Calcium + Vitamin D3,SUP019,Jaipur Depot,Lucknow Store,26.915647,79.236134,25.8,Normal,64.7,Normal,Normal,6.8,89,-110,2026-05-15 16:18:36,At Checkpoint,2026-05-26,On Track
SHP000329,BAT000329,DRG0329,Zinc 20mg,SUP009,Delhi Cold Hub,Kolkata Cold Chain,23.394112,86.783594,18.2,Normal,31.8,Normal,Normal,75.7,50,-71,2026-05-16 02:39:36,Delivered,2026-05-16,On Track
SHP000330,BAT000330,DRG0330,Magnesium 250mg,SUP005,Bengaluru Pharma Hub,Kolkata Cold Chain,14.880266,79.666959,21.9,Normal,62.7,Normal,ALERT: Severe,58.6,52,-89,2026-05-15 12:56:36,Delayed,2026-05-23,On Track
SHP000331,BAT000331,DRG0331,Omega-3 Fatty Acids 1000mg,SUP018,Delhi Cold Hub,Bengaluru Pharma Hub,28.467223,77.244274,19.7,Normal,38.9,Normal,Normal,19.3,96,-109,2026-05-15 10:45:36,In Transit,2026-05-18,On Track
SHP000332,BAT000332,DRG0332,Multivitamin Tablet,SUP020,Hyderabad Depot,Ahmedabad Hub,19.389253,76.337291,23.4,Normal,75.3,High Humidity Alert,ALERT: Severe,5.3,98,-86,2026-05-15 08:35:36,Delivered,2026-05-16,On Track
SHP000333,BAT000333,DRG0333,Biotin 10mg,SUP001,Bengaluru Pharma Hub,Chennai Port,12.980342,78.27742,21.7,Normal,49.4,Normal,Normal,62.9,74,-94,2026-05-15 13:38:36,In Transit,2026-05-24,On Track
SHP000334,BAT000334,DRG0334,Niacin 500mg,SUP004,Ahmedabad Hub,Pune Distribution,19.493722,73.524127,22.8,Normal,68.6,Normal,Minor,49.2,35,-88,2026-05-15 11:17:36,Delivered,2026-05-23,On Track
SHP000335,BAT000335,DRG0335,Coenzyme Q10 100mg,SUP011,Hyderabad Depot,Jaipur Depot,20.948697,77.479444,20.4,Normal,37.0,Normal,Normal,3.5,71,-59,2026-05-15 14:55:36,At Checkpoint,2026-05-25,On Track
SHP000336,BAT000336,DRG0336,Betamethasone 0.1% Cream,SUP018,Jaipur Depot,Kolkata Cold Chain,25.638551,79.342613,27.8,Normal,83.2,High Humidity Alert,ALERT: Severe,81.5,37,-63,2026-05-16 05:01:36,In Transit,2026-05-18,On Track
SHP000337,BAT000337,DRG0337,Hydrocortisone 1% Cream,SUP009,Lucknow Store,Jaipur Depot,26.838701,78.941028,18.1,Normal,52.9,Normal,Normal,87.0,92,-73,2026-05-15 16:49:36,In Transit,2026-05-19,On Track
SHP000338,BAT000338,DRG0338,Clobetasol 0.05% Cream,SUP019,Pune Distribution,Kolkata Cold Chain,21.002348,82.749019,27.9,Normal,62.3,Normal,ALERT: Severe,54.3,90,-95,2026-05-15 23:23:36,In Transit,2026-05-24,On Track
SHP000339,BAT000339,DRG0339,Tacrolimus 0.1% Ointment,SUP013,Ahmedabad Hub,Kolkata Cold Chain,22.768765,81.351224,22.5,Normal,73.0,Normal,Normal,27.1,51,-94,2026-05-15 12:49:36,In Transit,2026-05-16,On Track
SHP000340,BAT000340,DRG0340,Tretinoin 0.025% Cream,SUP010,Jaipur Depot,Chennai Port,14.563185,79.760462,24.3,Normal,40.4,Normal,Minor,7.6,36,-85,2026-05-16 06:24:36,In Transit,2026-05-16,On Track
SHP000341,BAT000341,DRG0341,Isotretinoin 10mg,SUP008,Delhi Cold Hub,Chennai Port,24.008747,78.13565,22.8,Normal,76.2,High Humidity Alert,ALERT: Severe,67.2,28,-60,2026-05-15 20:20:36,Delayed,2026-05-26,On Track
SHP000342,BAT000342,DRG0342,Isotretinoin 20mg,SUP003,Mumbai Warehouse,Chennai Port,14.700765,78.254415,31.2,CRITICAL TEMP EXCURSION,74.6,Normal,Normal,28.9,89,-80,2026-05-16 02:13:36,In Transit,2026-05-25,On Track
SHP000343,BAT000343,DRG0343,Doxycycline 40mg (Acne),SUP007,Lucknow Store,Jaipur Depot,26.857987,78.720356,26.9,Normal,66.7,Normal,ALERT: Severe,12.2,21,-89,2026-05-15 09:33:36,Delayed,2026-05-26,Breached
SHP000344,BAT000344,DRG0344,Acitretin 10mg,SUP001,Jaipur Depot,Bengaluru Pharma Hub,23.689939,76.162461,29.9,WARNING: Near Limit,53.5,Normal,Normal,56.0,53,-75,2026-05-15 09:34:36,Delivered,2026-05-18,On Track
SHP000345,BAT000345,DRG0345,Methotrexate 7.5mg (Psoriasis),SUP006,Lucknow Store,Jaipur Depot,26.955124,76.147129,4.0,Normal,59.4,Normal,Normal,7.7,66,-95,2026-05-15 09:18:36,In Transit,2026-05-23,On Track
SHP000346,BAT000346,DRG0346,Calcipotriol 50mcg/g Ointment,SUP017,Lucknow Store,Kolkata Cold Chain,25.142066,83.973398,23.8,Normal,71.7,Normal,ALERT: Severe,82.4,57,-56,2026-05-16 06:31:36,In Transit,2026-05-19,On Track
SHP000347,BAT000347,DRG0347,Permethrin 5% Cream,SUP015,Chennai Port,Ahmedabad Hub,15.664548,78.268947,25.9,Normal,56.5,Normal,Minor,28.4,71,-104,2026-05-16 06:18:36,In Transit,2026-05-23,On Track
SHP000348,BAT000348,DRG0348,Lindane 1% Lotion,SUP011,Ahmedabad Hub,Lucknow Store,23.740717,74.216256,18.7,Normal,53.0,Normal,Minor,68.6,42,-108,2026-05-16 01:44:36,Delayed,2026-05-21,On Track
SHP000349,BAT000349,DRG0349,Silver Sulfadiazine 1% Cream,SUP012,Lucknow Store,Delhi Cold Hub,27.892301,78.707651,20.3,Normal,70.2,Normal,Normal,76.7,59,-93,2026-05-15 15:26:36,In Transit,2026-05-24,On Track
SHP000350,BAT000350,DRG0350,Timolol 0.5% Eye Drops,SUP006,Lucknow Store,Mumbai Warehouse,20.786985,74.60751,24.4,Normal,77.6,High Humidity Alert,Normal,28.4,28,-51,2026-05-16 06:34:36,Delayed,2026-05-23,Breached
SHP000351,BAT000351,DRG0351,Latanoprost 0.005% Eye Drops,SUP005,Delhi Cold Hub,Lucknow Store,27.237113,80.195783,7.8,Normal,83.6,High Humidity Alert,Normal,43.5,50,-68,2026-05-16 01:04:36,At Checkpoint,2026-05-25,On Track
SHP000352,BAT000352,DRG0352,Ciprofloxacin 0.3% Eye Drops,SUP007,Pune Distribution,Delhi Cold Hub,21.213655,74.802225,34.9,CRITICAL TEMP EXCURSION,60.7,Normal,Normal,45.8,64,-88,2026-05-15 12:09:36,Delayed,2026-05-17,On Track
SHP000353,BAT000353,DRG0353,Moxifloxacin 0.5% Eye Drops,SUP012,Delhi Cold Hub,Pune Distribution,19.573413,74.185154,22.7,Normal,50.1,Normal,Minor,60.0,70,-107,2026-05-15 08:40:36,Delivered,2026-05-23,On Track
SHP000354,BAT000354,DRG0354,Tobramycin 0.3% Eye Drops,SUP002,Mumbai Warehouse,Lucknow Store,21.299871,75.216904,6.7,Normal,47.5,Normal,Normal,10.6,55,-109,2026-05-15 22:15:36,At Checkpoint,2026-05-24,On Track
SHP000355,BAT000355,DRG0355,Prednisolone Acetate 1% Eye Drops,SUP019,Bengaluru Pharma Hub,Lucknow Store,14.10548,77.885634,22.7,Normal,38.8,Normal,ALERT: Severe,65.8,50,-78,2026-05-15 18:03:36,At Checkpoint,2026-05-24,On Track
SHP000356,BAT000356,DRG0356,Atropine 1% Eye Drops,SUP020,Kolkata Cold Chain,Chennai Port,16.629034,83.230706,24.5,Normal,38.3,Normal,Normal,14.2,63,-105,2026-05-15 17:42:36,In Transit,2026-05-22,On Track
SHP000357,BAT000357,DRG0357,Artificial Tears 0.5% Eye Drops,SUP010,Lucknow Store,Hyderabad Depot,18.666101,78.798187,20.4,Normal,81.3,High Humidity Alert,Minor,88.7,58,-94,2026-05-16 06:02:36,At Checkpoint,2026-05-24,On Track
SHP000358,BAT000358,DRG0358,Brimonidine 0.2% Eye Drops,SUP016,Mumbai Warehouse,Kolkata Cold Chain,20.780739,80.471891,29.9,WARNING: Near Limit,32.3,Normal,Normal,3.7,35,-72,2026-05-15 06:52:36,At Checkpoint,2026-05-17,On Track
SHP000359,BAT000359,DRG0359,Tolvaptan 15mg,SUP006,Jaipur Depot,Chennai Port,14.898569,79.638337,19.7,Normal,51.4,Normal,Normal,8.7,88,-93,2026-05-15 11:51:36,In Transit,2026-05-24,On Track
SHP000360,BAT000360,DRG0360,Cinacalcet 30mg,SUP011,Mumbai Warehouse,Pune Distribution,18.975366,73.005933,33.6,CRITICAL TEMP EXCURSION,52.2,Normal,Normal,89.5,40,-101,2026-05-16 06:07:36,In Transit,2026-05-19,On Track
SHP000361,BAT000361,DRG0361,Sevelamer 800mg,SUP010,Lucknow Store,Ahmedabad Hub,24.251036,75.312273,21.3,Normal,56.4,Normal,ALERT: Severe,86.3,27,-55,2026-05-15 12:35:36,Delayed,2026-05-26,On Track
SHP000362,BAT000362,DRG0362,Erythropoietin 2000IU Injection,SUP003,Hyderabad Depot,Delhi Cold Hub,22.32466,77.908706,12.7,CRITICAL TEMP EXCURSION,48.6,Normal,Normal,51.9,73,-54,2026-05-15 14:09:36,Delivered,2026-05-22,On Track
SHP000363,BAT000363,DRG0363,Erythropoietin 4000IU Injection,SUP020,Bengaluru Pharma Hub,Kolkata Cold Chain,14.68055,79.556836,1.0,Normal,42.8,Normal,Normal,12.4,69,-106,2026-05-15 12:30:36,In Transit,2026-05-16,On Track
SHP000364,BAT000364,DRG0364,Darbepoietin 40mcg Injection,SUP015,Bengaluru Pharma Hub,Pune Distribution,15.674767,75.772218,4.1,Normal,52.1,Normal,Normal,83.5,26,-85,2026-05-15 22:40:36,In Transit,2026-05-22,On Track
SHP000365,BAT000365,DRG0365,Sodium Bicarbonate 500mg,SUP009,Kolkata Cold Chain,Hyderabad Depot,20.27216,84.031866,28.6,Normal,34.8,Normal,ALERT: Severe,38.6,21,-71,2026-05-15 12:08:36,At Checkpoint,2026-05-17,On Track
SHP000366,BAT000366,DRG0366,Calcitriol 0.25mcg,SUP001,Mumbai Warehouse,Hyderabad Depot,18.093225,76.217017,34.4,CRITICAL TEMP EXCURSION,65.2,Normal,Normal,32.8,22,-72,2026-05-15 21:47:36,In Transit,2026-05-18,On Track
SHP000367,BAT000367,DRG0367,Azathioprine 50mg,SUP012,Hyderabad Depot,Ahmedabad Hub,21.659295,74.02857,28.3,Normal,61.6,Normal,Normal,87.2,25,-107,2026-05-15 09:28:36,Delayed,2026-05-24,Breached
SHP000368,BAT000368,DRG0368,Mycophenolate 500mg,SUP006,Bengaluru Pharma Hub,Ahmedabad Hub,16.508996,75.841723,21.9,Normal,74.6,Normal,ALERT: Severe,53.1,37,-108,2026-05-15 19:51:36,In Transit,2026-05-24,On Track
SHP000369,BAT000369,DRG0369,Tacrolimus 1mg,SUP010,Lucknow Store,Chennai Port,17.344134,80.450263,12.3,CRITICAL TEMP EXCURSION,64.7,Normal,Normal,64.7,96,-86,2026-05-15 18:52:36,Delayed,2026-05-21,On Track
SHP000370,BAT000370,DRG0370,Cyclosporine 25mg,SUP018,Chennai Port,Lucknow Store,23.561908,80.776106,5.8,Normal,67.7,Normal,Normal,11.1,98,-79,2026-05-16 04:57:36,In Transit,2026-05-22,On Track
SHP000371,BAT000371,DRG0371,Cyclosporine 100mg,SUP011,Kolkata Cold Chain,Mumbai Warehouse,21.782992,84.689021,2.1,Normal,59.8,Normal,Normal,40.3,57,-82,2026-05-15 08:53:36,In Transit,2026-05-22,On Track
SHP000372,BAT000372,DRG0372,Hydroxychloroquine 200mg,SUP014,Kolkata Cold Chain,Mumbai Warehouse,22.099591,86.383371,22.4,Normal,33.9,Normal,Normal,61.3,28,-82,2026-05-15 22:53:36,Delayed,2026-05-26,On Track
SHP000373,BAT000373,DRG0373,Methotrexate 10mg (Rheum),SUP012,Kolkata Cold Chain,Ahmedabad Hub,22.918156,75.543744,5.6,Normal,50.5,Normal,Normal,23.0,29,-97,2026-05-15 22:22:36,At Checkpoint,2026-05-21,On Track
SHP000374,BAT000374,DRG0374,Adalimumab 40mg Injection,SUP007,Chennai Port,Ahmedabad Hub,18.675894,75.891444,7.0,Normal,41.8,Normal,ALERT: Severe,73.0,79,-73,2026-05-16 04:53:36,In Transit,2026-05-23,On Track
SHP000375,BAT000375,DRG0375,Etanercept 25mg Injection,SUP017,Delhi Cold Hub,Lucknow Store,27.31677,80.057281,4.5,Normal,70.9,Normal,Normal,76.3,71,-73,2026-05-15 23:25:36,Delivered,2026-05-21,On Track
SHP000376,BAT000376,DRG0376,Infliximab 100mg Injection,SUP015,Kolkata Cold Chain,Delhi Cold Hub,25.887324,82.169336,3.1,Normal,66.9,Normal,Normal,35.6,20,-87,2026-05-15 07:18:36,Delivered,2026-05-16,On Track
SHP000377,BAT000377,DRG0377,Rituximab 100mg Injection,SUP004,Bengaluru Pharma Hub,Hyderabad Depot,17.377133,78.515944,1.7,Normal,44.6,Normal,Normal,72.5,32,-74,2026-05-16 00:24:36,In Transit,2026-05-16,On Track
SHP000378,BAT000378,DRG0378,Tocilizumab 200mg Injection,SUP019,Lucknow Store,Pune Distribution,23.219876,77.849051,6.5,Normal,63.2,Normal,Normal,19.1,37,-97,2026-05-15 11:26:36,Delivered,2026-05-20,On Track
SHP000379,BAT000379,DRG0379,Baricitinib 2mg,SUP003,Chennai Port,Mumbai Warehouse,14.20378,78.858619,20.0,Normal,51.7,Normal,Normal,33.8,95,-69,2026-05-16 00:22:36,In Transit,2026-05-18,On Track
SHP000380,BAT000380,DRG0380,Tofacitinib 5mg,SUP011,Ahmedabad Hub,Lucknow Store,26.547017,80.284114,24.4,Normal,48.6,Normal,Normal,4.2,50,-67,2026-05-16 00:31:36,In Transit,2026-05-25,On Track
SHP000381,BAT000381,DRG0381,Ustekinumab 45mg Injection,SUP013,Delhi Cold Hub,Chennai Port,17.866957,79.310043,7.1,Normal,39.6,Normal,Normal,26.4,47,-91,2026-05-15 13:51:36,Delayed,2026-05-17,On Track
SHP000382,BAT000382,DRG0382,Albendazole 400mg,SUP011,Jaipur Depot,Bengaluru Pharma Hub,14.463553,77.412084,21.9,Normal,34.6,Normal,Normal,62.1,36,-53,2026-05-15 17:28:36,In Transit,2026-05-23,On Track
SHP000383,BAT000383,DRG0383,Mebendazole 100mg,SUP010,Pune Distribution,Kolkata Cold Chain,20.834581,82.05945,20.7,Normal,31.6,Normal,ALERT: Severe,74.9,56,-95,2026-05-15 23:27:36,Delayed,2026-05-18,Breached
SHP000384,BAT000384,DRG0384,Ivermectin 3mg,SUP011,Kolkata Cold Chain,Bengaluru Pharma Hub,13.800298,78.521693,29.3,WARNING: Near Limit,52.8,Normal,ALERT: Severe,45.6,24,-85,2026-05-15 17:02:36,In Transit,2026-05-23,On Track
SHP000385,BAT000385,DRG0385,Praziquantel 600mg,SUP007,Mumbai Warehouse,Ahmedabad Hub,19.095463,72.83188,18.4,Normal,63.8,Normal,Normal,56.2,58,-102,2026-05-15 09:14:36,In Transit,2026-05-17,On Track
SHP000386,BAT000386,DRG0386,Chloroquine 250mg,SUP003,Mumbai Warehouse,Ahmedabad Hub,22.17777,72.590755,21.2,Normal,67.1,Normal,Normal,42.6,66,-78,2026-05-16 01:02:36,Delivered,2026-05-23,On Track
SHP000387,BAT000387,DRG0387,Hydroxychloroquine 400mg,SUP015,Kolkata Cold Chain,Bengaluru Pharma Hub,19.050827,84.39998,19.9,Normal,76.4,High Humidity Alert,Normal,63.6,44,-59,2026-05-15 13:23:36,Delayed,2026-05-21,On Track
SHP000388,BAT000388,DRG0388,Artemether-Lumefantrine 20/120mg,SUP003,Kolkata Cold Chain,Chennai Port,13.619336,80.687104,21.8,Normal,56.7,Normal,Minor,18.8,86,-51,2026-05-15 23:19:36,At Checkpoint,2026-05-25,On Track
SHP000389,BAT000389,DRG0389,Quinine 300mg,SUP002,Ahmedabad Hub,Jaipur Depot,25.811023,74.85829,33.6,CRITICAL TEMP EXCURSION,68.8,Normal,Normal,3.1,99,-54,2026-05-15 19:59:36,In Transit,2026-05-16,On Track
SHP000390,BAT000390,DRG0390,Artesunate 60mg Injection,SUP014,Chennai Port,Hyderabad Depot,13.68929,80.052966,2.0,Normal,71.0,Normal,Minor,23.2,68,-104,2026-05-16 02:17:36,In Transit,2026-05-18,On Track
SHP000391,BAT000391,DRG0391,Doxycycline 100mg (Malaria),SUP004,Jaipur Depot,Lucknow Store,26.816936,79.979917,33.7,CRITICAL TEMP EXCURSION,60.9,Normal,Normal,20.5,22,-110,2026-05-15 06:51:36,In Transit,2026-05-18,On Track
SHP000392,BAT000392,DRG0392,Primaquine 15mg,SUP018,Ahmedabad Hub,Kolkata Cold Chain,22.737755,84.316146,31.2,CRITICAL TEMP EXCURSION,62.5,Normal,Minor,63.3,58,-50,2026-05-15 13:45:36,In Transit,2026-05-18,On Track
SHP000393,BAT000393,DRG0393,Tinidazole 500mg,SUP008,Bengaluru Pharma Hub,Pune Distribution,15.174421,76.10847,28.2,Normal,72.6,Normal,Minor,12.7,36,-97,2026-05-15 15:22:36,At Checkpoint,2026-05-26,On Track
SHP000394,BAT000394,DRG0394,Nitazoxanide 500mg,SUP008,Jaipur Depot,Ahmedabad Hub,26.703257,75.648647,22.7,Normal,32.7,Normal,ALERT: Severe,6.9,45,-66,2026-05-15 22:01:36,At Checkpoint,2026-05-26,On Track
SHP000395,BAT000395,DRG0395,Adrenaline 1mg/mL Injection,SUP004,Pune Distribution,Kolkata Cold Chain,19.784919,78.302635,8.0,Normal,44.9,Normal,Normal,67.8,61,-78,2026-05-15 16:07:36,Delayed,2026-05-23,On Track
SHP000396,BAT000396,DRG0396,Atropine 0.6mg Injection,SUP010,Lucknow Store,Kolkata Cold Chain,26.04049,82.35046,33.7,CRITICAL TEMP EXCURSION,80.5,High Humidity Alert,Normal,18.1,35,-107,2026-05-15 12:12:36,In Transit,2026-05-25,On Track
SHP000397,BAT000397,DRG0397,Dopamine 200mg Injection,SUP019,Bengaluru Pharma Hub,Kolkata Cold Chain,13.765032,78.446451,22.3,Normal,47.5,Normal,Normal,61.6,72,-50,2026-05-15 21:16:36,In Transit,2026-05-23,On Track
SHP000398,BAT000398,DRG0398,Noradrenaline 4mg Injection,SUP009,Jaipur Depot,Kolkata Cold Chain,25.538089,79.82877,1.8,Normal,83.1,High Humidity Alert,Normal,42.3,55,-110,2026-05-16 06:30:36,In Transit,2026-05-22,On Track
SHP000399,BAT000399,DRG0399,Dobutamine 250mg Injection,SUP007,Jaipur Depot,Ahmedabad Hub,25.627943,74.693174,2.1,Normal,67.6,Normal,Normal,6.4,68,-88,2026-05-15 22:02:36,In Transit,2026-05-17,On Track
SHP000400,BAT000400,DRG0400,Sodium Chloride 0.9% 500mL,SUP015,Bengaluru Pharma Hub,Lucknow Store,25.381212,80.559471,25.1,Normal,56.0,Normal,Normal,0.4,45,-98,2026-05-15 12:41:36,Delivered,2026-05-24,On Track
SHP000401,BAT000401,DRG0401,Dextrose 5% 500mL,SUP011,Kolkata Cold Chain,Mumbai Warehouse,20.753725,80.408141,18.5,Normal,33.5,Normal,Normal,86.2,72,-98,2026-05-16 05:11:36,At Checkpoint,2026-05-20,On Track
SHP000402,BAT000402,DRG0402,Ringer's Lactate 500mL,SUP019,Chennai Port,Bengaluru Pharma Hub,12.982168,77.809692,27.6,Normal,48.3,Normal,Normal,48.7,88,-96,2026-05-16 05:42:36,At Checkpoint,2026-05-20,On Track
SHP000403,BAT000403,DRG0403,Mannitol 20% 500mL,SUP014,Delhi Cold Hub,Hyderabad Depot,25.599875,77.561236,18.8,Normal,63.4,Normal,Minor,43.6,93,-54,2026-05-15 14:07:36,In Transit,2026-05-20,On Track
SHP000404,BAT000404,DRG0404,Heparin 5000IU Injection,SUP002,Pune Distribution,Bengaluru Pharma Hub,15.400443,75.918384,5.2,Normal,46.4,Normal,Normal,41.8,65,-62,2026-05-15 17:51:36,Delayed,2026-05-23,Breached
SHP000405,BAT000405,DRG0405,Alteplase 50mg Injection,SUP012,Jaipur Depot,Mumbai Warehouse,22.42168,74.133908,3.0,Normal,31.0,Normal,Normal,52.6,100,-62,2026-05-15 12:01:36,In Transit,2026-05-18,On Track
SHP000406,BAT000406,DRG0406,Protamine Sulphate 50mg,SUP004,Kolkata Cold Chain,Mumbai Warehouse,21.994822,85.730173,7.5,Normal,32.4,Normal,Normal,87.3,65,-52,2026-05-15 12:38:36,At Checkpoint,2026-05-18,On Track
SHP000407,BAT000407,DRG0407,Adenosine 6mg Injection,SUP011,Pune Distribution,Jaipur Depot,20.90739,74.349732,3.5,Normal,32.2,Normal,Normal,50.7,76,-68,2026-05-15 15:03:36,Delivered,2026-05-20,On Track
SHP000408,BAT000408,DRG0408,Magnesium Sulphate 2g Injection,SUP009,Jaipur Depot,Kolkata Cold Chain,24.925861,81.621572,31.9,CRITICAL TEMP EXCURSION,58.2,Normal,Normal,66.4,86,-64,2026-05-16 01:19:36,In Transit,2026-05-16,On Track
SHP000409,BAT000409,DRG0409,Calcium Gluconate 10% Injection,SUP005,Jaipur Depot,Lucknow Store,26.825735,79.690919,24.2,Normal,51.8,Normal,Minor,72.5,55,-104,2026-05-15 11:16:36,Delivered,2026-05-18,On Track
SHP000410,BAT000410,DRG0410,Potassium Chloride 20mEq,SUP015,Hyderabad Depot,Lucknow Store,19.016699,78.853784,26.7,Normal,50.7,Normal,Minor,68.1,41,-81,2026-05-15 16:24:36,Delivered,2026-05-20,On Track
SHP000411,BAT000411,DRG0411,Sodium Bicarbonate 8.4% Injection,SUP018,Jaipur Depot,Hyderabad Depot,26.020674,76.022862,32.4,CRITICAL TEMP EXCURSION,76.4,High Humidity Alert,Normal,59.1,31,-87,2026-05-16 03:36:36,At Checkpoint,2026-05-17,On Track
SHP000412,BAT000412,DRG0412,Activated Charcoal 50g,SUP013,Ahmedabad Hub,Jaipur Depot,24.949479,74.146117,22.3,Normal,48.7,Normal,Normal,37.3,90,-73,2026-05-16 05:57:36,Delivered,2026-05-18,On Track
SHP000413,BAT000413,DRG0413,Naloxone 0.4mg Injection,SUP004,Hyderabad Depot,Bengaluru Pharma Hub,15.318535,78.09156,33.7,CRITICAL TEMP EXCURSION,82.0,High Humidity Alert,Normal,88.3,41,-96,2026-05-15 14:39:36,Delayed,2026-05-25,Breached
SHP000414,BAT000414,DRG0414,Flumazenil 0.5mg Injection,SUP013,Kolkata Cold Chain,Pune Distribution,19.271195,76.432545,23.4,Normal,66.9,Normal,Minor,25.3,79,-82,2026-05-15 10:55:36,In Transit,2026-05-20,On Track
SHP000415,BAT000415,DRG0415,Amoxicillin 250mg Variant-414,SUP015,Delhi Cold Hub,Ahmedabad Hub,26.242886,75.228125,29.9,WARNING: Near Limit,78.3,High Humidity Alert,Minor,48.7,25,-57,2026-05-15 15:18:36,Delayed,2026-05-19,Breached
SHP000416,BAT000416,DRG0416,Amoxicillin 250mg Variant-415,SUP014,Delhi Cold Hub,Pune Distribution,22.709557,75.26424,21.6,Normal,58.0,Normal,Minor,68.6,100,-86,2026-05-16 01:01:36,Delivered,2026-05-24,On Track
SHP000417,BAT000417,DRG0417,Amoxicillin 250mg Variant-416,SUP011,Hyderabad Depot,Jaipur Depot,19.897353,77.766309,28.3,Normal,82.8,High Humidity Alert,ALERT: Severe,43.1,30,-101,2026-05-15 22:37:36,At Checkpoint,2026-05-22,On Track
SHP000418,BAT000418,DRG0418,Amoxicillin 250mg Variant-417,SUP011,Delhi Cold Hub,Bengaluru Pharma Hub,26.835761,77.269947,35.1,CRITICAL TEMP EXCURSION,70.6,Normal,Minor,79.1,89,-104,2026-05-16 01:28:36,At Checkpoint,2026-05-26,On Track
SHP000419,BAT000419,DRG0419,Amoxicillin 250mg Variant-418,SUP006,Jaipur Depot,Lucknow Store,26.904851,79.135855,34.6,CRITICAL TEMP EXCURSION,74.9,Normal,Normal,58.4,82,-110,2026-05-15 17:02:36,Delivered,2026-05-25,On Track
SHP000420,BAT000420,DRG0420,Amoxicillin 250mg Variant-419,SUP003,Mumbai Warehouse,Delhi Cold Hub,19.533613,73.053542,25.1,Normal,37.9,Normal,Minor,54.6,49,-96,2026-05-15 21:22:36,Delayed,2026-05-24,On Track
SHP000421,BAT000421,DRG0421,Amoxicillin 250mg Variant-420,SUP002,Kolkata Cold Chain,Chennai Port,16.803164,83.40213,18.5,Normal,57.0,Normal,Normal,46.0,72,-55,2026-05-15 13:02:36,Delayed,2026-05-19,On Track
SHP000422,BAT000422,DRG0422,Amoxicillin 250mg Variant-421,SUP016,Hyderabad Depot,Pune Distribution,17.781896,76.876266,26.9,Normal,72.1,Normal,ALERT: Severe,80.9,47,-104,2026-05-15 19:43:36,In Transit,2026-05-21,On Track
SHP000423,BAT000423,DRG0423,Amoxicillin 250mg Variant-422,SUP014,Mumbai Warehouse,Pune Distribution,18.872055,73.294186,24.3,Normal,64.0,Normal,ALERT: Severe,78.9,48,-77,2026-05-15 21:24:36,Delayed,2026-05-20,Breached
SHP000424,BAT000424,DRG0424,Amoxicillin 250mg Variant-423,SUP017,Chennai Port,Pune Distribution,18.425476,73.933545,30.4,CRITICAL TEMP EXCURSION,78.8,High Humidity Alert,Normal,58.6,33,-62,2026-05-16 01:32:36,In Transit,2026-05-26,On Track
SHP000425,BAT000425,DRG0425,Amoxicillin 250mg Variant-424,SUP010,Pune Distribution,Mumbai Warehouse,18.634235,73.656812,27.0,Normal,75.1,High Humidity Alert,Minor,54.2,24,-73,2026-05-15 08:56:36,Delivered,2026-05-23,On Track
SHP000426,BAT000426,DRG0426,Amoxicillin 250mg Variant-425,SUP020,Lucknow Store,Ahmedabad Hub,24.827696,76.407058,21.6,Normal,72.8,Normal,Normal,32.1,85,-92,2026-05-15 21:45:36,Delivered,2026-05-23,On Track
SHP000427,BAT000427,DRG0427,Amoxicillin 250mg Variant-426,SUP006,Lucknow Store,Chennai Port,26.532311,80.902679,26.7,Normal,53.5,Normal,Normal,73.3,28,-83,2026-05-15 23:18:36,In Transit,2026-05-25,On Track
SHP000428,BAT000428,DRG0428,Amoxicillin 250mg Variant-427,SUP010,Pune Distribution,Ahmedabad Hub,19.504554,73.591886,22.3,Normal,82.0,High Humidity Alert,Normal,40.8,40,-72,2026-05-15 06:44:36,Delayed,2026-05-18,On Track
SHP000429,BAT000429,DRG0429,Amoxicillin 250mg Variant-428,SUP013,Hyderabad Depot,Delhi Cold Hub,23.147177,77.863697,18.5,Normal,61.1,Normal,Normal,29.8,67,-52,2026-05-15 08:09:36,In Transit,2026-05-26,On Track
SHP000430,BAT000430,DRG0430,Amoxicillin 250mg Variant-429,SUP017,Bengaluru Pharma Hub,Hyderabad Depot,13.951858,77.784376,22.5,Normal,60.2,Normal,ALERT: Severe,66.5,88,-95,2026-05-15 10:50:36,Delivered,2026-05-22,On Track
SHP000431,BAT000431,DRG0431,Amoxicillin 250mg Variant-430,SUP005,Mumbai Warehouse,Ahmedabad Hub,22.648812,72.628321,26.5,Normal,51.4,Normal,ALERT: Severe,11.0,100,-74,2026-05-15 18:34:36,At Checkpoint,2026-05-20,On Track
SHP000432,BAT000432,DRG0432,Amoxicillin 250mg Variant-431,SUP010,Delhi Cold Hub,Ahmedabad Hub,27.160077,76.010262,30.4,CRITICAL TEMP EXCURSION,30.2,Normal,Normal,85.3,41,-106,2026-05-15 13:13:36,Delayed,2026-05-17,Breached
SHP000433,BAT000433,DRG0433,Amoxicillin 250mg Variant-432,SUP014,Jaipur Depot,Delhi Cold Hub,28.055049,76.744175,34.7,CRITICAL TEMP EXCURSION,46.5,Normal,Normal,60.1,69,-66,2026-05-16 04:45:36,Delayed,2026-05-25,Breached
SHP000434,BAT000434,DRG0434,Amoxicillin 250mg Variant-433,SUP020,Jaipur Depot,Hyderabad Depot,20.33152,77.63945,19.5,Normal,74.6,Normal,Normal,48.2,56,-68,2026-05-15 09:00:36,In Transit,2026-05-19,On Track
SHP000435,BAT000435,DRG0435,Amoxicillin 250mg Variant-434,SUP018,Mumbai Warehouse,Bengaluru Pharma Hub,16.518416,74.866003,18.4,Normal,69.9,Normal,Minor,34.6,43,-103,2026-05-15 11:42:36,In Transit,2026-05-22,On Track
SHP000436,BAT000436,DRG0436,Amoxicillin 250mg Variant-435,SUP019,Kolkata Cold Chain,Ahmedabad Hub,22.789388,81.092164,23.2,Normal,34.3,Normal,Normal,89.8,70,-52,2026-05-15 22:32:36,In Transit,2026-05-18,On Track
SHP000437,BAT000437,DRG0437,Amoxicillin 250mg Variant-436,SUP006,Mumbai Warehouse,Bengaluru Pharma Hub,14.266391,76.583612,20.6,Normal,63.8,Normal,Minor,3.6,46,-64,2026-05-15 15:48:36,Delivered,2026-05-24,On Track
SHP000438,BAT000438,DRG0438,Amoxicillin 250mg Variant-437,SUP004,Hyderabad Depot,Kolkata Cold Chain,19.929421,83.260582,23.4,Normal,34.0,Normal,Normal,57.2,55,-58,2026-05-15 16:58:36,In Transit,2026-05-20,On Track
SHP000439,BAT000439,DRG0439,Amoxicillin 250mg Variant-438,SUP009,Chennai Port,Mumbai Warehouse,16.750385,75.738522,23.5,Normal,76.8,High Humidity Alert,Normal,39.1,59,-102,2026-05-15 17:53:36,In Transit,2026-05-17,On Track
SHP000440,BAT000440,DRG0440,Amoxicillin 250mg Variant-439,SUP018,Jaipur Depot,Kolkata Cold Chain,25.868525,78.873291,33.5,CRITICAL TEMP EXCURSION,71.3,Normal,ALERT: Severe,81.4,68,-53,2026-05-15 09:50:36,Delayed,2026-05-21,Breached
SHP000441,BAT000441,DRG0441,Amoxicillin 250mg Variant-440,SUP017,Bengaluru Pharma Hub,Lucknow Store,19.708316,79.25845,19.1,Normal,63.4,Normal,Normal,19.5,90,-90,2026-05-16 06:39:36,In Transit,2026-05-21,On Track
SHP000442,BAT000442,DRG0442,Amoxicillin 250mg Variant-441,SUP011,Pune Distribution,Delhi Cold Hub,25.922475,76.332385,21.3,Normal,45.9,Normal,ALERT: Severe,23.0,90,-85,2026-05-15 14:19:36,In Transit,2026-05-18,On Track
SHP000443,BAT000443,DRG0443,Amoxicillin 250mg Variant-442,SUP016,Jaipur Depot,Lucknow Store,26.847454,76.963991,20.8,Normal,43.9,Normal,Normal,24.8,30,-87,2026-05-15 07:18:36,Delivered,2026-05-20,On Track
SHP000444,BAT000444,DRG0444,Amoxicillin 250mg Variant-443,SUP001,Lucknow Store,Hyderabad Depot,25.397919,80.556256,23.5,Normal,58.4,Normal,Minor,74.2,47,-106,2026-05-16 02:10:36,Delayed,2026-05-16,Breached
SHP000445,BAT000445,DRG0445,Amoxicillin 250mg Variant-444,SUP012,Lucknow Store,Pune Distribution,24.464331,78.937814,24.2,Normal,32.8,Normal,Minor,72.4,84,-107,2026-05-16 04:42:36,In Transit,2026-05-24,On Track
SHP000446,BAT000446,DRG0446,Amoxicillin 250mg Variant-445,SUP019,Ahmedabad Hub,Hyderabad Depot,22.509562,73.03721,30.4,CRITICAL TEMP EXCURSION,42.6,Normal,Normal,48.1,41,-70,2026-05-16 03:12:36,In Transit,2026-05-23,On Track
SHP000447,BAT000447,DRG0447,Amoxicillin 250mg Variant-446,SUP018,Jaipur Depot,Delhi Cold Hub,27.805902,76.579032,24.3,Normal,53.3,Normal,Normal,29.8,78,-57,2026-05-16 04:56:36,Delivered,2026-05-26,On Track
SHP000448,BAT000448,DRG0448,Amoxicillin 250mg Variant-447,SUP009,Jaipur Depot,Mumbai Warehouse,25.786238,75.379663,29.1,WARNING: Near Limit,69.7,Normal,Normal,84.8,42,-65,2026-05-16 00:03:36,In Transit,2026-05-22,On Track
SHP000449,BAT000449,DRG0449,Amoxicillin 250mg Variant-448,SUP004,Mumbai Warehouse,Lucknow Store,20.466564,74.413734,22.0,Normal,65.6,Normal,Normal,81.9,22,-67,2026-05-15 19:36:36,In Transit,2026-05-18,On Track
SHP000450,BAT000450,DRG0450,Amoxicillin 250mg Variant-449,SUP020,Chennai Port,Delhi Cold Hub,14.6,79.930005,18.4,Normal,47.3,Normal,Normal,28.8,95,-74,2026-05-16 01:54:36,In Transit,2026-05-17,On Track
SHP000451,BAT000451,DRG0451,Amoxicillin 250mg Variant-450,SUP004,Kolkata Cold Chain,Lucknow Store,26.359253,81.765126,30.8,CRITICAL TEMP EXCURSION,37.5,Normal,Normal,2.8,60,-96,2026-05-15 10:42:36,In Transit,2026-05-18,On Track
SHP000452,BAT000452,DRG0452,Amoxicillin 250mg Variant-451,SUP001,Bengaluru Pharma Hub,Mumbai Warehouse,15.209096,75.790599,26.9,Normal,71.7,Normal,Normal,10.2,46,-94,2026-05-15 12:30:36,In Transit,2026-05-19,On Track
SHP000453,BAT000453,DRG0453,Amoxicillin 250mg Variant-452,SUP005,Hyderabad Depot,Delhi Cold Hub,19.560098,78.227177,29.5,WARNING: Near Limit,36.4,Normal,Normal,14.2,96,-94,2026-05-15 19:17:36,Delivered,2026-05-26,On Track
SHP000454,BAT000454,DRG0454,Amoxicillin 250mg Variant-453,SUP005,Chennai Port,Pune Distribution,13.749585,79.461054,27.6,Normal,63.5,Normal,Normal,71.4,42,-94,2026-05-15 10:49:36,At Checkpoint,2026-05-22,On Track
SHP000455,BAT000455,DRG0455,Amoxicillin 250mg Variant-454,SUP019,Kolkata Cold Chain,Hyderabad Depot,21.208823,85.743505,22.3,Normal,54.0,Normal,Normal,57.3,80,-70,2026-05-15 22:28:36,In Transit,2026-05-26,On Track
SHP000456,BAT000456,DRG0456,Amoxicillin 250mg Variant-455,SUP013,Lucknow Store,Jaipur Depot,26.874602,77.672286,22.3,Normal,75.9,High Humidity Alert,Normal,30.1,42,-86,2026-05-15 16:57:36,In Transit,2026-05-21,On Track
SHP000457,BAT000457,DRG0457,Amoxicillin 250mg Variant-456,SUP008,Lucknow Store,Delhi Cold Hub,27.345849,79.935466,27.5,Normal,78.0,High Humidity Alert,Minor,5.5,73,-84,2026-05-15 20:30:36,In Transit,2026-05-20,On Track
SHP000458,BAT000458,DRG0458,Amoxicillin 250mg Variant-457,SUP012,Ahmedabad Hub,Pune Distribution,22.026182,72.861267,21.5,Normal,54.3,Normal,Normal,83.1,70,-83,2026-05-15 19:54:36,Delayed,2026-05-19,Breached
SHP000459,BAT000459,DRG0459,Amoxicillin 250mg Variant-458,SUP008,Jaipur Depot,Kolkata Cold Chain,26.373401,77.41466,22.1,Normal,43.7,Normal,Normal,18.2,69,-79,2026-05-15 10:31:36,In Transit,2026-05-20,On Track
SHP000460,BAT000460,DRG0460,Amoxicillin 250mg Variant-459,SUP020,Delhi Cold Hub,Pune Distribution,23.786959,75.613024,29.2,WARNING: Near Limit,82.3,High Humidity Alert,ALERT: Severe,56.3,48,-90,2026-05-15 21:29:36,In Transit,2026-05-26,On Track
SHP000461,BAT000461,DRG0461,Amoxicillin 250mg Variant-460,SUP019,Chennai Port,Kolkata Cold Chain,18.288204,84.70297,18.3,Normal,73.2,Normal,Normal,65.8,38,-92,2026-05-15 11:26:36,Delivered,2026-05-25,On Track
SHP000462,BAT000462,DRG0462,Amoxicillin 250mg Variant-461,SUP008,Hyderabad Depot,Jaipur Depot,24.843903,76.321006,26.1,Normal,57.5,Normal,Normal,35.4,85,-69,2026-05-16 00:02:36,Delayed,2026-05-23,Breached
SHP000463,BAT000463,DRG0463,Amoxicillin 250mg Variant-462,SUP017,Hyderabad Depot,Mumbai Warehouse,18.196423,75.66153,34.1,CRITICAL TEMP EXCURSION,72.6,Normal,Normal,84.9,55,-76,2026-05-15 09:48:36,Delivered,2026-05-23,On Track
SHP000464,BAT000464,DRG0464,Amoxicillin 250mg Variant-463,SUP018,Jaipur Depot,Mumbai Warehouse,22.519889,74.192952,19.4,Normal,83.9,High Humidity Alert,Normal,35.8,45,-73,2026-05-15 20:35:36,Delivered,2026-05-22,On Track
SHP000465,BAT000465,DRG0465,Amoxicillin 250mg Variant-464,SUP007,Bengaluru Pharma Hub,Pune Distribution,16.570228,75.218074,25.6,Normal,51.4,Normal,ALERT: Severe,26.7,71,-97,2026-05-16 00:13:36,At Checkpoint,2026-05-17,On Track
SHP000466,BAT000466,DRG0466,Amoxicillin 250mg Variant-465,SUP005,Ahmedabad Hub,Bengaluru Pharma Hub,15.51242,76.359663,21.6,Normal,41.8,Normal,Minor,23.6,30,-68,2026-05-16 03:00:36,In Transit,2026-05-26,On Track
SHP000467,BAT000467,DRG0467,Amoxicillin 250mg Variant-466,SUP011,Kolkata Cold Chain,Lucknow Store,25.650707,82.992345,29.9,WARNING: Near Limit,31.4,Normal,ALERT: Severe,80.0,48,-97,2026-05-15 19:31:36,In Transit,2026-05-25,On Track
SHP000468,BAT000468,DRG0468,Amoxicillin 250mg Variant-467,SUP001,Delhi Cold Hub,Mumbai Warehouse,27.602535,76.721717,24.9,Normal,36.2,Normal,ALERT: Severe,22.2,97,-93,2026-05-15 10:46:36,In Transit,2026-05-17,On Track
SHP000469,BAT000469,DRG0469,Amoxicillin 250mg Variant-468,SUP014,Hyderabad Depot,Lucknow Store,19.623761,79.027923,23.0,Normal,56.5,Normal,Normal,86.1,55,-76,2026-05-16 03:19:36,In Transit,2026-05-16,On Track
SHP000470,BAT000470,DRG0470,Amoxicillin 250mg Variant-469,SUP001,Lucknow Store,Jaipur Depot,26.875602,76.856659,28.4,Normal,57.1,Normal,Normal,3.4,52,-52,2026-05-15 12:10:36,In Transit,2026-05-17,On Track
SHP000471,BAT000471,DRG0471,Amoxicillin 250mg Variant-470,SUP010,Kolkata Cold Chain,Mumbai Warehouse,19.170132,73.280944,19.0,Normal,31.4,Normal,Normal,59.1,40,-53,2026-05-16 05:25:36,In Transit,2026-05-24,On Track
SHP000472,BAT000472,DRG0472,Amoxicillin 250mg Variant-471,SUP010,Jaipur Depot,Kolkata Cold Chain,23.252197,86.508274,18.4,Normal,83.1,High Humidity Alert,Minor,54.2,51,-92,2026-05-16 01:49:36,In Transit,2026-05-19,On Track
SHP000473,BAT000473,DRG0473,Amoxicillin 250mg Variant-472,SUP015,Chennai Port,Jaipur Depot,25.508143,76.236864,19.9,Normal,33.3,Normal,Normal,17.8,74,-107,2026-05-15 07:00:36,Delivered,2026-05-25,On Track
SHP000474,BAT000474,DRG0474,Amoxicillin 250mg Variant-473,SUP009,Delhi Cold Hub,Ahmedabad Hub,23.974848,73.285751,22.6,Normal,34.4,Normal,Normal,8.9,31,-60,2026-05-15 13:50:36,In Transit,2026-05-19,On Track
SHP000475,BAT000475,DRG0475,Amoxicillin 250mg Variant-474,SUP015,Bengaluru Pharma Hub,Delhi Cold Hub,22.071485,77.404568,30.8,CRITICAL TEMP EXCURSION,79.8,High Humidity Alert,ALERT: Severe,78.1,40,-51,2026-05-15 12:58:36,At Checkpoint,2026-05-26,On Track
SHP000476,BAT000476,DRG0476,Amoxicillin 250mg Variant-475,SUP001,Delhi Cold Hub,Chennai Port,27.148039,77.494086,21.6,Normal,37.5,Normal,Normal,84.0,29,-61,2026-05-15 10:00:36,In Transit,2026-05-22,On Track
SHP000477,BAT000477,DRG0477,Amoxicillin 250mg Variant-476,SUP018,Ahmedabad Hub,Jaipur Depot,24.443994,73.792485,18.9,Normal,60.5,Normal,Normal,3.4,83,-91,2026-05-15 09:46:36,In Transit,2026-05-26,On Track
SHP000478,BAT000478,DRG0478,Amoxicillin 250mg Variant-477,SUP014,Kolkata Cold Chain,Delhi Cold Hub,27.349535,79.602598,19.4,Normal,45.6,Normal,Normal,6.9,50,-105,2026-05-15 19:17:36,In Transit,2026-05-21,On Track
SHP000479,BAT000479,DRG0479,Amoxicillin 250mg Variant-478,SUP011,Mumbai Warehouse,Kolkata Cold Chain,21.156147,82.136238,22.9,Normal,43.9,Normal,Normal,30.3,61,-99,2026-05-15 08:21:36,Delivered,2026-05-20,On Track
SHP000480,BAT000480,DRG0480,Amoxicillin 250mg Variant-479,SUP014,Delhi Cold Hub,Mumbai Warehouse,27.275121,76.605905,29.2,WARNING: Near Limit,55.7,Normal,Minor,53.7,98,-93,2026-05-15 12:58:36,At Checkpoint,2026-05-21,On Track
SHP000481,BAT000481,DRG0481,Amoxicillin 250mg Variant-480,SUP002,Kolkata Cold Chain,Lucknow Store,25.157,83.928031,29.8,WARNING: Near Limit,31.7,Normal,Normal,53.2,100,-66,2026-05-15 19:07:36,Delivered,2026-05-23,On Track
SHP000482,BAT000482,DRG0482,Amoxicillin 250mg Variant-481,SUP001,Pune Distribution,Kolkata Cold Chain,19.350503,76.87769,28.2,Normal,40.1,Normal,ALERT: Severe,65.2,78,-101,2026-05-15 17:26:36,Delivered,2026-05-18,On Track
SHP000483,BAT000483,DRG0483,Amoxicillin 250mg Variant-482,SUP007,Pune Distribution,Kolkata Cold Chain,19.983288,79.217634,26.0,Normal,34.6,Normal,ALERT: Severe,82.9,34,-57,2026-05-15 23:09:36,In Transit,2026-05-22,On Track
SHP000484,BAT000484,DRG0484,Amoxicillin 250mg Variant-483,SUP014,Jaipur Depot,Kolkata Cold Chain,23.151267,86.646333,27.3,Normal,35.6,Normal,Normal,0.3,72,-84,2026-05-15 12:16:36,At Checkpoint,2026-05-16,On Track
SHP000485,BAT000485,DRG0485,Amoxicillin 250mg Variant-484,SUP011,Chennai Port,Delhi Cold Hub,20.632342,78.733909,20.3,Normal,69.6,Normal,Normal,31.6,40,-102,2026-05-15 22:55:36,In Transit,2026-05-24,On Track
SHP000486,BAT000486,DRG0486,Amoxicillin 250mg Variant-485,SUP014,Bengaluru Pharma Hub,Lucknow Store,15.365095,78.132411,21.9,Normal,38.6,Normal,Normal,32.2,97,-73,2026-05-15 10:25:36,In Transit,2026-05-16,On Track
SHP000487,BAT000487,DRG0487,Amoxicillin 250mg Variant-486,SUP008,Mumbai Warehouse,Chennai Port,18.545631,73.565272,27.6,Normal,42.5,Normal,Normal,63.4,51,-88,2026-05-15 07:58:36,In Transit,2026-05-21,On Track
SHP000488,BAT000488,DRG0488,Amoxicillin 250mg Variant-487,SUP004,Hyderabad Depot,Pune Distribution,18.527506,74.051411,25.7,Normal,62.6,Normal,Normal,71.2,75,-92,2026-05-16 02:44:36,Delayed,2026-05-26,Breached
SHP000489,BAT000489,DRG0489,Amoxicillin 250mg Variant-488,SUP003,Ahmedabad Hub,Jaipur Depot,26.846599,75.721168,19.5,Normal,59.7,Normal,Normal,2.1,58,-104,2026-05-15 09:31:36,In Transit,2026-05-21,On Track
SHP000490,BAT000490,DRG0490,Amoxicillin 250mg Variant-489,SUP014,Hyderabad Depot,Chennai Port,17.036148,78.650333,24.1,Normal,79.9,High Humidity Alert,ALERT: Severe,23.6,80,-75,2026-05-15 16:45:36,Delivered,2026-05-20,On Track
SHP000491,BAT000491,DRG0491,Amoxicillin 250mg Variant-490,SUP015,Bengaluru Pharma Hub,Jaipur Depot,13.437722,77.529785,25.3,Normal,31.2,Normal,Normal,68.0,83,-52,2026-05-15 11:39:36,Delayed,2026-05-16,On Track
SHP000492,BAT000492,DRG0492,Amoxicillin 250mg Variant-491,SUP004,Hyderabad Depot,Ahmedabad Hub,20.55979,75.200885,34.9,CRITICAL TEMP EXCURSION,64.1,Normal,ALERT: Severe,40.0,50,-58,2026-05-15 17:00:36,At Checkpoint,2026-05-25,On Track
SHP000493,BAT000493,DRG0493,Amoxicillin 250mg Variant-492,SUP013,Mumbai Warehouse,Pune Distribution,18.628818,73.720703,27.4,Normal,62.6,Normal,Normal,62.8,22,-76,2026-05-15 21:15:36,In Transit,2026-05-25,On Track
SHP000494,BAT000494,DRG0494,Amoxicillin 250mg Variant-493,SUP015,Mumbai Warehouse,Kolkata Cold Chain,21.176543,82.225659,22.3,Normal,38.4,Normal,Minor,72.1,74,-110,2026-05-15 17:52:36,In Transit,2026-05-16,On Track
SHP000495,BAT000495,DRG0495,Amoxicillin 250mg Variant-494,SUP003,Kolkata Cold Chain,Pune Distribution,20.843201,82.260618,23.3,Normal,32.4,Normal,Normal,28.7,76,-84,2026-05-16 03:34:36,In Transit,2026-05-22,On Track
SHP000496,BAT000496,DRG0496,Amoxicillin 250mg Variant-495,SUP010,Jaipur Depot,Delhi Cold Hub,27.46077,76.168021,25.6,Normal,58.2,Normal,Normal,43.1,71,-71,2026-05-15 09:47:36,In Transit,2026-05-26,On Track
SHP000497,BAT000497,DRG0497,Amoxicillin 250mg Variant-496,SUP009,Lucknow Store,Kolkata Cold Chain,25.562717,83.167453,28.9,Normal,47.8,Normal,Normal,47.8,43,-95,2026-05-16 01:56:36,In Transit,2026-05-18,On Track
SHP000498,BAT000498,DRG0498,Amoxicillin 250mg Variant-497,SUP013,Hyderabad Depot,Chennai Port,15.207681,79.378005,19.5,Normal,36.1,Normal,Normal,30.8,70,-72,2026-05-16 03:03:36,In Transit,2026-05-24,On Track
SHP000499,BAT000499,DRG0499,Amoxicillin 250mg Variant-498,SUP019,Pune Distribution,Lucknow Store,22.372892,77.115986,31.0,CRITICAL TEMP EXCURSION,57.4,Normal,Normal,1.3,55,-100,2026-05-15 18:09:36,Delivered,2026-05-16,On Track
SHP000500,BAT000500,DRG0500,Amoxicillin 250mg Variant-499,SUP008,Hyderabad Depot,Lucknow Store,19.446372,79.061265,21.5,Normal,40.0,Normal,Normal,76.3,61,-70,2026-05-15 12:23:36,In Transit,2026-05-24,On Track
SHP000501,BAT000501,DRG0501,Amoxicillin 250mg Variant-500,SUP016,Kolkata Cold Chain,Hyderabad Depot,22.285528,87.941472,22.7,Normal,79.8,High Humidity Alert,ALERT: Severe,55.6,31,-82,2026-05-16 01:21:36,In Transit,2026-05-23,On Track
SHP000502,BAT000502,DRG0502,Amoxicillin 250mg Variant-501,SUP006,Chennai Port,Bengaluru Pharma Hub,13.048936,78.617045,32.8,CRITICAL TEMP EXCURSION,81.0,High Humidity Alert,Normal,81.5,65,-67,2026-05-15 22:31:36,At Checkpoint,2026-05-18,On Track
SHP000503,BAT000503,DRG0503,Amoxicillin 250mg Variant-502,SUP019,Kolkata Cold Chain,Lucknow Store,25.152169,83.931744,31.3,CRITICAL TEMP EXCURSION,36.9,Normal,Normal,67.6,47,-103,2026-05-15 22:52:36,At Checkpoint,2026-05-18,On Track
SHP000504,BAT000504,DRG0504,Amoxicillin 250mg Variant-503,SUP005,Jaipur Depot,Mumbai Warehouse,24.573279,74.940528,30.9,CRITICAL TEMP EXCURSION,53.0,Normal,ALERT: Severe,52.7,33,-74,2026-05-15 22:34:36,Delayed,2026-05-19,Breached
SHP000505,BAT000505,DRG0505,Amoxicillin 250mg Variant-504,SUP008,Lucknow Store,Hyderabad Depot,22.21478,79.752869,33.9,CRITICAL TEMP EXCURSION,40.1,Normal,Minor,58.3,75,-104,2026-05-15 17:53:36,In Transit,2026-05-18,On Track
SHP000506,BAT000506,DRG0506,Amoxicillin 250mg Variant-505,SUP004,Pune Distribution,Kolkata Cold Chain,21.437621,84.257214,34.4,CRITICAL TEMP EXCURSION,49.5,Normal,Minor,27.8,77,-73,2026-05-15 09:31:36,In Transit,2026-05-19,On Track
SHP000507,BAT000507,DRG0507,Amoxicillin 250mg Variant-506,SUP019,Mumbai Warehouse,Chennai Port,14.302201,78.777544,26.9,Normal,34.6,Normal,Normal,58.6,79,-81,2026-05-15 12:30:36,In Transit,2026-05-20,On Track
SHP000508,BAT000508,DRG0508,Amoxicillin 250mg Variant-507,SUP004,Pune Distribution,Kolkata Cold Chain,19.717411,78.092139,27.4,Normal,36.5,Normal,Normal,85.0,65,-98,2026-05-15 07:37:36,At Checkpoint,2026-05-17,On Track
SHP000509,BAT000509,DRG0509,Amoxicillin 250mg Variant-508,SUP010,Delhi Cold Hub,Ahmedabad Hub,23.160472,72.683888,18.7,Normal,39.7,Normal,Normal,58.3,73,-106,2026-05-16 02:28:36,In Transit,2026-05-25,On Track
SHP000510,BAT000510,DRG0510,Amoxicillin 250mg Variant-509,SUP012,Bengaluru Pharma Hub,Jaipur Depot,14.198074,77.42031,22.9,Normal,34.1,Normal,ALERT: Severe,56.2,39,-102,2026-05-15 22:21:36,In Transit,2026-05-26,On Track
SHP000511,BAT000511,DRG0511,Amoxicillin 250mg Variant-510,SUP009,Delhi Cold Hub,Kolkata Cold Chain,25.728086,82.588914,33.8,CRITICAL TEMP EXCURSION,56.3,Normal,Normal,18.4,51,-102,2026-05-16 01:35:36,In Transit,2026-05-26,On Track
SHP000512,BAT000512,DRG0512,Amoxicillin 250mg Variant-511,SUP017,Ahmedabad Hub,Delhi Cold Hub,26.045687,75.028928,34.9,CRITICAL TEMP EXCURSION,58.4,Normal,Normal,58.2,67,-84,2026-05-15 23:13:36,Delivered,2026-05-17,On Track
SHP000513,BAT000513,DRG0513,Amoxicillin 250mg Variant-512,SUP005,Delhi Cold Hub,Chennai Port,15.48819,79.767852,35.6,CRITICAL TEMP EXCURSION,43.5,Normal,Normal,69.6,51,-74,2026-05-15 12:23:36,At Checkpoint,2026-05-18,On Track
SHP000514,BAT000514,DRG0514,Amoxicillin 250mg Variant-513,SUP010,Hyderabad Depot,Delhi Cold Hub,19.687358,78.206445,24.0,Normal,50.9,Normal,Minor,18.8,81,-62,2026-05-15 12:28:36,Delayed,2026-05-20,Breached
SHP000515,BAT000515,DRG0515,Amoxicillin 250mg Variant-514,SUP005,Jaipur Depot,Hyderabad Depot,19.276384,77.934977,35.9,CRITICAL TEMP EXCURSION,79.3,High Humidity Alert,Minor,12.6,32,-104,2026-05-15 21:22:36,Delayed,2026-05-16,On Track
SHP000516,BAT000516,DRG0516,Amoxicillin 250mg Variant-515,SUP014,Pune Distribution,Bengaluru Pharma Hub,14.623704,76.44286,27.5,Normal,42.1,Normal,Normal,5.7,38,-79,2026-05-16 00:30:36,In Transit,2026-05-21,On Track
SHP000517,BAT000517,DRG0517,Amoxicillin 250mg Variant-516,SUP001,Pune Distribution,Hyderabad Depot,17.468836,78.310754,26.1,Normal,47.3,Normal,Normal,55.2,72,-94,2026-05-15 12:41:36,Delivered,2026-05-24,On Track
SHP000518,BAT000518,DRG0518,Amoxicillin 250mg Variant-517,SUP017,Chennai Port,Kolkata Cold Chain,14.576511,81.593747,22.4,Normal,36.6,Normal,Normal,36.6,37,-90,2026-05-16 06:33:36,Delivered,2026-05-25,On Track
SHP000519,BAT000519,DRG0519,Amoxicillin 250mg Variant-518,SUP008,Bengaluru Pharma Hub,Kolkata Cold Chain,16.114424,81.099445,34.9,CRITICAL TEMP EXCURSION,33.0,Normal,Normal,68.9,77,-54,2026-05-15 16:29:36,Delayed,2026-05-23,Breached
SHP000520,BAT000520,DRG0520,Amoxicillin 250mg Variant-519,SUP002,Hyderabad Depot,Pune Distribution,18.193614,75.244161,26.2,Normal,44.8,Normal,Normal,6.6,93,-103,2026-05-15 20:28:36,Delivered,2026-05-26,On Track
SHP000521,BAT000521,DRG0521,Amoxicillin 250mg Variant-520,SUP001,Pune Distribution,Mumbai Warehouse,18.65251,73.653831,24.6,Normal,77.1,High Humidity Alert,ALERT: Severe,60.1,20,-92,2026-05-15 18:58:36,Delivered,2026-05-25,On Track
SHP000522,BAT000522,DRG0522,Amoxicillin 250mg Variant-521,SUP007,Ahmedabad Hub,Bengaluru Pharma Hub,19.304084,74.427099,23.5,Normal,41.2,Normal,ALERT: Severe,55.0,37,-105,2026-05-15 20:45:36,Delivered,2026-05-24,On Track
SHP000523,BAT000523,DRG0523,Amoxicillin 250mg Variant-522,SUP011,Bengaluru Pharma Hub,Hyderabad Depot,13.838196,77.804919,29.1,WARNING: Near Limit,68.4,Normal,Normal,28.5,70,-79,2026-05-15 17:05:36,Delayed,2026-05-23,Breached
SHP000524,BAT000524,DRG0524,Amoxicillin 250mg Variant-523,SUP010,Hyderabad Depot,Kolkata Cold Chain,20.671005,84.745591,27.7,Normal,53.4,Normal,Normal,10.2,37,-54,2026-05-16 01:34:36,In Transit,2026-05-16,On Track
SHP000525,BAT000525,DRG0525,Amoxicillin 250mg Variant-524,SUP017,Jaipur Depot,Chennai Port,19.927651,78.032923,29.6,WARNING: Near Limit,59.9,Normal,Normal,89.4,47,-83,2026-05-15 15:20:36,Delayed,2026-05-25,Breached
SHP000526,BAT000526,DRG0526,Amoxicillin 250mg Variant-525,SUP008,Jaipur Depot,Bengaluru Pharma Hub,13.848026,77.493985,26.9,Normal,34.7,Normal,Normal,34.3,62,-70,2026-05-15 07:38:36,In Transit,2026-05-25,On Track
SHP000527,BAT000527,DRG0527,Amoxicillin 250mg Variant-526,SUP010,Chennai Port,Kolkata Cold Chain,21.412511,87.318477,29.0,Normal,45.4,Normal,ALERT: Severe,75.1,34,-55,2026-05-16 00:20:36,In Transit,2026-05-20,On Track
SHP000528,BAT000528,DRG0528,Amoxicillin 250mg Variant-527,SUP017,Lucknow Store,Pune Distribution,20.448114,75.539066,18.6,Normal,65.9,Normal,Normal,7.0,62,-92,2026-05-15 17:23:36,In Transit,2026-05-23,On Track
SHP000529,BAT000529,DRG0529,Amoxicillin 250mg Variant-528,SUP018,Pune Distribution,Jaipur Depot,24.563454,75.25207,18.6,Normal,82.3,High Humidity Alert,ALERT: Severe,45.9,24,-92,2026-05-15 22:02:36,Delayed,2026-05-17,Breached
SHP000530,BAT000530,DRG0530,Amoxicillin 250mg Variant-529,SUP004,Mumbai Warehouse,Chennai Port,17.610537,74.65523,18.9,Normal,41.7,Normal,Normal,17.2,33,-93,2026-05-15 13:10:36,Delayed,2026-05-19,Breached
SHP000531,BAT000531,DRG0531,Amoxicillin 250mg Variant-530,SUP018,Ahmedabad Hub,Pune Distribution,21.391568,72.978371,19.2,Normal,52.2,Normal,Normal,34.3,77,-103,2026-05-15 14:07:36,Delivered,2026-05-24,On Track
SHP000532,BAT000532,DRG0532,Amoxicillin 250mg Variant-531,SUP017,Chennai Port,Mumbai Warehouse,13.672066,79.550101,27.5,Normal,66.1,Normal,Normal,80.8,87,-66,2026-05-15 11:40:36,Delayed,2026-05-19,Breached
SHP000533,BAT000533,DRG0533,Amoxicillin 250mg Variant-532,SUP007,Delhi Cold Hub,Kolkata Cold Chain,28.036171,78.29375,27.6,Normal,83.8,High Humidity Alert,Normal,7.7,93,-80,2026-05-15 17:35:36,Delivered,2026-05-21,On Track
SHP000534,BAT000534,DRG0534,Amoxicillin 250mg Variant-533,SUP012,Lucknow Store,Jaipur Depot,26.82989,79.895667,18.5,Normal,47.6,Normal,Normal,30.0,88,-97,2026-05-15 17:57:36,In Transit,2026-05-20,On Track
SHP000535,BAT000535,DRG0535,Amoxicillin 250mg Variant-534,SUP015,Pune Distribution,Jaipur Depot,19.067222,73.968715,24.5,Normal,43.6,Normal,Normal,88.9,94,-69,2026-05-15 10:29:36,At Checkpoint,2026-05-18,On Track
SHP000536,BAT000536,DRG0536,Amoxicillin 250mg Variant-535,SUP019,Chennai Port,Bengaluru Pharma Hub,13.055551,79.192077,26.4,Normal,48.4,Normal,Normal,6.0,62,-76,2026-05-15 21:36:36,Delivered,2026-05-22,On Track
SHP000537,BAT000537,DRG0537,Amoxicillin 250mg Variant-536,SUP001,Jaipur Depot,Ahmedabad Hub,24.530776,73.873956,18.1,Normal,73.4,Normal,Normal,18.4,79,-99,2026-05-15 14:24:36,Delivered,2026-05-22,On Track
SHP000538,BAT000538,DRG0538,Amoxicillin 250mg Variant-537,SUP011,Lucknow Store,Jaipur Depot,26.872188,76.743384,27.7,Normal,69.1,Normal,Normal,28.8,86,-87,2026-05-15 20:30:36,Delivered,2026-05-17,On Track
SHP000539,BAT000539,DRG0539,Amoxicillin 250mg Variant-538,SUP017,Hyderabad Depot,Mumbai Warehouse,18.740924,73.947276,24.4,Normal,61.0,Normal,Normal,11.3,21,-70,2026-05-15 15:09:36,In Transit,2026-05-24,On Track
SHP000540,BAT000540,DRG0540,Amoxicillin 250mg Variant-539,SUP004,Bengaluru Pharma Hub,Ahmedabad Hub,20.942478,73.651389,19.4,Normal,78.3,High Humidity Alert,Minor,26.3,60,-102,2026-05-15 07:05:36,Delayed,2026-05-23,On Track
SHP000541,BAT000541,DRG0541,Amoxicillin 250mg Variant-540,SUP010,Kolkata Cold Chain,Hyderabad Depot,22.577165,88.30393,19.8,Normal,32.6,Normal,Normal,64.5,55,-101,2026-05-16 00:08:36,In Transit,2026-05-26,On Track
SHP000542,BAT000542,DRG0542,Amoxicillin 250mg Variant-541,SUP016,Chennai Port,Ahmedabad Hub,15.253505,78.558166,23.8,Normal,75.2,High Humidity Alert,ALERT: Severe,40.2,80,-104,2026-05-15 09:37:36,Delayed,2026-05-22,On Track
SHP000543,BAT000543,DRG0543,Amoxicillin 250mg Variant-542,SUP008,Lucknow Store,Ahmedabad Hub,26.418876,80.049895,22.8,Normal,72.3,Normal,Normal,26.6,97,-71,2026-05-15 07:29:36,Delivered,2026-05-24,On Track
SHP000544,BAT000544,DRG0544,Amoxicillin 250mg Variant-543,SUP001,Hyderabad Depot,Lucknow Store,20.082522,79.14573,19.8,Normal,81.5,High Humidity Alert,Normal,85.0,68,-67,2026-05-15 18:18:36,In Transit,2026-05-23,On Track
SHP000545,BAT000545,DRG0545,Amoxicillin 250mg Variant-544,SUP008,Lucknow Store,Hyderabad Depot,17.758304,78.625775,27.1,Normal,43.4,Normal,Minor,63.3,78,-109,2026-05-15 18:23:36,Delayed,2026-05-20,Breached
SHP000546,BAT000546,DRG0546,Amoxicillin 250mg Variant-545,SUP003,Hyderabad Depot,Kolkata Cold Chain,17.606139,78.980524,19.4,Normal,79.9,High Humidity Alert,Normal,3.3,32,-108,2026-05-16 04:23:36,Delivered,2026-05-18,On Track
SHP000547,BAT000547,DRG0547,Amoxicillin 250mg Variant-546,SUP005,Kolkata Cold Chain,Mumbai Warehouse,22.418419,87.878142,26.6,Normal,66.8,Normal,Normal,81.9,96,-81,2026-05-15 11:45:36,In Transit,2026-05-19,On Track
SHP000548,BAT000548,DRG0548,Amoxicillin 250mg Variant-547,SUP003,Pune Distribution,Chennai Port,15.781596,77.098263,25.2,Normal,35.9,Normal,Minor,36.3,92,-105,2026-05-15 22:08:36,Delivered,2026-05-19,On Track
SHP000549,BAT000549,DRG0549,Amoxicillin 250mg Variant-548,SUP002,Jaipur Depot,Kolkata Cold Chain,22.626643,88.153,27.7,Normal,31.3,Normal,Normal,8.2,83,-66,2026-05-16 02:00:36,Delayed,2026-05-22,Breached
SHP000550,BAT000550,DRG0550,Amoxicillin 250mg Variant-549,SUP002,Bengaluru Pharma Hub,Jaipur Depot,14.940297,77.321294,25.1,Normal,39.2,Normal,ALERT: Severe,44.8,36,-92,2026-05-16 06:39:36,In Transit,2026-05-16,On Track
SHP000551,BAT000551,DRG0551,Amoxicillin 250mg Variant-550,SUP012,Bengaluru Pharma Hub,Mumbai Warehouse,16.321646,74.977316,22.5,Normal,31.0,Normal,Normal,53.0,91,-61,2026-05-15 19:12:36,In Transit,2026-05-19,On Track
SHP000552,BAT000552,DRG0552,Amoxicillin 250mg Variant-551,SUP003,Bengaluru Pharma Hub,Ahmedabad Hub,21.780441,73.202356,28.5,Normal,68.3,Normal,Normal,89.0,60,-53,2026-05-15 16:23:36,Delayed,2026-05-19,Breached
SHP000553,BAT000553,DRG0553,Amoxicillin 250mg Variant-552,SUP014,Hyderabad Depot,Mumbai Warehouse,17.492012,78.007442,24.3,Normal,62.7,Normal,Normal,5.9,76,-77,2026-05-16 02:51:36,Delayed,2026-05-16,On Track
SHP000554,BAT000554,DRG0554,Amoxicillin 250mg Variant-553,SUP004,Chennai Port,Jaipur Depot,26.42581,75.94883,22.0,Normal,82.4,High Humidity Alert,Normal,30.2,96,-62,2026-05-16 00:36:36,At Checkpoint,2026-05-26,On Track
SHP000555,BAT000555,DRG0555,Amoxicillin 250mg Variant-554,SUP004,Mumbai Warehouse,Hyderabad Depot,18.968768,73.126673,23.1,Normal,43.3,Normal,Normal,35.5,88,-52,2026-05-15 08:48:36,In Transit,2026-05-24,On Track
SHP000556,BAT000556,DRG0556,Amoxicillin 250mg Variant-555,SUP002,Delhi Cold Hub,Bengaluru Pharma Hub,13.222964,77.581742,35.1,CRITICAL TEMP EXCURSION,77.6,High Humidity Alert,Minor,27.3,78,-53,2026-05-15 06:56:36,In Transit,2026-05-23,On Track
SHP000557,BAT000557,DRG0557,Amoxicillin 250mg Variant-556,SUP006,Mumbai Warehouse,Pune Distribution,18.541677,73.819273,19.1,Normal,83.9,High Humidity Alert,ALERT: Severe,49.4,47,-67,2026-05-15 22:24:36,In Transit,2026-05-25,On Track
SHP000558,BAT000558,DRG0558,Amoxicillin 250mg Variant-557,SUP002,Kolkata Cold Chain,Ahmedabad Hub,23.001414,73.690824,19.7,Normal,60.7,Normal,Normal,67.2,37,-68,2026-05-15 16:20:36,At Checkpoint,2026-05-19,On Track
SHP000559,BAT000559,DRG0559,Amoxicillin 250mg Variant-558,SUP015,Ahmedabad Hub,Kolkata Cold Chain,22.67812,84.107233,22.9,Normal,56.7,Normal,Normal,62.1,32,-78,2026-05-15 13:50:36,Delivered,2026-05-22,On Track
SHP000560,BAT000560,DRG0560,Amoxicillin 250mg Variant-559,SUP014,Bengaluru Pharma Hub,Jaipur Depot,20.582991,76.604708,24.5,Normal,79.8,High Humidity Alert,ALERT: Severe,32.2,31,-64,2026-05-15 08:24:36,Delivered,2026-05-26,On Track
SHP000561,BAT000561,DRG0561,Amoxicillin 250mg Variant-560,SUP015,Bengaluru Pharma Hub,Ahmedabad Hub,22.229022,72.917455,23.2,Normal,58.3,Normal,ALERT: Severe,46.3,92,-66,2026-05-15 07:16:36,In Transit,2026-05-23,On Track
SHP000562,BAT000562,DRG0562,Amoxicillin 250mg Variant-561,SUP014,Kolkata Cold Chain,Delhi Cold Hub,28.358384,77.753667,29.0,Normal,63.1,Normal,ALERT: Severe,48.4,97,-110,2026-05-15 14:55:36,In Transit,2026-05-25,On Track
SHP000563,BAT000563,DRG0563,Amoxicillin 250mg Variant-562,SUP014,Lucknow Store,Hyderabad Depot,19.2042,78.9185,25.5,Normal,56.4,Normal,Normal,39.0,97,-57,2026-05-15 13:49:36,Delivered,2026-05-20,On Track
SHP000564,BAT000564,DRG0564,Amoxicillin 250mg Variant-563,SUP010,Mumbai Warehouse,Jaipur Depot,25.688855,75.30464,18.3,Normal,31.6,Normal,Normal,82.7,57,-103,2026-05-15 15:42:36,In Transit,2026-05-22,On Track
SHP000565,BAT000565,DRG0565,Amoxicillin 250mg Variant-564,SUP015,Pune Distribution,Ahmedabad Hub,20.971867,73.104936,25.1,Normal,82.2,High Humidity Alert,Normal,78.1,64,-59,2026-05-16 03:34:36,At Checkpoint,2026-05-24,On Track
SHP000566,BAT000566,DRG0566,Amoxicillin 250mg Variant-565,SUP009,Ahmedabad Hub,Delhi Cold Hub,26.681484,75.558734,18.7,Normal,65.8,Normal,Normal,0.4,97,-99,2026-05-15 21:48:36,In Transit,2026-05-25,On Track
SHP000567,BAT000567,DRG0567,Amoxicillin 250mg Variant-566,SUP013,Bengaluru Pharma Hub,Jaipur Depot,26.192121,75.92037,23.6,Normal,32.7,Normal,Normal,57.8,38,-73,2026-05-16 00:03:36,In Transit,2026-05-17,On Track
SHP000568,BAT000568,DRG0568,Amoxicillin 250mg Variant-567,SUP013,Delhi Cold Hub,Bengaluru Pharma Hub,23.248473,77.354438,25.5,Normal,57.1,Normal,Normal,51.4,22,-85,2026-05-15 08:10:36,Delayed,2026-05-25,Breached
SHP000569,BAT000569,DRG0569,Amoxicillin 250mg Variant-568,SUP015,Bengaluru Pharma Hub,Lucknow Store,16.09101,78.366094,25.6,Normal,30.9,Normal,Normal,79.8,21,-60,2026-05-15 13:44:36,Delayed,2026-05-19,Breached
SHP000570,BAT000570,DRG0570,Amoxicillin 250mg Variant-569,SUP004,Bengaluru Pharma Hub,Chennai Port,13.099338,79.711788,21.1,Normal,74.3,Normal,Normal,32.7,80,-50,2026-05-15 09:04:36,In Transit,2026-05-16,On Track
SHP000571,BAT000571,DRG0571,Amoxicillin 250mg Variant-570,SUP007,Pune Distribution,Ahmedabad Hub,22.519878,72.751004,21.7,Normal,82.0,High Humidity Alert,Minor,33.1,72,-67,2026-05-15 13:49:36,In Transit,2026-05-16,On Track
SHP000572,BAT000572,DRG0572,Amoxicillin 250mg Variant-571,SUP006,Kolkata Cold Chain,Jaipur Depot,26.521285,76.990676,29.3,WARNING: Near Limit,42.0,Normal,Normal,65.2,55,-86,2026-05-15 08:22:36,Delivered,2026-05-24,On Track
SHP000573,BAT000573,DRG0573,Amoxicillin 250mg Variant-572,SUP016,Jaipur Depot,Kolkata Cold Chain,25.413789,80.208472,21.2,Normal,40.9,Normal,Normal,50.5,49,-68,2026-05-15 18:41:36,Delayed,2026-05-24,On Track
SHP000574,BAT000574,DRG0574,Amoxicillin 250mg Variant-573,SUP019,Bengaluru Pharma Hub,Kolkata Cold Chain,20.932416,86.603867,24.2,Normal,43.2,Normal,Normal,77.5,78,-80,2026-05-15 18:17:36,At Checkpoint,2026-05-23,On Track
SHP000575,BAT000575,DRG0575,Amoxicillin 250mg Variant-574,SUP006,Mumbai Warehouse,Jaipur Depot,26.116391,75.465424,22.9,Normal,74.2,Normal,Minor,19.7,52,-91,2026-05-15 22:25:36,Delayed,2026-05-22,On Track
SHP000576,BAT000576,DRG0576,Amoxicillin 250mg Variant-575,SUP012,Pune Distribution,Jaipur Depot,18.738584,73.940255,27.6,Normal,49.9,Normal,ALERT: Severe,2.9,42,-76,2026-05-15 21:33:36,Delivered,2026-05-23,On Track
SHP000577,BAT000577,DRG0577,Amoxicillin 250mg Variant-576,SUP003,Bengaluru Pharma Hub,Mumbai Warehouse,13.253466,77.320615,25.2,Normal,40.8,Normal,Normal,62.7,77,-96,2026-05-15 14:01:36,In Transit,2026-05-25,On Track
SHP000578,BAT000578,DRG0578,Amoxicillin 250mg Variant-577,SUP019,Pune Distribution,Chennai Port,15.110016,77.945876,18.1,Normal,60.9,Normal,Normal,5.7,37,-89,2026-05-15 11:39:36,In Transit,2026-05-17,On Track
SHP000579,BAT000579,DRG0579,Amoxicillin 250mg Variant-578,SUP003,Pune Distribution,Mumbai Warehouse,18.915223,73.207927,22.1,Normal,66.2,Normal,Minor,8.5,46,-89,2026-05-15 23:00:36,In Transit,2026-05-18,On Track
SHP000580,BAT000580,DRG0580,Amoxicillin 250mg Variant-579,SUP014,Ahmedabad Hub,Chennai Port,15.369841,78.53201,27.0,Normal,64.1,Normal,Normal,16.9,32,-103,2026-05-16 01:53:36,In Transit,2026-05-26,On Track
SHP000581,BAT000581,DRG0581,Amoxicillin 250mg Variant-580,SUP020,Pune Distribution,Mumbai Warehouse,18.709957,73.577809,23.5,Normal,44.5,Normal,Minor,39.1,68,-53,2026-05-16 00:29:36,Delayed,2026-05-21,Breached
SHP000582,BAT000582,DRG0582,Amoxicillin 250mg Variant-581,SUP016,Mumbai Warehouse,Jaipur Depot,21.896699,73.904518,22.2,Normal,46.1,Normal,Normal,23.4,75,-108,2026-05-15 10:08:36,Delayed,2026-05-17,On Track
SHP000583,BAT000583,DRG0583,Amoxicillin 250mg Variant-582,SUP007,Pune Distribution,Delhi Cold Hub,19.328211,74.161811,22.3,Normal,71.6,Normal,Normal,62.0,24,-51,2026-05-15 16:29:36,In Transit,2026-05-23,On Track
SHP000584,BAT000584,DRG0584,Amoxicillin 250mg Variant-583,SUP013,Bengaluru Pharma Hub,Jaipur Depot,24.745952,76.037048,22.6,Normal,84.9,High Humidity Alert,Normal,76.1,60,-57,2026-05-15 14:30:36,In Transit,2026-05-22,On Track
SHP000585,BAT000585,DRG0585,Amoxicillin 250mg Variant-584,SUP001,Bengaluru Pharma Hub,Kolkata Cold Chain,15.402358,80.391169,31.5,CRITICAL TEMP EXCURSION,36.5,Normal,ALERT: Severe,39.8,40,-110,2026-05-15 10:38:36,At Checkpoint,2026-05-16,On Track
SHP000586,BAT000586,DRG0586,Amoxicillin 250mg Variant-585,SUP007,Kolkata Cold Chain,Hyderabad Depot,22.170917,87.509882,20.8,Normal,64.0,Normal,Normal,85.5,75,-63,2026-05-15 13:53:36,In Transit,2026-05-20,On Track
SHP000587,BAT000587,DRG0587,Amoxicillin 250mg Variant-586,SUP008,Pune Distribution,Mumbai Warehouse,18.938251,73.191531,29.0,Normal,36.9,Normal,ALERT: Severe,63.4,73,-82,2026-05-15 22:58:36,Delayed,2026-05-17,On Track
SHP000588,BAT000588,DRG0588,Amoxicillin 250mg Variant-587,SUP016,Hyderabad Depot,Chennai Port,14.054909,79.884256,29.5,WARNING: Near Limit,47.0,Normal,Normal,76.5,31,-68,2026-05-15 20:47:36,Delayed,2026-05-18,Breached
SHP000589,BAT000589,DRG0589,Amoxicillin 250mg Variant-588,SUP020,Pune Distribution,Hyderabad Depot,18.052029,75.748018,31.1,CRITICAL TEMP EXCURSION,69.7,Normal,Normal,22.2,36,-80,2026-05-15 18:24:36,In Transit,2026-05-23,On Track
SHP000590,BAT000590,DRG0590,Amoxicillin 250mg Variant-589,SUP011,Kolkata Cold Chain,Ahmedabad Hub,22.666707,85.406381,25.1,Normal,71.2,Normal,ALERT: Severe,23.3,30,-77,2026-05-15 23:49:36,Delayed,2026-05-20,Breached
SHP000591,BAT000591,DRG0591,Amoxicillin 250mg Variant-590,SUP017,Lucknow Store,Pune Distribution,25.002638,79.389553,28.3,Normal,66.5,Normal,Minor,43.5,35,-67,2026-05-15 08:49:36,In Transit,2026-05-21,On Track
SHP000592,BAT000592,DRG0592,Amoxicillin 250mg Variant-591,SUP018,Mumbai Warehouse,Kolkata Cold Chain,19.598725,75.200242,25.3,Normal,51.4,Normal,Normal,72.8,77,-97,2026-05-16 01:13:36,At Checkpoint,2026-05-17,On Track
SHP000593,BAT000593,DRG0593,Amoxicillin 250mg Variant-592,SUP012,Kolkata Cold Chain,Bengaluru Pharma Hub,15.951293,80.938966,20.7,Normal,64.0,Normal,Normal,8.8,90,-95,2026-05-15 17:11:36,At Checkpoint,2026-05-17,On Track
SHP000594,BAT000594,DRG0594,Amoxicillin 250mg Variant-593,SUP019,Pune Distribution,Ahmedabad Hub,19.497149,73.604523,30.2,CRITICAL TEMP EXCURSION,37.5,Normal,Minor,61.4,82,-110,2026-05-15 15:39:36,Delayed,2026-05-20,Breached
SHP000595,BAT000595,DRG0595,Amoxicillin 250mg Variant-594,SUP007,Lucknow Store,Delhi Cold Hub,27.475798,79.527056,18.1,Normal,84.4,High Humidity Alert,Normal,11.8,68,-63,2026-05-15 12:58:36,In Transit,2026-05-24,On Track
SHP000596,BAT000596,DRG0596,Amoxicillin 250mg Variant-595,SUP011,Ahmedabad Hub,Jaipur Depot,25.445394,74.56696,22.2,Normal,33.0,Normal,Minor,28.5,71,-82,2026-05-15 17:12:36,In Transit,2026-05-19,On Track
SHP000597,BAT000597,DRG0597,Amoxicillin 250mg Variant-596,SUP012,Mumbai Warehouse,Chennai Port,19.053091,72.969474,26.2,Normal,55.3,Normal,Normal,26.8,28,-76,2026-05-16 01:45:36,In Transit,2026-05-22,On Track
SHP000598,BAT000598,DRG0598,Amoxicillin 250mg Variant-597,SUP019,Jaipur Depot,Lucknow Store,26.863628,76.258245,19.6,Normal,39.5,Normal,Normal,78.4,60,-104,2026-05-15 22:25:36,In Transit,2026-05-20,On Track
SHP000599,BAT000599,DRG0599,Amoxicillin 250mg Variant-598,SUP011,Kolkata Cold Chain,Mumbai Warehouse,22.202067,86.771652,33.2,CRITICAL TEMP EXCURSION,60.1,Normal,Normal,71.6,42,-108,2026-05-15 11:58:36,Delayed,2026-05-19,On Track
SHP000600,BAT000600,DRG0600,Amoxicillin 250mg Variant-599,SUP001,Delhi Cold Hub,Kolkata Cold Chain,25.476836,83.056416,28.1,Normal,43.1,Normal,Minor,60.9,31,-69,2026-05-15 06:48:36,Delivered,2026-05-19,On Track
SHP000601,BAT000601,DRG0601,Amoxicillin 250mg Variant-600,SUP008,Kolkata Cold Chain,Mumbai Warehouse,20.944714,81.170194,23.1,Normal,40.1,Normal,Normal,2.1,36,-105,2026-05-15 21:58:36,Delayed,2026-05-17,On Track
SHP000602,BAT000602,DRG0602,Amoxicillin 250mg Variant-601,SUP016,Ahmedabad Hub,Mumbai Warehouse,21.213298,72.688203,27.5,Normal,73.7,Normal,ALERT: Severe,48.0,97,-90,2026-05-16 03:11:36,In Transit,2026-05-19,On Track
SHP000603,BAT000603,DRG0603,Amoxicillin 250mg Variant-602,SUP012,Ahmedabad Hub,Mumbai Warehouse,20.892554,72.694472,27.0,Normal,64.2,Normal,ALERT: Severe,27.4,53,-51,2026-05-15 18:20:36,Delivered,2026-05-25,On Track
SHP000604,BAT000604,DRG0604,Amoxicillin 250mg Variant-603,SUP005,Ahmedabad Hub,Bengaluru Pharma Hub,16.807162,75.658835,31.1,CRITICAL TEMP EXCURSION,53.5,Normal,Normal,21.3,77,-64,2026-05-15 07:23:36,In Transit,2026-05-26,On Track
SHP000605,BAT000605,DRG0605,Amoxicillin 250mg Variant-604,SUP019,Jaipur Depot,Lucknow Store,26.849253,77.922221,22.8,Normal,37.4,Normal,Normal,68.8,68,-51,2026-05-15 15:42:36,At Checkpoint,2026-05-19,On Track
SHP000606,BAT000606,DRG0606,Amoxicillin 250mg Variant-605,SUP013,Mumbai Warehouse,Pune Distribution,18.844811,73.193368,28.2,Normal,56.3,Normal,Normal,74.1,25,-100,2026-05-16 01:58:36,In Transit,2026-05-26,On Track
SHP000607,BAT000607,DRG0607,Amoxicillin 250mg Variant-606,SUP007,Chennai Port,Kolkata Cold Chain,22.186623,88.080368,20.1,Normal,53.3,Normal,ALERT: Severe,19.7,57,-50,2026-05-15 07:32:36,In Transit,2026-05-17,On Track
SHP000608,BAT000608,DRG0608,Amoxicillin 250mg Variant-607,SUP012,Ahmedabad Hub,Kolkata Cold Chain,22.690387,84.843306,22.5,Normal,46.3,Normal,Normal,10.1,70,-76,2026-05-15 16:21:36,In Transit,2026-05-22,On Track
SHP000609,BAT000609,DRG0609,Amoxicillin 250mg Variant-608,SUP003,Chennai Port,Ahmedabad Hub,13.328219,80.042497,24.8,Normal,62.6,Normal,Normal,83.4,47,-86,2026-05-15 11:56:36,At Checkpoint,2026-05-19,On Track
SHP000610,BAT000610,DRG0610,Amoxicillin 250mg Variant-609,SUP012,Mumbai Warehouse,Lucknow Store,21.210605,75.141487,20.7,Normal,70.1,Normal,ALERT: Severe,75.9,64,-74,2026-05-16 00:34:36,Delayed,2026-05-18,On Track
SHP000611,BAT000611,DRG0611,Amoxicillin 250mg Variant-610,SUP011,Lucknow Store,Delhi Cold Hub,27.982153,78.518217,25.2,Normal,45.4,Normal,Normal,81.7,26,-86,2026-05-15 07:20:36,In Transit,2026-05-25,On Track
SHP000612,BAT000612,DRG0612,Amoxicillin 250mg Variant-611,SUP002,Delhi Cold Hub,Lucknow Store,27.620962,79.240463,19.5,Normal,40.6,Normal,Normal,48.3,77,-66,2026-05-15 10:50:36,Delivered,2026-05-26,On Track
SHP000613,BAT000613,DRG0613,Amoxicillin 250mg Variant-612,SUP008,Mumbai Warehouse,Ahmedabad Hub,20.391579,72.786474,26.7,Normal,66.1,Normal,Minor,42.9,56,-73,2026-05-15 09:46:36,Delivered,2026-05-25,On Track
SHP000614,BAT000614,DRG0614,Amoxicillin 250mg Variant-613,SUP015,Lucknow Store,Mumbai Warehouse,24.436291,78.362264,19.3,Normal,60.0,Normal,Normal,71.1,73,-88,2026-05-15 13:06:36,Delayed,2026-05-17,On Track
SHP000615,BAT000615,DRG0615,Amoxicillin 250mg Variant-614,SUP002,Jaipur Depot,Delhi Cold Hub,28.644362,77.152692,31.3,CRITICAL TEMP EXCURSION,74.0,Normal,ALERT: Severe,28.2,51,-104,2026-05-15 16:49:36,In Transit,2026-05-17,On Track
SHP000616,BAT000616,DRG0616,Amoxicillin 250mg Variant-615,SUP012,Bengaluru Pharma Hub,Ahmedabad Hub,22.818887,72.65173,26.9,Normal,71.4,Normal,Normal,37.7,59,-72,2026-05-15 16:44:36,In Transit,2026-05-23,On Track
SHP000617,BAT000617,DRG0617,Amoxicillin 250mg Variant-616,SUP005,Jaipur Depot,Lucknow Store,26.915129,76.192903,26.3,Normal,62.4,Normal,Minor,79.8,26,-85,2026-05-15 12:38:36,In Transit,2026-05-16,On Track
SHP000618,BAT000618,DRG0618,Amoxicillin 250mg Variant-617,SUP013,Delhi Cold Hub,Hyderabad Depot,21.344992,77.98825,22.2,Normal,73.7,Normal,ALERT: Severe,15.5,69,-96,2026-05-15 07:09:36,In Transit,2026-05-22,On Track
SHP000619,BAT000619,DRG0619,Amoxicillin 250mg Variant-618,SUP001,Delhi Cold Hub,Hyderabad Depot,27.761995,77.30992,18.4,Normal,76.6,High Humidity Alert,Normal,62.0,27,-95,2026-05-15 14:29:36,Delayed,2026-05-18,On Track
SHP000620,BAT000620,DRG0620,Amoxicillin 250mg Variant-619,SUP018,Chennai Port,Pune Distribution,15.871238,76.934282,28.8,Normal,75.1,High Humidity Alert,Normal,61.2,95,-75,2026-05-16 02:31:36,In Transit,2026-05-23,On Track
SHP000621,BAT000621,DRG0621,Amoxicillin 250mg Variant-620,SUP010,Chennai Port,Hyderabad Depot,15.645655,79.234676,28.7,Normal,35.8,Normal,Normal,6.3,96,-66,2026-05-16 00:27:36,In Transit,2026-05-24,On Track
SHP000622,BAT000622,DRG0622,Amoxicillin 250mg Variant-621,SUP001,Delhi Cold Hub,Chennai Port,15.727597,79.796356,19.3,Normal,68.7,Normal,Normal,63.6,71,-59,2026-05-16 05:28:36,In Transit,2026-05-24,On Track
SHP000623,BAT000623,DRG0623,Amoxicillin 250mg Variant-622,SUP005,Kolkata Cold Chain,Hyderabad Depot,19.584267,82.695411,26.7,Normal,60.5,Normal,Normal,21.0,60,-86,2026-05-15 23:19:36,In Transit,2026-05-25,On Track
SHP000624,BAT000624,DRG0624,Amoxicillin 250mg Variant-623,SUP001,Hyderabad Depot,Mumbai Warehouse,18.928131,73.477793,26.8,Normal,72.6,Normal,Minor,4.2,95,-83,2026-05-15 07:00:36,Delayed,2026-05-20,Breached
SHP000625,BAT000625,DRG0625,Amoxicillin 250mg Variant-624,SUP011,Lucknow Store,Jaipur Depot,26.890202,78.589738,35.9,CRITICAL TEMP EXCURSION,63.6,Normal,Normal,63.2,78,-80,2026-05-15 09:02:36,In Transit,2026-05-21,On Track
SHP000626,BAT000626,DRG0626,Amoxicillin 250mg Variant-625,SUP017,Delhi Cold Hub,Kolkata Cold Chain,26.151038,81.713827,25.5,Normal,40.6,Normal,Normal,40.8,81,-66,2026-05-16 02:06:36,In Transit,2026-05-23,On Track
SHP000627,BAT000627,DRG0627,Amoxicillin 250mg Variant-626,SUP004,Hyderabad Depot,Chennai Port,13.212523,80.19345,31.0,CRITICAL TEMP EXCURSION,39.4,Normal,Normal,8.5,98,-77,2026-05-15 22:54:36,In Transit,2026-05-22,On Track
SHP000628,BAT000628,DRG0628,Amoxicillin 250mg Variant-627,SUP008,Hyderabad Depot,Bengaluru Pharma Hub,14.141072,77.813181,35.3,CRITICAL TEMP EXCURSION,35.5,Normal,Normal,26.1,41,-92,2026-05-15 11:52:36,In Transit,2026-05-18,On Track
SHP000629,BAT000629,DRG0629,Amoxicillin 250mg Variant-628,SUP019,Mumbai Warehouse,Bengaluru Pharma Hub,14.819339,76.18079,26.4,Normal,46.9,Normal,Normal,31.6,31,-103,2026-05-15 07:56:36,Delayed,2026-05-24,Breached
SHP000630,BAT000630,DRG0630,Amoxicillin 250mg Variant-629,SUP016,Delhi Cold Hub,Pune Distribution,24.387067,75.823941,19.2,Normal,57.2,Normal,Normal,55.9,99,-65,2026-05-16 04:31:36,In Transit,2026-05-23,On Track
SHP000631,BAT000631,DRG0631,Amoxicillin 250mg Variant-630,SUP011,Mumbai Warehouse,Pune Distribution,18.916812,73.162222,19.1,Normal,64.8,Normal,Normal,45.8,42,-86,2026-05-16 04:09:36,Delayed,2026-05-17,Breached
SHP000632,BAT000632,DRG0632,Amoxicillin 250mg Variant-631,SUP001,Hyderabad Depot,Pune Distribution,17.831884,76.680002,29.9,WARNING: Near Limit,31.9,Normal,Normal,21.8,68,-65,2026-05-15 17:43:36,Delivered,2026-05-25,On Track
SHP000633,BAT000633,DRG0633,Amoxicillin 250mg Variant-632,SUP013,Kolkata Cold Chain,Bengaluru Pharma Hub,15.135279,79.987105,19.1,Normal,43.8,Normal,Normal,56.3,89,-60,2026-05-16 00:12:36,At Checkpoint,2026-05-26,On Track
SHP000634,BAT000634,DRG0634,Amoxicillin 250mg Variant-633,SUP006,Mumbai Warehouse,Hyderabad Depot,17.731755,77.250068,19.8,Normal,30.1,Normal,Normal,60.6,85,-63,2026-05-16 00:20:36,In Transit,2026-05-22,On Track
SHP000635,BAT000635,DRG0635,Amoxicillin 250mg Variant-634,SUP001,Hyderabad Depot,Lucknow Store,25.028144,80.472822,20.9,Normal,41.5,Normal,Normal,9.2,87,-86,2026-05-15 15:51:36,At Checkpoint,2026-05-20,On Track
SHP000636,BAT000636,DRG0636,Amoxicillin 250mg Variant-635,SUP009,Mumbai Warehouse,Jaipur Depot,22.512989,74.173574,21.0,Normal,60.9,Normal,Normal,84.9,37,-75,2026-05-15 19:29:36,In Transit,2026-05-16,On Track
SHP000637,BAT000637,DRG0637,Amoxicillin 250mg Variant-636,SUP017,Ahmedabad Hub,Chennai Port,21.024888,74.095787,20.0,Normal,71.8,Normal,Minor,57.0,86,-59,2026-05-15 09:32:36,In Transit,2026-05-25,On Track
SHP000638,BAT000638,DRG0638,Amoxicillin 250mg Variant-637,SUP010,Chennai Port,Ahmedabad Hub,21.503762,73.750999,28.9,Normal,78.0,High Humidity Alert,Normal,25.5,46,-90,2026-05-15 10:14:36,In Transit,2026-05-23,On Track
SHP000639,BAT000639,DRG0639,Amoxicillin 250mg Variant-638,SUP012,Kolkata Cold Chain,Pune Distribution,22.386846,87.744211,18.1,Normal,71.9,Normal,Minor,30.6,37,-75,2026-05-15 13:23:36,Delivered,2026-05-19,On Track
SHP000640,BAT000640,DRG0640,Amoxicillin 250mg Variant-639,SUP010,Chennai Port,Lucknow Store,23.27322,80.760477,29.6,WARNING: Near Limit,53.6,Normal,Minor,48.5,94,-94,2026-05-15 15:09:36,In Transit,2026-05-22,On Track
SHP000641,BAT000641,DRG0641,Amoxicillin 250mg Variant-640,SUP001,Delhi Cold Hub,Ahmedabad Hub,24.733868,73.913606,28.3,Normal,62.1,Normal,Normal,76.2,99,-82,2026-05-16 03:56:36,In Transit,2026-05-16,On Track
SHP000642,BAT000642,DRG0642,Amoxicillin 250mg Variant-641,SUP002,Hyderabad Depot,Jaipur Depot,19.914028,77.804522,19.2,Normal,51.6,Normal,Normal,37.7,61,-110,2026-05-15 08:28:36,In Transit,2026-05-17,On Track
SHP000643,BAT000643,DRG0643,Amoxicillin 250mg Variant-642,SUP011,Jaipur Depot,Lucknow Store,26.83665,77.925895,21.5,Normal,61.0,Normal,ALERT: Severe,61.5,46,-92,2026-05-15 07:03:36,In Transit,2026-05-21,On Track
SHP000644,BAT000644,DRG0644,Amoxicillin 250mg Variant-643,SUP001,Lucknow Store,Kolkata Cold Chain,24.369792,85.25326,21.3,Normal,71.8,Normal,Normal,58.1,72,-84,2026-05-15 11:04:36,In Transit,2026-05-23,On Track
SHP000645,BAT000645,DRG0645,Amoxicillin 250mg Variant-644,SUP009,Pune Distribution,Chennai Port,18.305135,74.173868,20.1,Normal,60.9,Normal,Normal,42.4,88,-73,2026-05-16 01:01:36,In Transit,2026-05-23,On Track
SHP000646,BAT000646,DRG0646,Amoxicillin 250mg Variant-645,SUP014,Delhi Cold Hub,Chennai Port,13.754456,80.12811,26.2,Normal,43.2,Normal,Normal,78.4,82,-83,2026-05-16 00:51:36,Delivered,2026-05-20,On Track
SHP000647,BAT000647,DRG0647,Amoxicillin 250mg Variant-646,SUP016,Jaipur Depot,Delhi Cold Hub,28.009017,76.656749,24.9,Normal,71.7,Normal,Normal,77.4,26,-68,2026-05-15 17:35:36,In Transit,2026-05-21,On Track
SHP000648,BAT000648,DRG0648,Amoxicillin 250mg Variant-647,SUP007,Jaipur Depot,Pune Distribution,25.082003,75.319608,28.2,Normal,37.8,Normal,Minor,52.0,96,-89,2026-05-16 03:52:36,At Checkpoint,2026-05-26,On Track
SHP000649,BAT000649,DRG0649,Amoxicillin 250mg Variant-648,SUP020,Hyderabad Depot,Mumbai Warehouse,18.682895,74.229324,28.9,Normal,79.7,High Humidity Alert,Normal,41.4,87,-86,2026-05-15 14:32:36,In Transit,2026-05-19,On Track
SHP000650,BAT000650,DRG0650,Amoxicillin 250mg Variant-649,SUP003,Kolkata Cold Chain,Pune Distribution,20.846284,82.313511,21.0,Normal,67.4,Normal,Normal,56.6,53,-85,2026-05-15 13:23:36,At Checkpoint,2026-05-22,On Track
SHP000651,BAT000651,DRG0651,Amoxicillin 250mg Variant-650,SUP010,Hyderabad Depot,Lucknow Store,18.335215,78.791129,22.4,Normal,67.4,Normal,Normal,42.9,26,-82,2026-05-15 23:14:36,In Transit,2026-05-23,On Track
SHP000652,BAT000652,DRG0652,Amoxicillin 250mg Variant-651,SUP016,Chennai Port,Lucknow Store,25.003749,80.894559,23.0,Normal,37.5,Normal,Normal,84.9,76,-76,2026-05-15 20:03:36,Delayed,2026-05-16,On Track
SHP000653,BAT000653,DRG0653,Amoxicillin 250mg Variant-652,SUP004,Jaipur Depot,Ahmedabad Hub,23.723618,73.170046,22.5,Normal,45.0,Normal,Normal,58.5,56,-57,2026-05-15 13:36:36,Delayed,2026-05-21,Breached
SHP000654,BAT000654,DRG0654,Amoxicillin 250mg Variant-653,SUP012,Pune Distribution,Hyderabad Depot,18.009839,75.897634,18.3,Normal,71.4,Normal,Normal,42.9,79,-84,2026-05-15 11:43:36,Delivered,2026-05-20,On Track
SHP000655,BAT000655,DRG0655,Amoxicillin 250mg Variant-654,SUP019,Mumbai Warehouse,Chennai Port,13.80138,79.361936,22.3,Normal,46.9,Normal,Normal,31.6,58,-105,2026-05-16 04:09:36,In Transit,2026-05-23,On Track
SHP000656,BAT000656,DRG0656,Amoxicillin 250mg Variant-655,SUP016,Hyderabad Depot,Lucknow Store,17.955813,78.661659,18.6,Normal,76.8,High Humidity Alert,ALERT: Severe,3.0,72,-87,2026-05-15 17:09:36,In Transit,2026-05-24,On Track
SHP000657,BAT000657,DRG0657,Amoxicillin 250mg Variant-656,SUP009,Bengaluru Pharma Hub,Hyderabad Depot,16.281223,78.243435,29.5,WARNING: Near Limit,48.3,Normal,ALERT: Severe,38.0,51,-89,2026-05-16 00:35:36,In Transit,2026-05-26,On Track
SHP000658,BAT000658,DRG0658,Amoxicillin 250mg Variant-657,SUP007,Bengaluru Pharma Hub,Kolkata Cold Chain,17.051657,82.242001,27.2,Normal,77.4,High Humidity Alert,Normal,23.4,23,-56,2026-05-15 11:16:36,Delayed,2026-05-17,Breached
SHP000659,BAT000659,DRG0659,Amoxicillin 250mg Variant-658,SUP016,Hyderabad Depot,Chennai Port,14.89387,79.516354,18.9,Normal,67.9,Normal,Minor,45.2,95,-63,2026-05-15 17:07:36,In Transit,2026-05-17,On Track
SHP000660,BAT000660,DRG0660,Amoxicillin 250mg Variant-659,SUP004,Delhi Cold Hub,Jaipur Depot,28.479357,77.064506,23.4,Normal,81.1,High Humidity Alert,Normal,38.4,59,-64,2026-05-15 20:17:36,Delivered,2026-05-23,On Track
SHP000661,BAT000661,DRG0661,Amoxicillin 250mg Variant-660,SUP007,Kolkata Cold Chain,Delhi Cold Hub,25.684465,82.657631,18.0,Normal,69.6,Normal,ALERT: Severe,52.5,71,-68,2026-05-15 08:31:36,Delivered,2026-05-24,On Track
SHP000662,BAT000662,DRG0662,Amoxicillin 250mg Variant-661,SUP015,Bengaluru Pharma Hub,Mumbai Warehouse,17.512341,74.089215,25.2,Normal,50.6,Normal,Minor,57.8,28,-93,2026-05-16 01:08:36,Delayed,2026-05-19,On Track
SHP000663,BAT000663,DRG0663,Amoxicillin 250mg Variant-662,SUP004,Mumbai Warehouse,Bengaluru Pharma Hub,15.539132,75.578668,18.2,Normal,45.3,Normal,Normal,61.2,99,-76,2026-05-15 16:20:36,In Transit,2026-05-18,On Track
SHP000664,BAT000664,DRG0664,Amoxicillin 250mg Variant-663,SUP007,Delhi Cold Hub,Chennai Port,27.719589,77.414333,22.5,Normal,47.0,Normal,Normal,40.6,51,-97,2026-05-15 11:54:36,At Checkpoint,2026-05-17,On Track
SHP000665,BAT000665,DRG0665,Amoxicillin 250mg Variant-664,SUP012,Chennai Port,Ahmedabad Hub,20.370917,74.59209,28.4,Normal,75.5,High Humidity Alert,Normal,16.9,97,-94,2026-05-15 21:07:36,In Transit,2026-05-16,On Track
SHP000666,BAT000666,DRG0666,Amoxicillin 250mg Variant-665,SUP017,Bengaluru Pharma Hub,Hyderabad Depot,16.425779,78.265762,19.0,Normal,80.4,High Humidity Alert,ALERT: Severe,63.0,72,-84,2026-05-15 20:09:36,Delivered,2026-05-23,On Track
SHP000667,BAT000667,DRG0667,Amoxicillin 250mg Variant-666,SUP004,Chennai Port,Delhi Cold Hub,16.294694,79.688633,34.0,CRITICAL TEMP EXCURSION,30.5,Normal,Normal,46.3,45,-93,2026-05-15 16:28:36,In Transit,2026-05-24,On Track
SHP000668,BAT000668,DRG0668,Amoxicillin 250mg Variant-667,SUP013,Delhi Cold Hub,Pune Distribution,26.506088,76.507614,25.7,Normal,68.2,Normal,Normal,49.5,61,-89,2026-05-15 09:29:36,At Checkpoint,2026-05-16,On Track
SHP000669,BAT000669,DRG0669,Amoxicillin 250mg Variant-668,SUP019,Lucknow Store,Jaipur Depot,26.905265,79.409382,31.0,CRITICAL TEMP EXCURSION,84.9,High Humidity Alert,Normal,29.7,86,-57,2026-05-16 02:58:36,Delivered,2026-05-23,On Track
SHP000670,BAT000670,DRG0670,Amoxicillin 250mg Variant-669,SUP005,Pune Distribution,Bengaluru Pharma Hub,17.297228,74.696224,21.7,Normal,71.9,Normal,Minor,8.3,25,-64,2026-05-16 04:51:36,In Transit,2026-05-24,On Track
SHP000671,BAT000671,DRG0671,Amoxicillin 250mg Variant-670,SUP016,Delhi Cold Hub,Chennai Port,15.13048,79.823601,27.8,Normal,47.1,Normal,Normal,9.3,97,-54,2026-05-15 18:07:36,At Checkpoint,2026-05-23,On Track
SHP000672,BAT000672,DRG0672,Amoxicillin 250mg Variant-671,SUP010,Hyderabad Depot,Mumbai Warehouse,18.829695,73.732964,31.9,CRITICAL TEMP EXCURSION,56.0,Normal,Normal,26.6,31,-92,2026-05-15 17:02:36,In Transit,2026-05-19,On Track
SHP000673,BAT000673,DRG0673,Amoxicillin 250mg Variant-672,SUP003,Hyderabad Depot,Delhi Cold Hub,21.130926,78.048313,29.4,WARNING: Near Limit,47.6,Normal,Normal,17.1,59,-92,2026-05-16 06:23:36,Delivered,2026-05-23,On Track
SHP000674,BAT000674,DRG0674,Amoxicillin 250mg Variant-673,SUP017,Jaipur Depot,Delhi Cold Hub,28.01531,76.697028,26.9,Normal,49.8,Normal,Minor,27.3,60,-90,2026-05-15 15:09:36,Delivered,2026-05-22,On Track
SHP000675,BAT000675,DRG0675,Amoxicillin 250mg Variant-674,SUP002,Hyderabad Depot,Chennai Port,16.02308,79.029425,29.7,WARNING: Near Limit,62.9,Normal,Normal,12.7,98,-56,2026-05-15 10:20:36,In Transit,2026-05-21,On Track
SHP000676,BAT000676,DRG0676,Amoxicillin 250mg Variant-675,SUP003,Bengaluru Pharma Hub,Mumbai Warehouse,15.535432,75.671259,27.6,Normal,31.3,Normal,Normal,82.6,68,-69,2026-05-15 17:45:36,Delayed,2026-05-25,Breached
SHP000677,BAT000677,DRG0677,Amoxicillin 250mg Variant-676,SUP010,Mumbai Warehouse,Jaipur Depot,24.029467,74.704516,19.5,Normal,59.5,Normal,Normal,74.2,36,-101,2026-05-15 07:17:36,In Transit,2026-05-26,On Track
SHP000678,BAT000678,DRG0678,Amoxicillin 250mg Variant-677,SUP016,Ahmedabad Hub,Pune Distribution,18.835344,73.779031,25.4,Normal,72.9,Normal,Normal,2.7,44,-70,2026-05-15 21:30:36,Delivered,2026-05-25,On Track
SHP000679,BAT000679,DRG0679,Amoxicillin 250mg Variant-678,SUP004,Delhi Cold Hub,Mumbai Warehouse,28.514686,77.124741,25.6,Normal,81.5,High Humidity Alert,ALERT: Severe,31.7,36,-62,2026-05-16 02:13:36,At Checkpoint,2026-05-26,On Track
SHP000680,BAT000680,DRG0680,Amoxicillin 250mg Variant-679,SUP010,Ahmedabad Hub,Mumbai Warehouse,20.212088,72.73992,25.9,Normal,80.2,High Humidity Alert,Normal,50.3,98,-79,2026-05-16 02:21:36,In Transit,2026-05-19,On Track
SHP000681,BAT000681,DRG0681,Amoxicillin 250mg Variant-680,SUP001,Jaipur Depot,Ahmedabad Hub,23.223187,72.751648,20.2,Normal,69.4,Normal,Normal,29.8,85,-54,2026-05-15 08:49:36,In Transit,2026-05-18,On Track
SHP000682,BAT000682,DRG0682,Amoxicillin 250mg Variant-681,SUP015,Jaipur Depot,Kolkata Cold Chain,26.831253,75.966519,34.7,CRITICAL TEMP EXCURSION,75.7,High Humidity Alert,Normal,1.2,65,-56,2026-05-15 20:29:36,Delivered,2026-05-20,On Track
SHP000683,BAT000683,DRG0683,Amoxicillin 250mg Variant-682,SUP019,Ahmedabad Hub,Kolkata Cold Chain,22.721602,83.493235,18.3,Normal,77.9,High Humidity Alert,ALERT: Severe,45.2,94,-78,2026-05-15 19:28:36,Delivered,2026-05-22,On Track
SHP000684,BAT000684,DRG0684,Amoxicillin 250mg Variant-683,SUP001,Chennai Port,Hyderabad Depot,13.274531,80.190688,23.2,Normal,37.4,Normal,Minor,50.3,87,-78,2026-05-15 13:19:36,Delivered,2026-05-22,On Track
SHP000685,BAT000685,DRG0685,Amoxicillin 250mg Variant-684,SUP013,Pune Distribution,Kolkata Cold Chain,21.386957,83.98328,18.9,Normal,51.4,Normal,Normal,37.5,36,-54,2026-05-16 02:02:36,At Checkpoint,2026-05-16,On Track
SHP000686,BAT000686,DRG0686,Amoxicillin 250mg Variant-685,SUP015,Delhi Cold Hub,Lucknow Store,27.238077,80.201986,31.7,CRITICAL TEMP EXCURSION,75.7,High Humidity Alert,Normal,59.9,77,-53,2026-05-16 04:01:36,At Checkpoint,2026-05-25,On Track
SHP000687,BAT000687,DRG0687,Amoxicillin 250mg Variant-686,SUP020,Mumbai Warehouse,Hyderabad Depot,18.186114,75.694468,21.1,Normal,84.7,High Humidity Alert,Minor,71.8,61,-64,2026-05-15 22:21:36,At Checkpoint,2026-05-18,On Track
SHP000688,BAT000688,DRG0688,Amoxicillin 250mg Variant-687,SUP013,Lucknow Store,Chennai Port,22.615754,80.763468,27.7,Normal,70.2,Normal,Normal,21.0,76,-102,2026-05-15 11:36:36,In Transit,2026-05-25,On Track
SHP000689,BAT000689,DRG0689,Amoxicillin 250mg Variant-688,SUP008,Pune Distribution,Delhi Cold Hub,28.17392,77.037405,33.4,CRITICAL TEMP EXCURSION,70.1,Normal,Normal,59.2,70,-79,2026-05-16 06:28:36,At Checkpoint,2026-05-20,On Track
SHP000690,BAT000690,DRG0690,Amoxicillin 250mg Variant-689,SUP013,Jaipur Depot,Lucknow Store,26.898535,77.89638,27.6,Normal,50.9,Normal,ALERT: Severe,13.4,41,-87,2026-05-15 08:06:36,Delayed,2026-05-24,On Track
SHP000691,BAT000691,DRG0691,Amoxicillin 250mg Variant-690,SUP013,Bengaluru Pharma Hub,Jaipur Depot,25.626906,75.996872,19.3,Normal,42.0,Normal,Normal,33.6,25,-83,2026-05-15 13:20:36,At Checkpoint,2026-05-21,On Track
SHP000692,BAT000692,DRG0692,Amoxicillin 250mg Variant-691,SUP003,Kolkata Cold Chain,Jaipur Depot,25.747925,79.247691,22.9,Normal,57.2,Normal,Normal,55.0,71,-93,2026-05-15 19:41:36,At Checkpoint,2026-05-19,On Track
SHP000693,BAT000693,DRG0693,Amoxicillin 250mg Variant-692,SUP010,Ahmedabad Hub,Chennai Port,15.733484,78.25629,19.8,Normal,42.7,Normal,ALERT: Severe,18.1,81,-90,2026-05-15 18:59:36,Delayed,2026-05-21,On Track
SHP000694,BAT000694,DRG0694,Amoxicillin 250mg Variant-693,SUP019,Bengaluru Pharma Hub,Jaipur Depot,22.729296,76.333198,21.3,Normal,83.2,High Humidity Alert,Normal,63.5,57,-77,2026-05-15 17:34:36,Delayed,2026-05-18,Breached
SHP000695,BAT000695,DRG0695,Amoxicillin 250mg Variant-694,SUP006,Pune Distribution,Delhi Cold Hub,27.004345,76.698373,23.1,Normal,48.4,Normal,Normal,55.2,65,-60,2026-05-15 19:53:36,In Transit,2026-05-21,On Track
SHP000696,BAT000696,DRG0696,Amoxicillin 250mg Variant-695,SUP001,Kolkata Cold Chain,Chennai Port,14.168848,81.181553,20.9,Normal,69.7,Normal,Normal,50.9,46,-88,2026-05-15 13:32:36,In Transit,2026-05-16,On Track
SHP000697,BAT000697,DRG0697,Amoxicillin 250mg Variant-696,SUP008,Delhi Cold Hub,Kolkata Cold Chain,23.909521,85.916189,24.9,Normal,65.9,Normal,Normal,15.5,55,-101,2026-05-16 02:26:36,At Checkpoint,2026-05-20,On Track
SHP000698,BAT000698,DRG0698,Amoxicillin 250mg Variant-697,SUP010,Jaipur Depot,Hyderabad Depot,24.019875,76.578192,24.6,Normal,61.2,Normal,Minor,69.0,75,-69,2026-05-15 07:03:36,In Transit,2026-05-17,On Track
SHP000699,BAT000699,DRG0699,Amoxicillin 250mg Variant-698,SUP020,Jaipur Depot,Mumbai Warehouse,24.789933,74.957994,18.1,Normal,76.1,High Humidity Alert,Normal,78.3,76,-63,2026-05-15 22:29:36,In Transit,2026-05-24,On Track
SHP000700,BAT000700,DRG0700,Amoxicillin 250mg Variant-699,SUP006,Kolkata Cold Chain,Lucknow Store,26.788727,81.087231,21.3,Normal,78.4,High Humidity Alert,Normal,22.1,39,-53,2026-05-15 17:20:36,In Transit,2026-05-25,On Track
SHP000701,BAT000701,DRG0701,Amoxicillin 250mg Variant-700,SUP017,Kolkata Cold Chain,Ahmedabad Hub,23.00076,74.881273,26.4,Normal,57.3,Normal,Normal,56.6,46,-85,2026-05-15 06:58:36,In Transit,2026-05-25,On Track
SHP000702,BAT000702,DRG0702,Amoxicillin 250mg Variant-701,SUP017,Lucknow Store,Delhi Cold Hub,27.055029,80.56706,22.2,Normal,54.4,Normal,ALERT: Severe,83.3,39,-59,2026-05-15 13:38:36,In Transit,2026-05-16,On Track
SHP000703,BAT000703,DRG0703,Amoxicillin 250mg Variant-702,SUP014,Bengaluru Pharma Hub,Delhi Cold Hub,26.773598,77.302458,28.2,Normal,65.7,Normal,ALERT: Severe,19.6,51,-55,2026-05-16 06:04:36,Delayed,2026-05-23,Breached
SHP000704,BAT000704,DRG0704,Amoxicillin 250mg Variant-703,SUP014,Pune Distribution,Jaipur Depot,19.72629,74.113217,20.6,Normal,63.4,Normal,Normal,43.0,85,-93,2026-05-15 20:54:36,Delayed,2026-05-22,Breached
SHP000705,BAT000705,DRG0705,Amoxicillin 250mg Variant-704,SUP017,Jaipur Depot,Mumbai Warehouse,20.43188,73.32709,24.8,Normal,61.3,Normal,Normal,54.6,28,-81,2026-05-15 14:15:36,In Transit,2026-05-21,On Track
SHP000706,BAT000706,DRG0706,Amoxicillin 250mg Variant-705,SUP019,Delhi Cold Hub,Bengaluru Pharma Hub,19.676127,77.409683,25.2,Normal,39.1,Normal,Normal,60.5,74,-52,2026-05-15 21:20:36,At Checkpoint,2026-05-24,On Track
SHP000707,BAT000707,DRG0707,Amoxicillin 250mg Variant-706,SUP007,Bengaluru Pharma Hub,Jaipur Depot,23.583339,76.223988,26.0,Normal,56.2,Normal,Normal,40.0,64,-86,2026-05-15 19:51:36,At Checkpoint,2026-05-16,On Track
SHP000708,BAT000708,DRG0708,Amoxicillin 250mg Variant-707,SUP015,Ahmedabad Hub,Mumbai Warehouse,21.575568,72.693447,26.5,Normal,65.1,Normal,Normal,20.0,75,-76,2026-05-15 14:40:36,Delayed,2026-05-23,Breached
SHP000709,BAT000709,DRG0709,Amoxicillin 250mg Variant-708,SUP017,Kolkata Cold Chain,Bengaluru Pharma Hub,13.467047,78.158001,25.3,Normal,79.4,High Humidity Alert,Normal,36.4,50,-91,2026-05-16 02:54:36,In Transit,2026-05-19,On Track
SHP000710,BAT000710,DRG0710,Amoxicillin 250mg Variant-709,SUP018,Pune Distribution,Ahmedabad Hub,20.670586,73.273351,35.7,CRITICAL TEMP EXCURSION,65.4,Normal,Normal,40.9,49,-61,2026-05-15 20:55:36,At Checkpoint,2026-05-20,On Track
SHP000711,BAT000711,DRG0711,Amoxicillin 250mg Variant-710,SUP019,Hyderabad Depot,Delhi Cold Hub,26.593434,77.460138,20.1,Normal,81.8,High Humidity Alert,Normal,86.6,63,-85,2026-05-15 22:03:36,In Transit,2026-05-19,On Track
SHP000712,BAT000712,DRG0712,Amoxicillin 250mg Variant-711,SUP011,Pune Distribution,Chennai Port,15.019035,78.012764,33.2,CRITICAL TEMP EXCURSION,78.2,High Humidity Alert,Normal,42.1,99,-68,2026-05-15 20:01:36,In Transit,2026-05-19,On Track
SHP000713,BAT000713,DRG0713,Amoxicillin 250mg Variant-712,SUP005,Bengaluru Pharma Hub,Jaipur Depot,18.071238,76.937098,26.1,Normal,62.0,Normal,Normal,43.7,96,-91,2026-05-15 14:05:36,In Transit,2026-05-24,On Track
SHP000714,BAT000714,DRG0714,Amoxicillin 250mg Variant-713,SUP013,Delhi Cold Hub,Kolkata Cold Chain,26.148105,81.738104,28.9,Normal,64.5,Normal,Normal,69.9,72,-100,2026-05-15 22:36:36,In Transit,2026-05-26,On Track
SHP000715,BAT000715,DRG0715,Amoxicillin 250mg Variant-714,SUP016,Chennai Port,Ahmedabad Hub,13.053221,80.216394,25.1,Normal,83.7,High Humidity Alert,ALERT: Severe,64.5,52,-64,2026-05-15 13:55:36,Delayed,2026-05-25,Breached
SHP000716,BAT000716,DRG0716,Amoxicillin 250mg Variant-715,SUP003,Hyderabad Depot,Chennai Port,16.834356,78.690716,18.5,Normal,69.2,Normal,Normal,84.5,67,-65,2026-05-15 17:00:36,In Transit,2026-05-17,On Track
SHP000717,BAT000717,DRG0717,Amoxicillin 250mg Variant-716,SUP005,Ahmedabad Hub,Mumbai Warehouse,22.301327,72.589969,32.1,CRITICAL TEMP EXCURSION,67.3,Normal,ALERT: Severe,76.2,33,-82,2026-05-16 05:32:36,Delivered,2026-05-23,On Track
SHP000718,BAT000718,DRG0718,Amoxicillin 250mg Variant-717,SUP004,Lucknow Store,Chennai Port,18.936463,80.551289,29.3,WARNING: Near Limit,47.2,Normal,ALERT: Severe,8.8,39,-103,2026-05-15 18:17:36,At Checkpoint,2026-05-19,On Track
SHP000719,BAT000719,DRG0719,Amoxicillin 250mg Variant-718,SUP020,Jaipur Depot,Kolkata Cold Chain,24.998138,81.371314,23.1,Normal,85.0,High Humidity Alert,Normal,79.1,65,-65,2026-05-15 12:45:36,At Checkpoint,2026-05-22,On Track
SHP000720,BAT000720,DRG0720,Amoxicillin 250mg Variant-719,SUP016,Mumbai Warehouse,Ahmedabad Hub,19.266888,72.863396,27.3,Normal,83.2,High Humidity Alert,Normal,72.1,33,-62,2026-05-16 00:07:36,At Checkpoint,2026-05-16,On Track
SHP000721,BAT000721,DRG0721,Amoxicillin 250mg Variant-720,SUP004,Delhi Cold Hub,Chennai Port,25.680142,77.830458,23.9,Normal,47.0,Normal,Minor,20.4,71,-56,2026-05-15 07:47:36,In Transit,2026-05-21,On Track
SHP000722,BAT000722,DRG0722,Amoxicillin 250mg Variant-721,SUP019,Ahmedabad Hub,Kolkata Cold Chain,22.855829,79.502088,24.2,Normal,31.2,Normal,ALERT: Severe,69.1,21,-68,2026-05-16 04:59:36,Delivered,2026-05-26,On Track
SHP000723,BAT000723,DRG0723,Amoxicillin 250mg Variant-722,SUP019,Hyderabad Depot,Pune Distribution,18.257699,74.888725,22.7,Normal,31.4,Normal,Normal,87.7,63,-99,2026-05-15 07:54:36,Delivered,2026-05-19,On Track
SHP000724,BAT000724,DRG0724,Amoxicillin 250mg Variant-723,SUP004,Ahmedabad Hub,Chennai Port,16.019666,77.983127,27.2,Normal,51.5,Normal,Minor,9.3,36,-67,2026-05-16 02:21:36,In Transit,2026-05-18,On Track
SHP000725,BAT000725,DRG0725,Amoxicillin 250mg Variant-724,SUP003,Delhi Cold Hub,Chennai Port,18.848332,79.164205,19.0,Normal,36.0,Normal,Normal,71.1,89,-74,2026-05-16 01:44:36,In Transit,2026-05-25,On Track
SHP000726,BAT000726,DRG0726,Amoxicillin 250mg Variant-725,SUP018,Chennai Port,Kolkata Cold Chain,22.377797,88.170849,25.5,Normal,50.8,Normal,Normal,63.0,43,-87,2026-05-15 07:19:36,In Transit,2026-05-20,On Track
SHP000727,BAT000727,DRG0727,Amoxicillin 250mg Variant-726,SUP007,Chennai Port,Delhi Cold Hub,14.741187,79.963072,28.2,Normal,79.8,High Humidity Alert,Normal,7.7,68,-52,2026-05-15 15:23:36,In Transit,2026-05-24,On Track
SHP000728,BAT000728,DRG0728,Amoxicillin 250mg Variant-727,SUP003,Mumbai Warehouse,Pune Distribution,18.966388,73.051605,19.2,Normal,62.6,Normal,Normal,75.4,74,-78,2026-05-15 20:28:36,In Transit,2026-05-24,On Track
SHP000729,BAT000729,DRG0729,Amoxicillin 250mg Variant-728,SUP009,Chennai Port,Ahmedabad Hub,22.39318,73.057366,29.4,WARNING: Near Limit,44.4,Normal,Minor,21.9,51,-90,2026-05-15 21:38:36,In Transit,2026-05-17,On Track
SHP000730,BAT000730,DRG0730,Amoxicillin 250mg Variant-729,SUP015,Delhi Cold Hub,Bengaluru Pharma Hub,21.689847,77.42093,30.0,WARNING: Near Limit,56.5,Normal,Normal,82.8,79,-52,2026-05-15 14:16:36,In Transit,2026-05-25,On Track
SHP000731,BAT000731,DRG0731,Amoxicillin 250mg Variant-730,SUP016,Mumbai Warehouse,Kolkata Cold Chain,21.386969,83.081117,27.3,Normal,50.7,Normal,ALERT: Severe,54.3,20,-80,2026-05-15 16:22:36,Delayed,2026-05-23,On Track
SHP000732,BAT000732,DRG0732,Amoxicillin 250mg Variant-731,SUP009,Delhi Cold Hub,Kolkata Cold Chain,27.452367,79.243428,24.3,Normal,58.4,Normal,Minor,4.4,58,-104,2026-05-15 13:38:36,Delivered,2026-05-25,On Track
SHP000733,BAT000733,DRG0733,Amoxicillin 250mg Variant-732,SUP018,Hyderabad Depot,Mumbai Warehouse,17.800195,77.184194,25.9,Normal,73.8,Normal,Normal,55.3,79,-91,2026-05-16 03:01:36,At Checkpoint,2026-05-25,On Track
SHP000734,BAT000734,DRG0734,Amoxicillin 250mg Variant-733,SUP002,Delhi Cold Hub,Kolkata Cold Chain,28.412134,77.640255,26.2,Normal,51.3,Normal,Normal,71.6,92,-108,2026-05-15 11:28:36,Delayed,2026-05-23,On Track
SHP000735,BAT000735,DRG0735,Amoxicillin 250mg Variant-734,SUP001,Hyderabad Depot,Chennai Port,16.854174,78.769653,25.2,Normal,67.5,Normal,Normal,49.7,67,-75,2026-05-15 11:09:36,In Transit,2026-05-19,On Track
SHP000736,BAT000736,DRG0736,Amoxicillin 250mg Variant-735,SUP011,Kolkata Cold Chain,Jaipur Depot,23.178852,86.620937,20.1,Normal,82.8,High Humidity Alert,Normal,6.0,51,-70,2026-05-15 17:09:36,Delayed,2026-05-18,On Track
SHP000737,BAT000737,DRG0737,Amoxicillin 250mg Variant-736,SUP013,Pune Distribution,Bengaluru Pharma Hub,16.24274,75.324999,26.8,Normal,71.6,Normal,Minor,63.7,78,-87,2026-05-15 21:19:36,At Checkpoint,2026-05-16,On Track
SHP000738,BAT000738,DRG0738,Amoxicillin 250mg Variant-737,SUP013,Bengaluru Pharma Hub,Hyderabad Depot,13.899174,77.77664,27.9,Normal,40.6,Normal,Minor,57.5,20,-84,2026-05-15 18:23:36,Delivered,2026-05-19,On Track
SHP000739,BAT000739,DRG0739,Amoxicillin 250mg Variant-738,SUP010,Pune Distribution,Delhi Cold Hub,23.349269,75.441236,27.3,Normal,68.8,Normal,Normal,2.3,40,-63,2026-05-16 03:58:36,In Transit,2026-05-16,On Track
SHP000740,BAT000740,DRG0740,Amoxicillin 250mg Variant-739,SUP008,Delhi Cold Hub,Bengaluru Pharma Hub,14.340063,77.518914,24.2,Normal,64.9,Normal,ALERT: Severe,43.4,94,-110,2026-05-15 23:13:36,In Transit,2026-05-25,On Track
SHP000741,BAT000741,DRG0741,Amoxicillin 250mg Variant-740,SUP009,Ahmedabad Hub,Delhi Cold Hub,25.777135,74.892427,20.3,Normal,49.0,Normal,Minor,40.7,27,-53,2026-05-15 11:11:36,In Transit,2026-05-17,On Track
SHP000742,BAT000742,DRG0742,Amoxicillin 250mg Variant-741,SUP017,Bengaluru Pharma Hub,Chennai Port,13.092574,79.980536,32.4,CRITICAL TEMP EXCURSION,59.7,Normal,Normal,68.5,100,-75,2026-05-15 10:35:36,In Transit,2026-05-19,On Track
SHP000743,BAT000743,DRG0743,Amoxicillin 250mg Variant-742,SUP003,Hyderabad Depot,Ahmedabad Hub,19.532366,76.233821,28.0,Normal,55.2,Normal,ALERT: Severe,39.2,27,-110,2026-05-15 17:30:36,In Transit,2026-05-19,On Track
SHP000744,BAT000744,DRG0744,Amoxicillin 250mg Variant-743,SUP014,Chennai Port,Pune Distribution,18.219218,74.251805,26.6,Normal,67.2,Normal,ALERT: Severe,75.8,30,-70,2026-05-15 14:37:36,In Transit,2026-05-16,On Track
SHP000745,BAT000745,DRG0745,Amoxicillin 250mg Variant-744,SUP002,Hyderabad Depot,Lucknow Store,19.068181,78.914167,26.7,Normal,48.3,Normal,Normal,80.7,53,-55,2026-05-15 19:08:36,In Transit,2026-05-16,On Track
SHP000746,BAT000746,DRG0746,Amoxicillin 250mg Variant-745,SUP011,Chennai Port,Jaipur Depot,16.970881,78.965604,28.5,Normal,54.1,Normal,Normal,75.9,89,-105,2026-05-15 18:59:36,Delivered,2026-05-16,On Track
SHP000747,BAT000747,DRG0747,Amoxicillin 250mg Variant-746,SUP013,Pune Distribution,Chennai Port,17.593563,74.906473,28.7,Normal,49.8,Normal,Minor,64.6,58,-59,2026-05-15 14:27:36,Delivered,2026-05-17,On Track
SHP000748,BAT000748,DRG0748,Amoxicillin 250mg Variant-747,SUP001,Delhi Cold Hub,Lucknow Store,28.568712,77.408051,28.6,Normal,49.9,Normal,ALERT: Severe,66.9,73,-89,2026-05-15 15:00:36,In Transit,2026-05-24,On Track
SHP000749,BAT000749,DRG0749,Amoxicillin 250mg Variant-748,SUP019,Lucknow Store,Ahmedabad Hub,26.255306,79.683399,22.1,Normal,81.9,High Humidity Alert,ALERT: Severe,2.2,46,-73,2026-05-16 06:23:36,At Checkpoint,2026-05-24,On Track
SHP000750,BAT000750,DRG0750,Amoxicillin 250mg Variant-749,SUP006,Chennai Port,Kolkata Cold Chain,18.082285,84.539033,22.5,Normal,62.5,Normal,Minor,16.4,72,-106,2026-05-15 23:17:36,At Checkpoint,2026-05-18,On Track
SHP000751,BAT000751,DRG0751,Amoxicillin 250mg Variant-750,SUP008,Kolkata Cold Chain,Jaipur Depot,24.652377,82.409168,28.7,Normal,54.1,Normal,Normal,42.2,46,-74,2026-05-15 11:27:36,Delivered,2026-05-18,On Track
SHP000752,BAT000752,DRG0752,Amoxicillin 250mg Variant-751,SUP018,Kolkata Cold Chain,Hyderabad Depot,20.003276,83.492842,29.1,WARNING: Near Limit,33.8,Normal,Normal,5.0,76,-62,2026-05-15 22:36:36,In Transit,2026-05-17,On Track
SHP000753,BAT000753,DRG0753,Amoxicillin 250mg Variant-752,SUP016,Bengaluru Pharma Hub,Jaipur Depot,21.262527,76.531577,33.2,CRITICAL TEMP EXCURSION,79.6,High Humidity Alert,Normal,25.9,40,-96,2026-05-16 00:10:36,Delayed,2026-05-19,Breached
SHP000754,BAT000754,DRG0754,Amoxicillin 250mg Variant-753,SUP018,Bengaluru Pharma Hub,Hyderabad Depot,15.736616,78.120055,27.4,Normal,74.8,Normal,Normal,75.1,68,-74,2026-05-15 21:55:36,Delayed,2026-05-19,On Track
SHP000755,BAT000755,DRG0755,Amoxicillin 250mg Variant-754,SUP001,Mumbai Warehouse,Kolkata Cold Chain,21.231258,82.323895,28.6,Normal,47.8,Normal,Normal,53.9,31,-102,2026-05-15 13:29:36,In Transit,2026-05-19,On Track
SHP000756,BAT000756,DRG0756,Amoxicillin 250mg Variant-755,SUP020,Ahmedabad Hub,Mumbai Warehouse,22.880495,72.62553,28.6,Normal,60.6,Normal,Normal,47.9,63,-95,2026-05-16 03:06:36,In Transit,2026-05-25,On Track
SHP000757,BAT000757,DRG0757,Amoxicillin 250mg Variant-756,SUP016,Jaipur Depot,Mumbai Warehouse,24.89308,75.088969,24.4,Normal,30.4,Normal,Normal,87.7,72,-62,2026-05-15 20:25:36,In Transit,2026-05-21,On Track
SHP000758,BAT000758,DRG0758,Amoxicillin 250mg Variant-757,SUP009,Pune Distribution,Mumbai Warehouse,18.822869,73.432221,25.7,Normal,54.6,Normal,Normal,2.5,43,-108,2026-05-15 22:56:36,Delayed,2026-05-25,On Track
SHP000759,BAT000759,DRG0759,Amoxicillin 250mg Variant-758,SUP004,Bengaluru Pharma Hub,Delhi Cold Hub,16.825714,77.496598,19.1,Normal,83.3,High Humidity Alert,Normal,50.4,73,-51,2026-05-15 23:37:36,At Checkpoint,2026-05-25,On Track
SHP000760,BAT000760,DRG0760,Amoxicillin 250mg Variant-759,SUP011,Bengaluru Pharma Hub,Jaipur Depot,24.285708,76.156355,28.6,Normal,57.3,Normal,ALERT: Severe,6.9,40,-59,2026-05-15 20:10:36,At Checkpoint,2026-05-21,On Track
SHP000761,BAT000761,DRG0761,Amoxicillin 250mg Variant-760,SUP015,Kolkata Cold Chain,Bengaluru Pharma Hub,17.001072,82.199369,21.7,Normal,36.3,Normal,Normal,21.1,43,-76,2026-05-15 11:44:36,At Checkpoint,2026-05-16,On Track
SHP000762,BAT000762,DRG0762,Amoxicillin 250mg Variant-761,SUP002,Ahmedabad Hub,Mumbai Warehouse,22.903851,72.531471,21.7,Normal,67.7,Normal,Normal,84.5,38,-67,2026-05-16 01:18:36,Delayed,2026-05-26,On Track
SHP000763,BAT000763,DRG0763,Amoxicillin 250mg Variant-762,SUP013,Delhi Cold Hub,Ahmedabad Hub,26.582888,75.51267,24.4,Normal,64.1,Normal,ALERT: Severe,77.8,28,-107,2026-05-15 21:33:36,Delivered,2026-05-22,On Track
SHP000764,BAT000764,DRG0764,Amoxicillin 250mg Variant-763,SUP013,Bengaluru Pharma Hub,Ahmedabad Hub,16.207216,76.017489,22.9,Normal,67.4,Normal,Normal,22.8,41,-58,2026-05-16 05:00:36,In Transit,2026-05-22,On Track
SHP000765,BAT000765,DRG0765,Amoxicillin 250mg Variant-764,SUP015,Mumbai Warehouse,Ahmedabad Hub,21.212317,72.693202,29.3,WARNING: Near Limit,40.4,Normal,Normal,51.6,67,-78,2026-05-15 13:54:36,In Transit,2026-05-19,On Track
SHP000766,BAT000766,DRG0766,Amoxicillin 250mg Variant-765,SUP014,Jaipur Depot,Hyderabad Depot,23.142203,76.812428,30.5,CRITICAL TEMP EXCURSION,44.3,Normal,Normal,88.0,39,-96,2026-05-16 02:09:36,Delivered,2026-05-23,On Track
SHP000767,BAT000767,DRG0767,Amoxicillin 250mg Variant-766,SUP006,Delhi Cold Hub,Chennai Port,17.100254,79.479349,33.8,CRITICAL TEMP EXCURSION,30.4,Normal,Normal,4.0,33,-74,2026-05-15 15:59:36,Delivered,2026-05-25,On Track
SHP000768,BAT000768,DRG0768,Amoxicillin 250mg Variant-767,SUP016,Ahmedabad Hub,Bengaluru Pharma Hub,22.706914,72.667948,30.7,CRITICAL TEMP EXCURSION,60.9,Normal,Minor,65.1,65,-102,2026-05-15 22:37:36,In Transit,2026-05-18,On Track
SHP000769,BAT000769,DRG0769,Amoxicillin 250mg Variant-768,SUP003,Lucknow Store,Ahmedabad Hub,23.66071,73.904019,27.0,Normal,62.2,Normal,Minor,14.5,33,-89,2026-05-15 12:28:36,Delayed,2026-05-21,On Track
SHP000770,BAT000770,DRG0770,Amoxicillin 250mg Variant-769,SUP016,Delhi Cold Hub,Lucknow Store,27.826243,78.824026,21.4,Normal,39.1,Normal,Normal,81.4,79,-89,2026-05-15 15:03:36,In Transit,2026-05-17,On Track
SHP000771,BAT000771,DRG0771,Amoxicillin 250mg Variant-770,SUP006,Chennai Port,Bengaluru Pharma Hub,13.080548,79.503147,19.9,Normal,37.2,Normal,Minor,7.2,89,-95,2026-05-15 07:05:36,In Transit,2026-05-18,On Track
SHP000772,BAT000772,DRG0772,Amoxicillin 250mg Variant-771,SUP011,Chennai Port,Ahmedabad Hub,20.288633,74.710957,27.5,Normal,56.4,Normal,Normal,26.7,59,-98,2026-05-15 09:15:36,In Transit,2026-05-20,On Track
SHP000773,BAT000773,DRG0773,Amoxicillin 250mg Variant-772,SUP002,Lucknow Store,Ahmedabad Hub,24.828832,76.648032,23.7,Normal,48.6,Normal,Normal,67.7,59,-96,2026-05-15 13:03:36,Delayed,2026-05-26,Breached
SHP000774,BAT000774,DRG0774,Amoxicillin 250mg Variant-773,SUP013,Bengaluru Pharma Hub,Mumbai Warehouse,17.601281,74.03889,25.7,Normal,36.9,Normal,Normal,52.3,73,-107,2026-05-15 09:21:36,In Transit,2026-05-16,On Track
SHP000775,BAT000775,DRG0775,Amoxicillin 250mg Variant-774,SUP010,Lucknow Store,Chennai Port,26.672747,80.959694,23.7,Normal,37.0,Normal,Normal,36.5,37,-102,2026-05-15 18:15:36,In Transit,2026-05-25,On Track
SHP000776,BAT000776,DRG0776,Amoxicillin 250mg Variant-775,SUP003,Bengaluru Pharma Hub,Mumbai Warehouse,14.347786,76.526089,19.0,Normal,82.7,High Humidity Alert,ALERT: Severe,87.7,32,-67,2026-05-15 19:24:36,In Transit,2026-05-23,On Track
SHP000777,BAT000777,DRG0777,Amoxicillin 250mg Variant-776,SUP003,Hyderabad Depot,Delhi Cold Hub,27.948948,77.276278,22.8,Normal,80.1,High Humidity Alert,Normal,44.2,62,-84,2026-05-15 11:14:36,In Transit,2026-05-16,On Track
SHP000778,BAT000778,DRG0778,Amoxicillin 250mg Variant-777,SUP019,Delhi Cold Hub,Jaipur Depot,28.20332,76.860695,22.0,Normal,59.0,Normal,ALERT: Severe,24.6,59,-100,2026-05-16 01:21:36,At Checkpoint,2026-05-24,On Track
SHP000779,BAT000779,DRG0779,Amoxicillin 250mg Variant-778,SUP013,Hyderabad Depot,Pune Distribution,18.103364,75.673664,23.7,Normal,81.4,High Humidity Alert,Normal,22.4,96,-109,2026-05-16 00:59:36,In Transit,2026-05-22,On Track
SHP000780,BAT000780,DRG0780,Amoxicillin 250mg Variant-779,SUP002,Bengaluru Pharma Hub,Chennai Port,13.051196,78.829183,34.3,CRITICAL TEMP EXCURSION,37.9,Normal,Minor,1.4,24,-65,2026-05-15 09:02:36,In Transit,2026-05-22,On Track
SHP000781,BAT000781,DRG0781,Amoxicillin 250mg Variant-780,SUP015,Chennai Port,Ahmedabad Hub,17.160483,77.154817,23.4,Normal,56.9,Normal,ALERT: Severe,63.5,60,-94,2026-05-15 08:16:36,In Transit,2026-05-20,On Track
SHP000782,BAT000782,DRG0782,Amoxicillin 250mg Variant-781,SUP015,Bengaluru Pharma Hub,Hyderabad Depot,13.534939,77.715929,27.0,Normal,70.4,Normal,Normal,85.5,54,-50,2026-05-15 11:15:36,In Transit,2026-05-25,On Track
SHP000783,BAT000783,DRG0783,Amoxicillin 250mg Variant-782,SUP006,Hyderabad Depot,Chennai Port,13.290574,80.182153,31.9,CRITICAL TEMP EXCURSION,41.7,Normal,ALERT: Severe,53.1,43,-60,2026-05-15 07:14:36,In Transit,2026-05-18,On Track
SHP000784,BAT000784,DRG0784,Amoxicillin 250mg Variant-783,SUP006,Jaipur Depot,Ahmedabad Hub,24.714328,73.988701,27.6,Normal,58.1,Normal,Normal,22.2,81,-96,2026-05-15 21:17:36,In Transit,2026-05-19,On Track
SHP000785,BAT000785,DRG0785,Amoxicillin 250mg Variant-784,SUP020,Hyderabad Depot,Mumbai Warehouse,17.663714,77.45368,19.8,Normal,71.7,Normal,Normal,1.9,92,-76,2026-05-15 17:58:36,In Transit,2026-05-23,On Track
SHP000786,BAT000786,DRG0786,Amoxicillin 250mg Variant-785,SUP011,Bengaluru Pharma Hub,Mumbai Warehouse,14.431886,76.436815,30.3,CRITICAL TEMP EXCURSION,43.7,Normal,Normal,29.4,23,-79,2026-05-16 03:41:36,In Transit,2026-05-21,On Track
SHP000787,BAT000787,DRG0787,Amoxicillin 250mg Variant-786,SUP001,Pune Distribution,Jaipur Depot,25.686216,75.524246,25.6,Normal,68.4,Normal,Normal,13.7,58,-50,2026-05-15 19:06:36,Delivered,2026-05-20,On Track
SHP000788,BAT000788,DRG0788,Amoxicillin 250mg Variant-787,SUP012,Delhi Cold Hub,Lucknow Store,27.530285,79.459194,19.6,Normal,42.8,Normal,Normal,84.7,86,-106,2026-05-15 10:44:36,In Transit,2026-05-19,On Track
SHP000789,BAT000789,DRG0789,Amoxicillin 250mg Variant-788,SUP020,Pune Distribution,Mumbai Warehouse,18.738761,73.537661,29.5,WARNING: Near Limit,81.2,High Humidity Alert,Normal,55.5,80,-103,2026-05-15 19:22:36,Delayed,2026-05-23,On Track
SHP000790,BAT000790,DRG0790,Amoxicillin 250mg Variant-789,SUP003,Pune Distribution,Lucknow Store,22.613852,77.417533,20.8,Normal,82.7,High Humidity Alert,ALERT: Severe,58.5,55,-84,2026-05-15 22:21:36,In Transit,2026-05-22,On Track
SHP000791,BAT000791,DRG0791,Amoxicillin 250mg Variant-790,SUP002,Delhi Cold Hub,Kolkata Cold Chain,27.838801,78.722318,25.9,Normal,79.0,High Humidity Alert,ALERT: Severe,38.9,60,-102,2026-05-16 06:26:36,In Transit,2026-05-23,On Track
SHP000792,BAT000792,DRG0792,Amoxicillin 250mg Variant-791,SUP017,Kolkata Cold Chain,Delhi Cold Hub,24.440394,84.831673,25.9,Normal,57.6,Normal,Normal,60.1,73,-72,2026-05-15 15:32:36,Delivered,2026-05-17,On Track
SHP000793,BAT000793,DRG0793,Amoxicillin 250mg Variant-792,SUP017,Chennai Port,Hyderabad Depot,16.052657,79.03941,24.1,Normal,71.0,Normal,Minor,3.4,25,-105,2026-05-15 21:02:36,Delivered,2026-05-17,On Track
SHP000794,BAT000794,DRG0794,Amoxicillin 250mg Variant-793,SUP002,Mumbai Warehouse,Hyderabad Depot,18.060136,76.24386,19.2,Normal,62.7,Normal,Normal,25.3,70,-68,2026-05-16 02:50:36,Delivered,2026-05-19,On Track
SHP000795,BAT000795,DRG0795,Amoxicillin 250mg Variant-794,SUP007,Jaipur Depot,Lucknow Store,26.951607,76.372117,22.2,Normal,59.0,Normal,ALERT: Severe,31.8,73,-51,2026-05-15 10:24:36,In Transit,2026-05-21,On Track
SHP000796,BAT000796,DRG0796,Amoxicillin 250mg Variant-795,SUP017,Mumbai Warehouse,Kolkata Cold Chain,20.23414,78.056877,22.6,Normal,39.7,Normal,Normal,1.1,39,-65,2026-05-15 14:05:36,In Transit,2026-05-16,On Track
SHP000797,BAT000797,DRG0797,Amoxicillin 250mg Variant-796,SUP004,Jaipur Depot,Delhi Cold Hub,28.102264,76.723469,20.3,Normal,41.6,Normal,Normal,25.4,79,-77,2026-05-15 23:07:36,Delayed,2026-05-16,On Track
SHP000798,BAT000798,DRG0798,Amoxicillin 250mg Variant-797,SUP001,Hyderabad Depot,Mumbai Warehouse,18.695147,74.220592,25.2,Normal,64.6,Normal,Minor,33.4,52,-88,2026-05-15 21:03:36,At Checkpoint,2026-05-24,On Track
SHP000799,BAT000799,DRG0799,Amoxicillin 250mg Variant-798,SUP020,Hyderabad Depot,Kolkata Cold Chain,19.736764,83.033293,18.4,Normal,53.9,Normal,Minor,46.4,73,-82,2026-05-15 18:01:36,In Transit,2026-05-24,On Track
SHP000800,BAT000800,DRG0800,Amoxicillin 250mg Variant-799,SUP003,Pune Distribution,Ahmedabad Hub,22.500145,72.689082,22.2,Normal,63.4,Normal,Normal,73.9,46,-91,2026-05-15 22:15:36,In Transit,2026-05-24,On Track
SHP000801,BAT000801,DRG0801,Amoxicillin 250mg Variant-800,SUP016,Mumbai Warehouse,Ahmedabad Hub,19.946027,72.765153,32.1,CRITICAL TEMP EXCURSION,75.9,High Humidity Alert,Normal,38.6,47,-95,2026-05-15 14:43:36,Delayed,2026-05-23,Breached
SHP000802,BAT000802,DRG0802,Amoxicillin 250mg Variant-801,SUP016,Hyderabad Depot,Mumbai Warehouse,18.489761,74.688881,19.3,Normal,73.1,Normal,Normal,9.7,56,-75,2026-05-15 14:20:36,Delayed,2026-05-18,Breached
SHP000803,BAT000803,DRG0803,Amoxicillin 250mg Variant-802,SUP015,Delhi Cold Hub,Bengaluru Pharma Hub,24.461658,77.35566,21.5,Normal,47.7,Normal,ALERT: Severe,5.2,63,-92,2026-05-15 10:36:36,In Transit,2026-05-24,On Track
SHP000804,BAT000804,DRG0804,Amoxicillin 250mg Variant-803,SUP012,Mumbai Warehouse,Jaipur Depot,25.688348,75.32989,20.8,Normal,58.1,Normal,Normal,27.9,32,-85,2026-05-15 23:25:36,In Transit,2026-05-19,On Track
SHP000805,BAT000805,DRG0805,Amoxicillin 250mg Variant-804,SUP005,Chennai Port,Hyderabad Depot,15.373608,79.287989,30.5,CRITICAL TEMP EXCURSION,42.3,Normal,Normal,55.4,99,-51,2026-05-15 23:02:36,In Transit,2026-05-23,On Track
SHP000806,BAT000806,DRG0806,Amoxicillin 250mg Variant-805,SUP005,Chennai Port,Delhi Cold Hub,19.887255,78.976824,29.9,WARNING: Near Limit,52.7,Normal,Normal,13.7,99,-79,2026-05-15 07:05:36,In Transit,2026-05-21,On Track
SHP000807,BAT000807,DRG0807,Amoxicillin 250mg Variant-806,SUP011,Delhi Cold Hub,Jaipur Depot,27.571171,76.312495,27.3,Normal,64.8,Normal,Normal,0.4,36,-95,2026-05-16 05:28:36,In Transit,2026-05-19,On Track
SHP000808,BAT000808,DRG0808,Amoxicillin 250mg Variant-807,SUP017,Chennai Port,Mumbai Warehouse,15.338243,77.513592,29.4,WARNING: Near Limit,40.1,Normal,Normal,59.3,86,-74,2026-05-16 05:15:36,In Transit,2026-05-17,On Track
SHP000809,BAT000809,DRG0809,Amoxicillin 250mg Variant-808,SUP003,Jaipur Depot,Bengaluru Pharma Hub,16.147959,77.223724,23.0,Normal,53.7,Normal,ALERT: Severe,48.8,34,-56,2026-05-16 00:36:36,In Transit,2026-05-25,On Track
SHP000810,BAT000810,DRG0810,Amoxicillin 250mg Variant-809,SUP016,Bengaluru Pharma Hub,Ahmedabad Hub,18.24987,74.923888,18.4,Normal,60.6,Normal,Normal,37.5,61,-102,2026-05-15 14:34:36,Delivered,2026-05-25,On Track
SHP000811,BAT000811,DRG0811,Amoxicillin 250mg Variant-810,SUP016,Pune Distribution,Jaipur Depot,25.356102,75.399276,18.2,Normal,38.8,Normal,Normal,62.5,39,-94,2026-05-15 12:25:36,At Checkpoint,2026-05-22,On Track
SHP000812,BAT000812,DRG0812,Amoxicillin 250mg Variant-811,SUP020,Hyderabad Depot,Delhi Cold Hub,20.124553,78.170739,18.5,Normal,81.9,High Humidity Alert,Normal,82.2,24,-66,2026-05-16 01:32:36,Delivered,2026-05-26,On Track
SHP000813,BAT000813,DRG0813,Amoxicillin 250mg Variant-812,SUP004,Kolkata Cold Chain,Delhi Cold Hub,28.159918,78.110853,24.9,Normal,30.4,Normal,Normal,2.2,78,-51,2026-05-16 03:35:36,At Checkpoint,2026-05-25,On Track
SHP000814,BAT000814,DRG0814,Amoxicillin 250mg Variant-813,SUP006,Delhi Cold Hub,Lucknow Store,27.204793,80.264822,28.2,Normal,50.8,Normal,ALERT: Severe,60.9,38,-54,2026-05-15 20:22:36,Delayed,2026-05-23,Breached
SHP000815,BAT000815,DRG0815,Amoxicillin 250mg Variant-814,SUP015,Jaipur Depot,Hyderabad Depot,24.201424,76.540729,30.6,CRITICAL TEMP EXCURSION,71.6,Normal,Minor,9.3,91,-70,2026-05-16 03:12:36,In Transit,2026-05-16,On Track
SHP000816,BAT000816,DRG0816,Amoxicillin 250mg Variant-815,SUP016,Pune Distribution,Delhi Cold Hub,25.532829,76.176106,35.2,CRITICAL TEMP EXCURSION,66.8,Normal,Normal,28.1,24,-78,2026-05-15 18:25:36,Delivered,2026-05-16,On Track
SHP000817,BAT000817,DRG0817,Amoxicillin 250mg Variant-816,SUP014,Lucknow Store,Chennai Port,15.970981,80.451217,21.6,Normal,75.0,Normal,Normal,47.4,28,-109,2026-05-15 23:59:36,In Transit,2026-05-20,On Track
SHP000818,BAT000818,DRG0818,Amoxicillin 250mg Variant-817,SUP008,Pune Distribution,Kolkata Cold Chain,19.619031,77.843904,21.9,Normal,83.7,High Humidity Alert,Minor,24.2,26,-81,2026-05-15 21:36:36,In Transit,2026-05-19,On Track
SHP000819,BAT000819,DRG0819,Amoxicillin 250mg Variant-818,SUP003,Hyderabad Depot,Ahmedabad Hub,18.893719,76.924105,24.3,Normal,30.2,Normal,Normal,22.2,33,-65,2026-05-15 22:56:36,Delivered,2026-05-25,On Track
SHP000820,BAT000820,DRG0820,Amoxicillin 250mg Variant-819,SUP020,Chennai Port,Delhi Cold Hub,15.981748,79.748116,35.0,CRITICAL TEMP EXCURSION,30.9,Normal,Normal,38.4,77,-88,2026-05-15 22:46:36,In Transit,2026-05-26,On Track
SHP000821,BAT000821,DRG0821,Amoxicillin 250mg Variant-820,SUP005,Jaipur Depot,Mumbai Warehouse,24.230363,74.765339,35.0,CRITICAL TEMP EXCURSION,34.5,Normal,Minor,54.2,62,-92,2026-05-15 16:51:36,In Transit,2026-05-18,On Track
SHP000822,BAT000822,DRG0822,Amoxicillin 250mg Variant-821,SUP018,Pune Distribution,Hyderabad Depot,18.059444,75.669805,32.6,CRITICAL TEMP EXCURSION,82.3,High Humidity Alert,Normal,41.7,58,-54,2026-05-15 11:35:36,Delivered,2026-05-26,On Track
SHP000823,BAT000823,DRG0823,Amoxicillin 250mg Variant-822,SUP019,Lucknow Store,Jaipur Depot,26.886401,77.899266,28.8,Normal,43.6,Normal,Normal,2.3,26,-52,2026-05-15 15:11:36,Delivered,2026-05-16,On Track
SHP000824,BAT000824,DRG0824,Amoxicillin 250mg Variant-823,SUP018,Delhi Cold Hub,Ahmedabad Hub,25.940453,74.98996,21.8,Normal,79.9,High Humidity Alert,Minor,17.8,45,-58,2026-05-16 05:29:36,Delivered,2026-05-24,On Track
SHP000825,BAT000825,DRG0825,Amoxicillin 250mg Variant-824,SUP009,Delhi Cold Hub,Lucknow Store,26.925005,80.651153,23.1,Normal,32.9,Normal,Normal,25.0,23,-100,2026-05-16 03:34:36,In Transit,2026-05-20,On Track
SHP000826,BAT000826,DRG0826,Amoxicillin 250mg Variant-825,SUP009,Chennai Port,Delhi Cold Hub,27.787798,77.361384,23.4,Normal,42.5,Normal,Normal,59.9,86,-91,2026-05-15 08:05:36,At Checkpoint,2026-05-22,On Track
SHP000827,BAT000827,DRG0827,Amoxicillin 250mg Variant-826,SUP004,Pune Distribution,Lucknow Store,26.321029,80.570267,26.2,Normal,75.0,Normal,ALERT: Severe,21.1,51,-52,2026-05-16 06:42:36,In Transit,2026-05-20,On Track
SHP000828,BAT000828,DRG0828,Amoxicillin 250mg Variant-827,SUP019,Lucknow Store,Bengaluru Pharma Hub,21.498999,79.641548,26.6,Normal,82.6,High Humidity Alert,Minor,43.0,78,-95,2026-05-16 03:12:36,Delivered,2026-05-19,On Track
SHP000829,BAT000829,DRG0829,Amoxicillin 250mg Variant-828,SUP009,Lucknow Store,Chennai Port,16.359415,80.396035,26.6,Normal,38.4,Normal,Normal,71.4,91,-58,2026-05-15 18:50:36,At Checkpoint,2026-05-22,On Track
SHP000830,BAT000830,DRG0830,Amoxicillin 250mg Variant-829,SUP008,Pune Distribution,Hyderabad Depot,17.53701,77.723415,24.6,Normal,66.5,Normal,Normal,63.1,50,-93,2026-05-15 11:04:36,In Transit,2026-05-17,On Track
SHP000831,BAT000831,DRG0831,Amoxicillin 250mg Variant-830,SUP016,Ahmedabad Hub,Kolkata Cold Chain,22.777739,79.475715,25.7,Normal,56.3,Normal,Normal,74.2,79,-72,2026-05-16 02:28:36,In Transit,2026-05-17,On Track
SHP000832,BAT000832,DRG0832,Amoxicillin 250mg Variant-831,SUP020,Kolkata Cold Chain,Bengaluru Pharma Hub,19.30717,84.744241,20.3,Normal,78.2,High Humidity Alert,Normal,35.4,71,-97,2026-05-15 10:31:36,At Checkpoint,2026-05-25,On Track
SHP000833,BAT000833,DRG0833,Amoxicillin 250mg Variant-832,SUP008,Ahmedabad Hub,Mumbai Warehouse,22.601037,72.650246,22.3,Normal,30.3,Normal,Normal,53.9,50,-94,2026-05-15 08:10:36,In Transit,2026-05-23,On Track
SHP000834,BAT000834,DRG0834,Amoxicillin 250mg Variant-833,SUP018,Delhi Cold Hub,Jaipur Depot,26.926715,75.832559,22.3,Normal,36.9,Normal,ALERT: Severe,4.9,23,-71,2026-05-16 00:49:36,Delivered,2026-05-16,On Track
SHP000835,BAT000835,DRG0835,Amoxicillin 250mg Variant-834,SUP006,Mumbai Warehouse,Lucknow Store,24.285951,78.287477,34.6,CRITICAL TEMP EXCURSION,33.0,Normal,Normal,38.2,73,-106,2026-05-15 10:46:36,Delivered,2026-05-19,On Track
SHP000836,BAT000836,DRG0836,Amoxicillin 250mg Variant-835,SUP006,Jaipur Depot,Chennai Port,16.064415,79.343937,19.0,Normal,82.1,High Humidity Alert,Normal,0.1,91,-78,2026-05-16 01:58:36,Delayed,2026-05-19,On Track
SHP000837,BAT000837,DRG0837,Amoxicillin 250mg Variant-836,SUP012,Chennai Port,Kolkata Cold Chain,20.992721,87.032343,28.7,Normal,69.0,Normal,Minor,76.7,81,-102,2026-05-16 00:02:36,Delayed,2026-05-19,Breached
SHP000838,BAT000838,DRG0838,Amoxicillin 250mg Variant-837,SUP013,Chennai Port,Lucknow Store,20.366336,80.667088,29.4,WARNING: Near Limit,43.5,Normal,Normal,77.0,66,-90,2026-05-15 16:26:36,In Transit,2026-05-25,On Track
SHP000839,BAT000839,DRG0839,Amoxicillin 250mg Variant-838,SUP012,Bengaluru Pharma Hub,Lucknow Store,26.704992,80.908428,30.8,CRITICAL TEMP EXCURSION,52.6,Normal,Normal,47.4,70,-58,2026-05-15 20:56:36,In Transit,2026-05-23,On Track
SHP000840,BAT000840,DRG0840,Amoxicillin 250mg Variant-839,SUP010,Kolkata Cold Chain,Delhi Cold Hub,26.44014,81.268016,19.9,Normal,52.7,Normal,Normal,62.1,75,-72,2026-05-15 22:36:36,Delivered,2026-05-24,On Track
SHP000841,BAT000841,DRG0841,Amoxicillin 250mg Variant-840,SUP010,Hyderabad Depot,Pune Distribution,18.432638,74.21584,23.2,Normal,30.8,Normal,Normal,13.3,93,-68,2026-05-16 04:26:36,Delayed,2026-05-25,On Track
SHP000842,BAT000842,DRG0842,Amoxicillin 250mg Variant-841,SUP017,Bengaluru Pharma Hub,Pune Distribution,13.787914,77.036541,27.7,Normal,74.3,Normal,Normal,15.7,97,-95,2026-05-15 15:00:36,At Checkpoint,2026-05-20,On Track
SHP000843,BAT000843,DRG0843,Amoxicillin 250mg Variant-842,SUP017,Lucknow Store,Pune Distribution,19.772026,74.919546,25.4,Normal,71.9,Normal,Normal,27.1,86,-93,2026-05-15 22:16:36,Delayed,2026-05-26,Breached
SHP000844,BAT000844,DRG0844,Amoxicillin 250mg Variant-843,SUP005,Jaipur Depot,Kolkata Cold Chain,24.748049,82.205734,34.7,CRITICAL TEMP EXCURSION,42.2,Normal,Normal,38.3,23,-72,2026-05-15 13:00:36,In Transit,2026-05-21,On Track
SHP000845,BAT000845,DRG0845,Amoxicillin 250mg Variant-844,SUP007,Jaipur Depot,Ahmedabad Hub,25.083607,74.228923,26.1,Normal,73.0,Normal,Normal,69.4,69,-66,2026-05-16 01:03:36,Delivered,2026-05-24,On Track
SHP000846,BAT000846,DRG0846,Amoxicillin 250mg Variant-845,SUP016,Ahmedabad Hub,Mumbai Warehouse,22.330399,72.583798,26.6,Normal,44.7,Normal,Normal,85.8,79,-100,2026-05-16 02:46:36,Delivered,2026-05-18,On Track
SHP000847,BAT000847,DRG0847,Amoxicillin 250mg Variant-846,SUP001,Kolkata Cold Chain,Lucknow Store,25.6423,82.956237,18.9,Normal,73.8,Normal,Normal,56.0,64,-68,2026-05-15 09:36:36,At Checkpoint,2026-05-25,On Track
SHP000848,BAT000848,DRG0848,Amoxicillin 250mg Variant-847,SUP008,Ahmedabad Hub,Lucknow Store,25.987607,79.063344,20.3,Normal,75.7,High Humidity Alert,Normal,76.7,60,-62,2026-05-15 18:55:36,In Transit,2026-05-25,On Track
SHP000849,BAT000849,DRG0849,Amoxicillin 250mg Variant-848,SUP013,Bengaluru Pharma Hub,Chennai Port,13.028514,79.479422,34.1,CRITICAL TEMP EXCURSION,84.3,High Humidity Alert,Normal,1.1,87,-83,2026-05-16 01:41:36,In Transit,2026-05-22,On Track
SHP000850,BAT000850,DRG0850,Amoxicillin 250mg Variant-849,SUP006,Ahmedabad Hub,Kolkata Cold Chain,22.941709,74.25978,28.2,Normal,41.3,Normal,Normal,71.7,89,-108,2026-05-15 18:24:36,Delivered,2026-05-19,On Track
SHP000851,BAT000851,DRG0851,Amoxicillin 250mg Variant-850,SUP001,Mumbai Warehouse,Jaipur Depot,24.56478,74.879361,25.6,Normal,37.7,Normal,Normal,20.1,41,-59,2026-05-16 02:58:36,In Transit,2026-05-23,On Track
SHP000852,BAT000852,DRG0852,Amoxicillin 250mg Variant-851,SUP020,Jaipur Depot,Lucknow Store,26.866258,76.827264,29.8,WARNING: Near Limit,71.9,Normal,Normal,49.0,39,-99,2026-05-16 06:39:36,Delivered,2026-05-18,On Track
SHP000853,BAT000853,DRG0853,Amoxicillin 250mg Variant-852,SUP017,Mumbai Warehouse,Delhi Cold Hub,24.997123,75.555945,32.8,CRITICAL TEMP EXCURSION,75.6,High Humidity Alert,Normal,39.3,40,-79,2026-05-15 09:49:36,Delayed,2026-05-22,On Track
SHP000854,BAT000854,DRG0854,Amoxicillin 250mg Variant-853,SUP010,Hyderabad Depot,Kolkata Cold Chain,19.043141,81.732245,22.0,Normal,67.6,Normal,Normal,1.6,66,-54,2026-05-16 03:59:36,In Transit,2026-05-24,On Track
SHP000855,BAT000855,DRG0855,Amoxicillin 250mg Variant-854,SUP016,Delhi Cold Hub,Chennai Port,17.945421,79.338396,35.3,CRITICAL TEMP EXCURSION,41.4,Normal,Normal,1.2,73,-110,2026-05-15 15:19:36,In Transit,2026-05-18,On Track
SHP000856,BAT000856,DRG0856,Amoxicillin 250mg Variant-855,SUP009,Hyderabad Depot,Pune Distribution,17.453053,78.312329,35.4,CRITICAL TEMP EXCURSION,66.8,Normal,ALERT: Severe,12.8,55,-98,2026-05-15 15:09:36,In Transit,2026-05-19,On Track
SHP000857,BAT000857,DRG0857,Amoxicillin 250mg Variant-856,SUP006,Lucknow Store,Delhi Cold Hub,28.606388,77.245615,18.4,Normal,63.3,Normal,Normal,63.9,48,-103,2026-05-15 16:20:36,Delivered,2026-05-25,On Track
SHP000858,BAT000858,DRG0858,Amoxicillin 250mg Variant-857,SUP020,Kolkata Cold Chain,Jaipur Depot,24.635317,82.38816,18.0,Normal,50.6,Normal,Normal,5.8,22,-86,2026-05-16 03:21:36,Delivered,2026-05-22,On Track
SHP000859,BAT000859,DRG0859,Amoxicillin 250mg Variant-858,SUP007,Chennai Port,Ahmedabad Hub,13.143861,80.216454,22.0,Normal,31.5,Normal,Normal,65.6,32,-79,2026-05-15 16:51:36,In Transit,2026-05-18,On Track
SHP000860,BAT000860,DRG0860,Amoxicillin 250mg Variant-859,SUP020,Lucknow Store,Kolkata Cold Chain,23.265613,87.054256,30.6,CRITICAL TEMP EXCURSION,49.7,Normal,Normal,73.6,98,-59,2026-05-15 16:49:36,At Checkpoint,2026-05-25,On Track
SHP000861,BAT000861,DRG0861,Amoxicillin 250mg Variant-860,SUP001,Kolkata Cold Chain,Delhi Cold Hub,27.014913,80.174028,26.5,Normal,50.5,Normal,ALERT: Severe,22.0,40,-102,2026-05-15 08:11:36,At Checkpoint,2026-05-16,On Track
SHP000862,BAT000862,DRG0862,Amoxicillin 250mg Variant-861,SUP007,Pune Distribution,Jaipur Depot,25.517619,75.46909,21.6,Normal,49.2,Normal,Normal,66.6,59,-79,2026-05-15 16:56:36,In Transit,2026-05-21,On Track
SHP000863,BAT000863,DRG0863,Amoxicillin 250mg Variant-862,SUP009,Hyderabad Depot,Pune Distribution,17.3987,78.231954,19.9,Normal,47.9,Normal,Minor,61.7,43,-81,2026-05-15 15:32:36,Delayed,2026-05-24,On Track
SHP000864,BAT000864,DRG0864,Amoxicillin 250mg Variant-863,SUP001,Bengaluru Pharma Hub,Kolkata Cold Chain,13.317504,78.023944,18.2,Normal,43.1,Normal,Normal,81.8,65,-59,2026-05-15 12:32:36,At Checkpoint,2026-05-16,On Track
SHP000865,BAT000865,DRG0865,Amoxicillin 250mg Variant-864,SUP013,Lucknow Store,Ahmedabad Hub,26.400823,79.916951,28.1,Normal,75.5,High Humidity Alert,Normal,16.0,48,-87,2026-05-15 06:46:36,In Transit,2026-05-20,On Track
SHP000866,BAT000866,DRG0866,Amoxicillin 250mg Variant-865,SUP012,Pune Distribution,Bengaluru Pharma Hub,18.293264,74.010899,21.9,Normal,57.3,Normal,Minor,88.4,31,-104,2026-05-15 07:31:36,In Transit,2026-05-23,On Track
SHP000867,BAT000867,DRG0867,Amoxicillin 250mg Variant-866,SUP016,Lucknow Store,Jaipur Depot,26.882248,79.819047,29.7,WARNING: Near Limit,54.3,Normal,Normal,29.3,33,-105,2026-05-15 17:28:36,In Transit,2026-05-24,On Track
SHP000868,BAT000868,DRG0868,Amoxicillin 250mg Variant-867,SUP003,Lucknow Store,Pune Distribution,18.794054,74.124863,34.5,CRITICAL TEMP EXCURSION,78.3,High Humidity Alert,ALERT: Severe,83.6,41,-99,2026-05-16 02:46:36,In Transit,2026-05-19,On Track
SHP000869,BAT000869,DRG0869,Amoxicillin 250mg Variant-868,SUP014,Kolkata Cold Chain,Jaipur Depot,25.142866,80.830182,21.3,Normal,53.8,Normal,ALERT: Severe,6.3,84,-70,2026-05-15 11:01:36,At Checkpoint,2026-05-25,On Track
SHP000870,BAT000870,DRG0870,Amoxicillin 250mg Variant-869,SUP010,Lucknow Store,Hyderabad Depot,26.829,80.928488,19.3,Normal,36.4,Normal,Normal,65.7,93,-72,2026-05-15 08:56:36,Delivered,2026-05-25,On Track
SHP000871,BAT000871,DRG0871,Amoxicillin 250mg Variant-870,SUP007,Lucknow Store,Bengaluru Pharma Hub,20.386719,79.425439,29.2,WARNING: Near Limit,80.2,High Humidity Alert,Normal,19.0,82,-63,2026-05-15 12:17:36,At Checkpoint,2026-05-26,On Track
SHP000872,BAT000872,DRG0872,Amoxicillin 250mg Variant-871,SUP002,Pune Distribution,Bengaluru Pharma Hub,15.695234,75.821927,25.4,Normal,51.8,Normal,ALERT: Severe,9.4,53,-61,2026-05-15 22:44:36,At Checkpoint,2026-05-23,On Track
SHP000873,BAT000873,DRG0873,Amoxicillin 250mg Variant-872,SUP018,Kolkata Cold Chain,Hyderabad Depot,22.348193,87.865533,23.6,Normal,57.3,Normal,Normal,55.4,98,-56,2026-05-15 08:26:36,In Transit,2026-05-20,On Track
SHP000874,BAT000874,DRG0874,Amoxicillin 250mg Variant-873,SUP001,Pune Distribution,Ahmedabad Hub,21.614053,72.952831,21.3,Normal,76.7,High Humidity Alert,Normal,40.7,94,-53,2026-05-16 00:56:36,Delayed,2026-05-22,Breached
SHP000875,BAT000875,DRG0875,Amoxicillin 250mg Variant-874,SUP010,Pune Distribution,Chennai Port,14.942871,78.047881,24.8,Normal,67.9,Normal,Normal,84.3,53,-95,2026-05-15 19:06:36,At Checkpoint,2026-05-26,On Track
SHP000876,BAT000876,DRG0876,Amoxicillin 250mg Variant-875,SUP008,Jaipur Depot,Hyderabad Depot,18.140175,78.318662,28.3,Normal,70.7,Normal,Normal,73.1,93,-83,2026-05-15 18:19:36,At Checkpoint,2026-05-21,On Track
SHP000877,BAT000877,DRG0877,Amoxicillin 250mg Variant-876,SUP007,Ahmedabad Hub,Jaipur Depot,26.006733,75.003363,29.8,WARNING: Near Limit,60.4,Normal,Normal,42.9,59,-58,2026-05-15 23:18:36,In Transit,2026-05-26,On Track
SHP000878,BAT000878,DRG0878,Amoxicillin 250mg Variant-877,SUP008,Mumbai Warehouse,Ahmedabad Hub,22.414382,72.575778,26.0,Normal,74.4,Normal,Normal,41.9,69,-104,2026-05-15 07:19:36,Delayed,2026-05-19,Breached
SHP000879,BAT000879,DRG0879,Amoxicillin 250mg Variant-878,SUP001,Mumbai Warehouse,Lucknow Store,22.902097,76.835624,20.3,Normal,69.4,Normal,Minor,28.9,21,-95,2026-05-16 00:17:36,Delivered,2026-05-25,On Track
SHP000880,BAT000880,DRG0880,Amoxicillin 250mg Variant-879,SUP016,Lucknow Store,Pune Distribution,25.770581,80.043515,31.1,CRITICAL TEMP EXCURSION,34.8,Normal,Normal,83.7,70,-90,2026-05-16 00:04:36,In Transit,2026-05-23,On Track
SHP000881,BAT000881,DRG0881,Amoxicillin 250mg Variant-880,SUP008,Hyderabad Depot,Pune Distribution,18.194465,75.302719,23.4,Normal,44.4,Normal,ALERT: Severe,4.8,37,-102,2026-05-15 22:21:36,In Transit,2026-05-23,On Track
SHP000882,BAT000882,DRG0882,Amoxicillin 250mg Variant-881,SUP014,Ahmedabad Hub,Delhi Cold Hub,24.684517,73.908642,31.5,CRITICAL TEMP EXCURSION,49.6,Normal,Normal,31.0,77,-108,2026-05-16 01:40:36,In Transit,2026-05-16,On Track
SHP000883,BAT000883,DRG0883,Amoxicillin 250mg Variant-882,SUP020,Kolkata Cold Chain,Delhi Cold Hub,25.370967,83.109967,29.2,WARNING: Near Limit,73.6,Normal,Minor,24.7,80,-59,2026-05-15 17:22:36,In Transit,2026-05-18,On Track
SHP000884,BAT000884,DRG0884,Amoxicillin 250mg Variant-883,SUP015,Delhi Cold Hub,Jaipur Depot,27.69745,76.417268,19.8,Normal,67.2,Normal,Normal,75.8,61,-109,2026-05-15 15:48:36,Delayed,2026-05-22,Breached
SHP000885,BAT000885,DRG0885,Amoxicillin 250mg Variant-884,SUP015,Bengaluru Pharma Hub,Lucknow Store,25.073909,80.51226,26.5,Normal,31.5,Normal,Normal,26.6,73,-75,2026-05-15 07:01:36,In Transit,2026-05-19,On Track
SHP000886,BAT000886,DRG0886,Amoxicillin 250mg Variant-885,SUP016,Mumbai Warehouse,Chennai Port,16.834999,75.664301,18.6,Normal,83.3,High Humidity Alert,Normal,63.5,74,-110,2026-05-15 13:41:36,Delivered,2026-05-23,On Track
SHP000887,BAT000887,DRG0887,Amoxicillin 250mg Variant-886,SUP009,Jaipur Depot,Chennai Port,14.120167,79.93979,28.3,Normal,40.5,Normal,ALERT: Severe,54.1,53,-67,2026-05-15 16:43:36,In Transit,2026-05-16,On Track
SHP000888,BAT000888,DRG0888,Amoxicillin 250mg Variant-887,SUP010,Jaipur Depot,Bengaluru Pharma Hub,17.26605,77.032105,25.9,Normal,75.1,High Humidity Alert,Normal,85.3,74,-54,2026-05-15 11:32:36,In Transit,2026-05-18,On Track
SHP000889,BAT000889,DRG0889,Amoxicillin 250mg Variant-888,SUP008,Bengaluru Pharma Hub,Lucknow Store,13.827224,77.84752,22.8,Normal,55.2,Normal,Minor,3.3,79,-109,2026-05-16 04:27:36,In Transit,2026-05-26,On Track
SHP000890,BAT000890,DRG0890,Amoxicillin 250mg Variant-889,SUP015,Delhi Cold Hub,Bengaluru Pharma Hub,27.979688,77.258747,25.3,Normal,55.1,Normal,Minor,42.8,40,-52,2026-05-16 02:50:36,Delivered,2026-05-18,On Track
SHP000891,BAT000891,DRG0891,Amoxicillin 250mg Variant-890,SUP005,Delhi Cold Hub,Jaipur Depot,27.528122,76.311732,25.1,Normal,64.9,Normal,Normal,66.7,40,-74,2026-05-15 17:51:36,Delayed,2026-05-25,Breached
SHP000892,BAT000892,DRG0892,Amoxicillin 250mg Variant-891,SUP020,Mumbai Warehouse,Pune Distribution,18.9494,73.063282,18.5,Normal,33.1,Normal,Minor,11.3,38,-78,2026-05-15 22:47:36,Delayed,2026-05-23,Breached
SHP000893,BAT000893,DRG0893,Amoxicillin 250mg Variant-892,SUP017,Chennai Port,Bengaluru Pharma Hub,12.987671,79.034278,23.9,Normal,59.8,Normal,Normal,71.0,90,-51,2026-05-16 01:47:36,In Transit,2026-05-22,On Track
SHP000894,BAT000894,DRG0894,Amoxicillin 250mg Variant-893,SUP001,Hyderabad Depot,Bengaluru Pharma Hub,16.700266,78.378112,18.3,Normal,34.4,Normal,Normal,37.9,93,-75,2026-05-16 04:56:36,In Transit,2026-05-20,On Track
SHP000895,BAT000895,DRG0895,Amoxicillin 250mg Variant-894,SUP005,Kolkata Cold Chain,Lucknow Store,24.14349,85.615169,23.9,Normal,30.7,Normal,Minor,37.5,22,-69,2026-05-15 16:11:36,In Transit,2026-05-23,On Track
SHP000896,BAT000896,DRG0896,Amoxicillin 250mg Variant-895,SUP005,Bengaluru Pharma Hub,Chennai Port,13.123391,80.015779,23.4,Normal,55.6,Normal,Normal,42.2,90,-53,2026-05-15 12:26:36,In Transit,2026-05-16,On Track
SHP000897,BAT000897,DRG0897,Amoxicillin 250mg Variant-896,SUP017,Ahmedabad Hub,Mumbai Warehouse,19.843913,72.796903,23.6,Normal,72.6,Normal,Normal,89.5,31,-101,2026-05-15 09:45:36,At Checkpoint,2026-05-24,On Track
SHP000898,BAT000898,DRG0898,Amoxicillin 250mg Variant-897,SUP002,Lucknow Store,Ahmedabad Hub,23.165657,72.941495,18.7,Normal,62.9,Normal,Minor,71.7,38,-53,2026-05-15 17:03:36,Delayed,2026-05-17,On Track
SHP000899,BAT000899,DRG0899,Amoxicillin 250mg Variant-898,SUP009,Kolkata Cold Chain,Chennai Port,21.390991,87.380709,18.9,Normal,58.4,Normal,Normal,3.0,69,-64,2026-05-15 17:10:36,At Checkpoint,2026-05-24,On Track
SHP000900,BAT000900,DRG0900,Amoxicillin 250mg Variant-899,SUP007,Mumbai Warehouse,Hyderabad Depot,18.984341,73.308411,30.0,WARNING: Near Limit,83.3,High Humidity Alert,Minor,75.4,28,-101,2026-05-15 14:50:36,At Checkpoint,2026-05-24,On Track
SHP000901,BAT000901,DRG0901,Amoxicillin 250mg Variant-900,SUP001,Hyderabad Depot,Delhi Cold Hub,27.293846,77.411845,34.1,CRITICAL TEMP EXCURSION,43.1,Normal,Normal,60.5,54,-105,2026-05-15 17:08:36,In Transit,2026-05-17,On Track
SHP000902,BAT000902,DRG0902,Amoxicillin 250mg Variant-901,SUP012,Lucknow Store,Delhi Cold Hub,28.579075,77.270736,32.6,CRITICAL TEMP EXCURSION,81.2,High Humidity Alert,Normal,42.4,85,-61,2026-05-15 07:21:36,Delivered,2026-05-23,On Track
SHP000903,BAT000903,DRG0903,Amoxicillin 250mg Variant-902,SUP010,Delhi Cold Hub,Pune Distribution,26.890407,76.652152,18.7,Normal,75.5,High Humidity Alert,Normal,25.6,48,-83,2026-05-15 12:02:36,At Checkpoint,2026-05-21,On Track
SHP000904,BAT000904,DRG0904,Amoxicillin 250mg Variant-903,SUP002,Ahmedabad Hub,Kolkata Cold Chain,22.783857,79.766789,26.0,Normal,48.0,Normal,Normal,8.2,93,-51,2026-05-16 06:43:36,In Transit,2026-05-26,On Track
SHP000905,BAT000905,DRG0905,Amoxicillin 250mg Variant-904,SUP008,Ahmedabad Hub,Mumbai Warehouse,19.804783,72.8448,31.1,CRITICAL TEMP EXCURSION,50.5,Normal,Normal,31.3,56,-74,2026-05-15 14:35:36,In Transit,2026-05-26,On Track
SHP000906,BAT000906,DRG0906,Amoxicillin 250mg Variant-905,SUP011,Hyderabad Depot,Bengaluru Pharma Hub,17.191559,78.474922,28.6,Normal,50.0,Normal,Minor,71.2,80,-93,2026-05-15 08:37:36,Delivered,2026-05-26,On Track
SHP000907,BAT000907,DRG0907,Amoxicillin 250mg Variant-906,SUP017,Pune Distribution,Hyderabad Depot,17.526922,77.885763,23.4,Normal,47.0,Normal,Normal,31.2,69,-68,2026-05-15 07:36:36,Delayed,2026-05-25,On Track
SHP000908,BAT000908,DRG0908,Amoxicillin 250mg Variant-907,SUP016,Chennai Port,Bengaluru Pharma Hub,13.034799,80.098841,26.6,Normal,54.2,Normal,Normal,84.7,66,-105,2026-05-16 00:20:36,In Transit,2026-05-23,On Track
SHP000909,BAT000909,DRG0909,Amoxicillin 250mg Variant-908,SUP017,Lucknow Store,Hyderabad Depot,18.659118,78.839997,24.9,Normal,73.1,Normal,Minor,40.3,88,-103,2026-05-15 07:40:36,Delivered,2026-05-16,On Track
SHP000910,BAT000910,DRG0910,Amoxicillin 250mg Variant-909,SUP008,Jaipur Depot,Pune Distribution,24.056388,75.154963,25.2,Normal,32.6,Normal,Normal,46.9,98,-64,2026-05-15 17:24:36,At Checkpoint,2026-05-24,On Track
SHP000911,BAT000911,DRG0911,Amoxicillin 250mg Variant-910,SUP008,Delhi Cold Hub,Chennai Port,24.387126,78.045997,27.8,Normal,48.6,Normal,Normal,15.4,25,-67,2026-05-15 18:36:36,Delivered,2026-05-20,On Track
SHP000912,BAT000912,DRG0912,Amoxicillin 250mg Variant-911,SUP013,Chennai Port,Pune Distribution,13.240201,80.10453,21.1,Normal,72.1,Normal,Normal,13.1,76,-63,2026-05-15 10:34:36,In Transit,2026-05-17,On Track
SHP000913,BAT000913,DRG0913,Amoxicillin 250mg Variant-912,SUP004,Delhi Cold Hub,Lucknow Store,27.347602,79.813292,26.3,Normal,33.9,Normal,Minor,22.5,74,-53,2026-05-15 13:17:36,At Checkpoint,2026-05-24,On Track
SHP000914,BAT000914,DRG0914,Amoxicillin 250mg Variant-913,SUP007,Pune Distribution,Hyderabad Depot,17.548705,77.632081,19.4,Normal,66.6,Normal,Normal,73.7,78,-64,2026-05-15 07:02:36,In Transit,2026-05-26,On Track
SHP000915,BAT000915,DRG0915,Amoxicillin 250mg Variant-914,SUP020,Chennai Port,Jaipur Depot,13.223618,80.271899,35.2,CRITICAL TEMP EXCURSION,44.6,Normal,Normal,55.5,83,-68,2026-05-16 02:10:36,In Transit,2026-05-21,On Track
SHP000916,BAT000916,DRG0916,Amoxicillin 250mg Variant-915,SUP014,Pune Distribution,Chennai Port,15.514284,77.370351,29.1,WARNING: Near Limit,80.7,High Humidity Alert,Minor,77.8,98,-101,2026-05-16 04:33:36,In Transit,2026-05-23,On Track
SHP000917,BAT000917,DRG0917,Amoxicillin 250mg Variant-916,SUP011,Chennai Port,Jaipur Depot,16.936086,78.965657,21.0,Normal,55.1,Normal,Normal,43.4,90,-52,2026-05-15 22:08:36,Delayed,2026-05-23,On Track
SHP000918,BAT000918,DRG0918,Amoxicillin 250mg Variant-917,SUP014,Bengaluru Pharma Hub,Delhi Cold Hub,17.031653,77.461792,18.6,Normal,44.9,Normal,Normal,55.9,43,-83,2026-05-15 15:31:36,Delivered,2026-05-25,On Track
SHP000919,BAT000919,DRG0919,Amoxicillin 250mg Variant-918,SUP018,Jaipur Depot,Lucknow Store,26.865257,79.185014,29.3,WARNING: Near Limit,48.2,Normal,Normal,29.6,53,-54,2026-05-15 15:19:36,In Transit,2026-05-17,On Track
SHP000920,BAT000920,DRG0920,Amoxicillin 250mg Variant-919,SUP014,Hyderabad Depot,Chennai Port,17.40843,78.536941,35.6,CRITICAL TEMP EXCURSION,84.5,High Humidity Alert,Normal,37.4,20,-66,2026-05-15 19:32:36,At Checkpoint,2026-05-22,On Track
SHP000921,BAT000921,DRG0921,Amoxicillin 250mg Variant-920,SUP012,Bengaluru Pharma Hub,Ahmedabad Hub,16.366361,75.971308,21.0,Normal,79.3,High Humidity Alert,Minor,54.3,34,-101,2026-05-15 21:14:36,At Checkpoint,2026-05-20,On Track
SHP000922,BAT000922,DRG0922,Amoxicillin 250mg Variant-921,SUP009,Chennai Port,Ahmedabad Hub,19.078958,75.648825,19.4,Normal,78.8,High Humidity Alert,Normal,36.9,71,-102,2026-05-16 02:14:36,Delayed,2026-05-19,On Track
SHP000923,BAT000923,DRG0923,Amoxicillin 250mg Variant-922,SUP013,Mumbai Warehouse,Ahmedabad Hub,19.17927,72.880384,28.4,Normal,83.2,High Humidity Alert,Normal,34.1,36,-65,2026-05-16 02:17:36,Delivered,2026-05-26,On Track
SHP000924,BAT000924,DRG0924,Amoxicillin 250mg Variant-923,SUP009,Chennai Port,Hyderabad Depot,14.121314,79.822132,27.7,Normal,80.2,High Humidity Alert,ALERT: Severe,67.5,82,-106,2026-05-15 12:25:36,Delivered,2026-05-26,On Track
SHP000925,BAT000925,DRG0925,Amoxicillin 250mg Variant-924,SUP009,Bengaluru Pharma Hub,Chennai Port,13.041956,78.377965,18.8,Normal,74.4,Normal,Normal,56.3,46,-76,2026-05-15 06:54:36,In Transit,2026-05-23,On Track
SHP000926,BAT000926,DRG0926,Amoxicillin 250mg Variant-925,SUP016,Jaipur Depot,Bengaluru Pharma Hub,19.137828,76.820881,32.4,CRITICAL TEMP EXCURSION,34.3,Normal,ALERT: Severe,79.4,64,-71,2026-05-15 13:19:36,In Transit,2026-05-24,On Track
SHP000927,BAT000927,DRG0927,Amoxicillin 250mg Variant-926,SUP005,Kolkata Cold Chain,Lucknow Store,23.555982,86.666479,24.3,Normal,31.6,Normal,ALERT: Severe,76.9,86,-99,2026-05-15 19:11:36,In Transit,2026-05-17,On Track
SHP000928,BAT000928,DRG0928,Amoxicillin 250mg Variant-927,SUP008,Bengaluru Pharma Hub,Jaipur Depot,22.786494,76.329047,21.8,Normal,82.4,High Humidity Alert,Normal,35.1,97,-77,2026-05-15 20:09:36,In Transit,2026-05-24,On Track
SHP000929,BAT000929,DRG0929,Amoxicillin 250mg Variant-928,SUP006,Jaipur Depot,Bengaluru Pharma Hub,13.095788,77.631932,18.4,Normal,38.5,Normal,Normal,7.1,48,-57,2026-05-15 07:43:36,In Transit,2026-05-25,On Track
SHP000930,BAT000930,DRG0930,Amoxicillin 250mg Variant-929,SUP015,Jaipur Depot,Lucknow Store,26.851462,80.289579,20.0,Normal,71.0,Normal,Normal,18.7,75,-50,2026-05-15 17:43:36,At Checkpoint,2026-05-22,On Track
SHP000931,BAT000931,DRG0931,Amoxicillin 250mg Variant-930,SUP018,Chennai Port,Bengaluru Pharma Hub,13.038139,78.187772,19.6,Normal,82.0,High Humidity Alert,ALERT: Severe,59.7,63,-99,2026-05-15 14:39:36,In Transit,2026-05-24,On Track
SHP000932,BAT000932,DRG0932,Amoxicillin 250mg Variant-931,SUP001,Ahmedabad Hub,Kolkata Cold Chain,22.603135,88.037599,29.0,Normal,54.7,Normal,Normal,74.8,76,-105,2026-05-16 06:30:36,Delivered,2026-05-18,On Track
SHP000933,BAT000933,DRG0933,Amoxicillin 250mg Variant-932,SUP012,Jaipur Depot,Hyderabad Depot,19.039571,78.024609,27.1,Normal,83.8,High Humidity Alert,ALERT: Severe,63.4,81,-95,2026-05-15 19:04:36,Delivered,2026-05-18,On Track
SHP000934,BAT000934,DRG0934,Amoxicillin 250mg Variant-933,SUP004,Hyderabad Depot,Bengaluru Pharma Hub,13.630004,77.715875,27.2,Normal,33.1,Normal,Normal,19.2,87,-88,2026-05-15 10:48:36,Delivered,2026-05-19,On Track
SHP000935,BAT000935,DRG0935,Amoxicillin 250mg Variant-934,SUP009,Mumbai Warehouse,Bengaluru Pharma Hub,14.311359,76.551377,20.0,Normal,48.9,Normal,Normal,83.1,22,-91,2026-05-16 01:10:36,In Transit,2026-05-16,On Track
SHP000936,BAT000936,DRG0936,Amoxicillin 250mg Variant-935,SUP020,Bengaluru Pharma Hub,Pune Distribution,14.84934,76.306609,27.5,Normal,67.6,Normal,Minor,71.6,78,-69,2026-05-16 05:25:36,In Transit,2026-05-17,On Track
SHP000937,BAT000937,DRG0937,Amoxicillin 250mg Variant-936,SUP002,Delhi Cold Hub,Kolkata Cold Chain,25.739948,82.561655,34.7,CRITICAL TEMP EXCURSION,53.2,Normal,Normal,36.0,78,-96,2026-05-15 12:44:36,Delivered,2026-05-21,On Track
SHP000938,BAT000938,DRG0938,Amoxicillin 250mg Variant-937,SUP015,Kolkata Cold Chain,Mumbai Warehouse,21.580575,83.765679,21.2,Normal,66.9,Normal,Normal,67.1,46,-99,2026-05-16 00:39:36,At Checkpoint,2026-05-17,On Track
SHP000939,BAT000939,DRG0939,Amoxicillin 250mg Variant-938,SUP018,Bengaluru Pharma Hub,Chennai Port,13.015108,79.054836,23.3,Normal,30.6,Normal,Normal,80.2,50,-67,2026-05-15 09:45:36,In Transit,2026-05-21,On Track
SHP000940,BAT000940,DRG0940,Amoxicillin 250mg Variant-939,SUP019,Lucknow Store,Chennai Port,13.640754,80.251649,25.6,Normal,62.7,Normal,Normal,5.3,36,-50,2026-05-16 05:08:36,In Transit,2026-05-19,On Track
SHP000941,BAT000941,DRG0941,Amoxicillin 250mg Variant-940,SUP010,Lucknow Store,Jaipur Depot,26.810334,80.819057,19.1,Normal,71.8,Normal,Normal,49.0,51,-88,2026-05-15 16:16:36,At Checkpoint,2026-05-25,On Track
SHP000942,BAT000942,DRG0942,Amoxicillin 250mg Variant-941,SUP009,Mumbai Warehouse,Pune Distribution,18.58572,73.799901,34.0,CRITICAL TEMP EXCURSION,82.1,High Humidity Alert,Normal,73.7,46,-81,2026-05-15 21:11:36,In Transit,2026-05-21,On Track
SHP000943,BAT000943,DRG0943,Amoxicillin 250mg Variant-942,SUP012,Kolkata Cold Chain,Ahmedabad Hub,22.595716,88.024466,27.2,Normal,33.9,Normal,Normal,83.3,66,-72,2026-05-15 16:01:36,Delayed,2026-05-25,Breached
SHP000944,BAT000944,DRG0944,Amoxicillin 250mg Variant-943,SUP009,Lucknow Store,Chennai Port,21.981234,80.714277,22.5,Normal,50.2,Normal,Normal,29.2,50,-66,2026-05-15 09:16:36,Delivered,2026-05-18,On Track
SHP000945,BAT000945,DRG0945,Amoxicillin 250mg Variant-944,SUP008,Lucknow Store,Delhi Cold Hub,27.609801,79.276663,28.1,Normal,79.4,High Humidity Alert,Minor,20.2,64,-50,2026-05-16 01:16:36,Delayed,2026-05-21,Breached
SHP000946,BAT000946,DRG0946,Amoxicillin 250mg Variant-945,SUP017,Pune Distribution,Bengaluru Pharma Hub,13.987563,76.875993,24.4,Normal,83.7,High Humidity Alert,Normal,69.7,29,-85,2026-05-15 08:33:36,In Transit,2026-05-17,On Track
SHP000947,BAT000947,DRG0947,Amoxicillin 250mg Variant-946,SUP020,Delhi Cold Hub,Bengaluru Pharma Hub,27.19972,77.232106,21.6,Normal,38.2,Normal,Normal,3.6,37,-80,2026-05-15 09:13:36,Delivered,2026-05-25,On Track
SHP000948,BAT000948,DRG0948,Amoxicillin 250mg Variant-947,SUP005,Chennai Port,Ahmedabad Hub,15.096612,78.739198,35.7,CRITICAL TEMP EXCURSION,40.4,Normal,ALERT: Severe,32.6,50,-99,2026-05-16 03:37:36,In Transit,2026-05-20,On Track
SHP000949,BAT000949,DRG0949,Amoxicillin 250mg Variant-948,SUP009,Chennai Port,Mumbai Warehouse,17.465758,74.793679,20.8,Normal,65.4,Normal,Normal,51.8,31,-99,2026-05-16 03:43:36,At Checkpoint,2026-05-16,On Track
SHP000950,BAT000950,DRG0950,Amoxicillin 250mg Variant-949,SUP005,Pune Distribution,Bengaluru Pharma Hub,16.565612,75.186653,30.2,CRITICAL TEMP EXCURSION,80.9,High Humidity Alert,Normal,54.7,52,-105,2026-05-16 02:05:36,Delayed,2026-05-19,On Track
SHP000951,BAT000951,DRG0951,Amoxicillin 250mg Variant-950,SUP007,Pune Distribution,Chennai Port,16.267868,76.50487,35.8,CRITICAL TEMP EXCURSION,36.3,Normal,Normal,66.7,49,-94,2026-05-15 13:36:36,Delayed,2026-05-21,Breached
SHP000952,BAT000952,DRG0952,Amoxicillin 250mg Variant-951,SUP005,Hyderabad Depot,Lucknow Store,23.088403,79.957674,23.5,Normal,60.1,Normal,Normal,16.7,50,-92,2026-05-16 02:21:36,In Transit,2026-05-17,On Track
SHP000953,BAT000953,DRG0953,Amoxicillin 250mg Variant-952,SUP003,Bengaluru Pharma Hub,Mumbai Warehouse,17.703887,73.985438,24.0,Normal,84.7,High Humidity Alert,Normal,8.3,95,-56,2026-05-15 20:19:36,At Checkpoint,2026-05-16,On Track
SHP000954,BAT000954,DRG0954,Amoxicillin 250mg Variant-953,SUP003,Bengaluru Pharma Hub,Jaipur Depot,26.181419,75.880744,18.8,Normal,50.9,Normal,Normal,27.2,66,-100,2026-05-16 00:19:36,In Transit,2026-05-25,On Track
SHP000955,BAT000955,DRG0955,Amoxicillin 250mg Variant-954,SUP011,Delhi Cold Hub,Mumbai Warehouse,23.676661,74.958146,29.6,WARNING: Near Limit,70.0,Normal,ALERT: Severe,18.6,76,-101,2026-05-15 22:46:36,Delivered,2026-05-26,On Track
SHP000956,BAT000956,DRG0956,Amoxicillin 250mg Variant-955,SUP004,Kolkata Cold Chain,Ahmedabad Hub,22.576859,87.556295,29.9,WARNING: Near Limit,80.1,High Humidity Alert,Normal,1.0,47,-66,2026-05-15 12:02:36,At Checkpoint,2026-05-17,On Track
SHP000957,BAT000957,DRG0957,Amoxicillin 250mg Variant-956,SUP001,Lucknow Store,Delhi Cold Hub,28.445038,77.626016,34.9,CRITICAL TEMP EXCURSION,31.7,Normal,Normal,65.0,40,-109,2026-05-15 22:15:36,In Transit,2026-05-20,On Track
SHP000958,BAT000958,DRG0958,Amoxicillin 250mg Variant-957,SUP005,Lucknow Store,Pune Distribution,23.313394,77.856388,23.7,Normal,51.5,Normal,Normal,74.4,83,-81,2026-05-15 18:54:36,Delayed,2026-05-18,Breached
SHP000959,BAT000959,DRG0959,Amoxicillin 250mg Variant-958,SUP008,Ahmedabad Hub,Bengaluru Pharma Hub,20.782606,73.732704,22.7,Normal,75.9,High Humidity Alert,ALERT: Severe,44.8,84,-64,2026-05-16 04:07:36,In Transit,2026-05-26,On Track
SHP000960,BAT000960,DRG0960,Amoxicillin 250mg Variant-959,SUP001,Mumbai Warehouse,Pune Distribution,18.666889,73.626011,18.4,Normal,40.3,Normal,Minor,55.1,46,-107,2026-05-15 16:15:36,Delivered,2026-05-23,On Track
SHP000961,BAT000961,DRG0961,Amoxicillin 250mg Variant-960,SUP017,Mumbai Warehouse,Lucknow Store,21.77052,75.654577,28.0,Normal,51.8,Normal,ALERT: Severe,54.4,37,-61,2026-05-15 22:17:36,In Transit,2026-05-23,On Track
SHP000962,BAT000962,DRG0962,Amoxicillin 250mg Variant-961,SUP015,Mumbai Warehouse,Lucknow Store,22.932357,76.838527,27.4,Normal,61.9,Normal,Normal,24.7,26,-75,2026-05-15 16:23:36,In Transit,2026-05-19,On Track
SHP000963,BAT000963,DRG0963,Amoxicillin 250mg Variant-962,SUP002,Bengaluru Pharma Hub,Hyderabad Depot,14.32231,77.890572,28.7,Normal,72.8,Normal,Normal,25.7,89,-66,2026-05-15 12:47:36,At Checkpoint,2026-05-19,On Track
SHP000964,BAT000964,DRG0964,Amoxicillin 250mg Variant-963,SUP003,Lucknow Store,Bengaluru Pharma Hub,23.452925,80.153622,23.9,Normal,37.8,Normal,Normal,82.2,38,-67,2026-05-15 17:59:36,At Checkpoint,2026-05-21,On Track
SHP000965,BAT000965,DRG0965,Amoxicillin 250mg Variant-964,SUP001,Chennai Port,Pune Distribution,14.840024,78.212692,28.7,Normal,82.5,High Humidity Alert,Normal,86.7,59,-77,2026-05-16 01:06:36,In Transit,2026-05-22,On Track
SHP000966,BAT000966,DRG0966,Amoxicillin 250mg Variant-965,SUP015,Ahmedabad Hub,Jaipur Depot,25.174551,74.3959,28.5,Normal,76.3,High Humidity Alert,Normal,13.1,50,-76,2026-05-16 06:10:36,In Transit,2026-05-20,On Track
SHP000967,BAT000967,DRG0967,Amoxicillin 250mg Variant-966,SUP015,Hyderabad Depot,Kolkata Cold Chain,18.695991,80.989826,27.6,Normal,58.4,Normal,ALERT: Severe,43.2,54,-104,2026-05-15 17:20:36,In Transit,2026-05-23,On Track
SHP000968,BAT000968,DRG0968,Amoxicillin 250mg Variant-967,SUP010,Delhi Cold Hub,Bengaluru Pharma Hub,27.983045,77.219618,20.0,Normal,54.3,Normal,Normal,3.4,53,-88,2026-05-15 13:13:36,In Transit,2026-05-16,On Track
SHP000969,BAT000969,DRG0969,Amoxicillin 250mg Variant-968,SUP019,Jaipur Depot,Delhi Cold Hub,27.128735,75.920284,32.6,CRITICAL TEMP EXCURSION,59.9,Normal,ALERT: Severe,28.0,47,-66,2026-05-15 17:48:36,In Transit,2026-05-17,On Track
SHP000970,BAT000970,DRG0970,Amoxicillin 250mg Variant-969,SUP004,Kolkata Cold Chain,Jaipur Depot,24.187169,83.558256,31.2,CRITICAL TEMP EXCURSION,50.6,Normal,Normal,46.5,41,-85,2026-05-16 05:59:36,In Transit,2026-05-21,On Track
SHP000971,BAT000971,DRG0971,Amoxicillin 250mg Variant-970,SUP005,Pune Distribution,Chennai Port,16.444119,76.263964,24.0,Normal,43.6,Normal,Minor,67.8,49,-79,2026-05-15 15:19:36,In Transit,2026-05-20,On Track
SHP000972,BAT000972,DRG0972,Amoxicillin 250mg Variant-971,SUP005,Mumbai Warehouse,Hyderabad Depot,18.615425,74.481959,21.4,Normal,48.6,Normal,Minor,31.9,72,-60,2026-05-15 16:16:36,In Transit,2026-05-16,On Track
SHP000973,BAT000973,DRG0973,Amoxicillin 250mg Variant-972,SUP020,Hyderabad Depot,Mumbai Warehouse,18.783696,73.757697,19.7,Normal,57.3,Normal,Normal,86.1,86,-86,2026-05-15 10:42:36,Delivered,2026-05-20,On Track
SHP000974,BAT000974,DRG0974,Amoxicillin 250mg Variant-973,SUP009,Bengaluru Pharma Hub,Delhi Cold Hub,23.187318,77.369926,27.6,Normal,51.5,Normal,Minor,20.9,67,-68,2026-05-16 04:51:36,At Checkpoint,2026-05-21,On Track
SHP000975,BAT000975,DRG0975,Amoxicillin 250mg Variant-974,SUP004,Ahmedabad Hub,Mumbai Warehouse,19.164108,72.847389,25.3,Normal,34.7,Normal,ALERT: Severe,82.7,66,-108,2026-05-15 12:11:36,In Transit,2026-05-17,On Track
SHP000976,BAT000976,DRG0976,Amoxicillin 250mg Variant-975,SUP002,Hyderabad Depot,Kolkata Cold Chain,21.582455,86.458922,29.4,WARNING: Near Limit,43.2,Normal,Minor,56.6,91,-93,2026-05-16 00:18:36,Delayed,2026-05-23,On Track
SHP000977,BAT000977,DRG0977,Amoxicillin 250mg Variant-976,SUP006,Mumbai Warehouse,Lucknow Store,24.413038,78.451956,26.6,Normal,61.7,Normal,ALERT: Severe,11.2,43,-72,2026-05-15 18:37:36,In Transit,2026-05-20,On Track
SHP000978,BAT000978,DRG0978,Amoxicillin 250mg Variant-977,SUP007,Lucknow Store,Kolkata Cold Chain,25.001398,84.082916,34.5,CRITICAL TEMP EXCURSION,68.3,Normal,ALERT: Severe,62.8,65,-56,2026-05-15 15:53:36,In Transit,2026-05-23,On Track
SHP000979,BAT000979,DRG0979,Amoxicillin 250mg Variant-978,SUP014,Pune Distribution,Bengaluru Pharma Hub,15.790005,75.688705,26.9,Normal,84.8,High Humidity Alert,ALERT: Severe,77.8,77,-97,2026-05-15 21:30:36,In Transit,2026-05-23,On Track
SHP000980,BAT000980,DRG0980,Amoxicillin 250mg Variant-979,SUP018,Lucknow Store,Chennai Port,17.233465,80.443709,19.4,Normal,52.5,Normal,Normal,49.6,40,-83,2026-05-15 21:14:36,Delayed,2026-05-24,On Track
SHP000981,BAT000981,DRG0981,Amoxicillin 250mg Variant-980,SUP020,Delhi Cold Hub,Mumbai Warehouse,28.102688,76.975863,19.2,Normal,67.6,Normal,Minor,25.5,63,-82,2026-05-15 16:55:36,In Transit,2026-05-19,On Track
SHP000982,BAT000982,DRG0982,Amoxicillin 250mg Variant-981,SUP005,Mumbai Warehouse,Chennai Port,13.865933,79.382854,21.4,Normal,68.4,Normal,Normal,15.6,51,-90,2026-05-15 18:46:36,In Transit,2026-05-24,On Track
SHP000983,BAT000983,DRG0983,Amoxicillin 250mg Variant-982,SUP004,Hyderabad Depot,Lucknow Store,21.976172,79.706573,28.3,Normal,66.2,Normal,Minor,89.4,35,-68,2026-05-15 23:38:36,In Transit,2026-05-18,On Track
SHP000984,BAT000984,DRG0984,Amoxicillin 250mg Variant-983,SUP002,Kolkata Cold Chain,Pune Distribution,21.053143,82.920056,27.9,Normal,48.8,Normal,Minor,11.7,28,-57,2026-05-15 12:50:36,Delivered,2026-05-16,On Track
SHP000985,BAT000985,DRG0985,Amoxicillin 250mg Variant-984,SUP019,Jaipur Depot,Chennai Port,25.925202,76.064721,19.4,Normal,84.4,High Humidity Alert,Normal,6.8,71,-94,2026-05-15 22:03:36,Delivered,2026-05-26,On Track
SHP000986,BAT000986,DRG0986,Amoxicillin 250mg Variant-985,SUP009,Delhi Cold Hub,Lucknow Store,26.88346,80.917914,23.5,Normal,74.0,Normal,Normal,65.8,58,-55,2026-05-15 14:02:36,In Transit,2026-05-26,On Track
SHP000987,BAT000987,DRG0987,Amoxicillin 250mg Variant-986,SUP001,Jaipur Depot,Lucknow Store,26.88257,80.260533,24.0,Normal,69.7,Normal,Normal,87.3,91,-67,2026-05-15 13:50:36,Delivered,2026-05-16,On Track
SHP000988,BAT000988,DRG0988,Amoxicillin 250mg Variant-987,SUP016,Mumbai Warehouse,Ahmedabad Hub,21.326029,72.719327,20.1,Normal,81.2,High Humidity Alert,Normal,7.8,91,-57,2026-05-16 05:41:36,At Checkpoint,2026-05-18,On Track
SHP000989,BAT000989,DRG0989,Amoxicillin 250mg Variant-988,SUP004,Bengaluru Pharma Hub,Kolkata Cold Chain,17.656722,82.752975,22.9,Normal,70.0,Normal,Normal,48.7,66,-52,2026-05-15 23:48:36,At Checkpoint,2026-05-19,On Track
SHP000990,BAT000990,DRG0990,Amoxicillin 250mg Variant-989,SUP015,Lucknow Store,Pune Distribution,23.012799,77.679718,24.4,Normal,83.6,High Humidity Alert,ALERT: Severe,0.1,21,-98,2026-05-15 07:26:36,Delayed,2026-05-23,Breached
SHP000991,BAT000991,DRG0991,Amoxicillin 250mg Variant-990,SUP003,Lucknow Store,Mumbai Warehouse,23.404132,77.338177,24.3,Normal,58.2,Normal,ALERT: Severe,37.5,75,-62,2026-05-15 10:57:36,In Transit,2026-05-18,On Track
SHP000992,BAT000992,DRG0992,Amoxicillin 250mg Variant-991,SUP009,Mumbai Warehouse,Ahmedabad Hub,22.264812,72.653122,28.7,Normal,58.3,Normal,Normal,45.4,96,-101,2026-05-15 07:47:36,Delayed,2026-05-22,Breached
SHP000993,BAT000993,DRG0993,Amoxicillin 250mg Variant-992,SUP003,Chennai Port,Jaipur Depot,19.162274,78.315258,22.2,Normal,76.9,High Humidity Alert,Normal,60.6,54,-59,2026-05-15 19:08:36,Delivered,2026-05-21,On Track
SHP000994,BAT000994,DRG0994,Amoxicillin 250mg Variant-993,SUP016,Ahmedabad Hub,Bengaluru Pharma Hub,18.719574,74.734359,33.6,CRITICAL TEMP EXCURSION,38.8,Normal,Normal,40.2,95,-93,2026-05-15 13:44:36,Delivered,2026-05-25,On Track
SHP000995,BAT000995,DRG0995,Amoxicillin 250mg Variant-994,SUP009,Pune Distribution,Mumbai Warehouse,19.028365,72.98502,19.6,Normal,38.2,Normal,Normal,39.4,42,-85,2026-05-15 09:52:36,In Transit,2026-05-16,On Track
SHP000996,BAT000996,DRG0996,Amoxicillin 250mg Variant-995,SUP005,Hyderabad Depot,Bengaluru Pharma Hub,13.64388,77.777939,20.1,Normal,81.0,High Humidity Alert,Normal,20.0,21,-71,2026-05-16 05:37:36,Delivered,2026-05-20,On Track
SHP000997,BAT000997,DRG0997,Amoxicillin 250mg Variant-996,SUP004,Mumbai Warehouse,Kolkata Cold Chain,19.828733,76.396115,30.9,CRITICAL TEMP EXCURSION,55.6,Normal,ALERT: Severe,43.1,35,-102,2026-05-15 19:03:36,Delayed,2026-05-24,Breached
SHP000998,BAT000998,DRG0998,Amoxicillin 250mg Variant-997,SUP017,Lucknow Store,Mumbai Warehouse,26.395947,80.481229,22.8,Normal,80.8,High Humidity Alert,Normal,54.0,46,-98,2026-05-16 02:06:36,Delivered,2026-05-22,On Track
SHP000999,BAT000999,DRG0999,Amoxicillin 250mg Variant-998,SUP012,Hyderabad Depot,Lucknow Store,26.742563,80.93204,22.8,Normal,72.5,Normal,Minor,20.8,37,-53,2026-05-15 23:16:36,Delivered,2026-05-26,On Track
SHP001000,BAT001000,DRG1000,Amoxicillin 250mg Variant-999,SUP005,Bengaluru Pharma Hub,Lucknow Store,17.65574,78.684352,20.8,Normal,55.9,Normal,ALERT: Severe,62.9,26,-110,2026-05-15 12:12:36,Delayed,2026-05-25,Breached
